[?2026h[?25l[1Gpulling manifest ⠋ [K[?25h[?2026l[?2026h[?25l[1Gpulling manifest ⠙ [K[?25h[?2026l[?2026h[?25l[1Gpulling manifest ⠹ [K[?25h[?2026l[?2026h[?25l[1Gpulling manifest ⠸ [K[?25h[?2026l[?2026h[?25l[1Gpulling manifest ⠼ [K[?25h[?2026l[?2026h[?25l[1Gpulling manifest ⠴ [K[?25h[?2026l[?2026h[?25l[1Gpulling manifest ⠦ [K[?25h[?2026l[?2026h[?25l[1Gpulling manifest ⠧ [K[?25h[?2026l[?2026h[?25l[1Gpulling manifest ⠇ [K[?25h[?2026l[?2026h[?25l[1Gpulling manifest ⠏ [K[?25h[?2026l[?2026h[?25l[1Gpulling manifest ⠋ [K[?25h[?2026l[?2026h[?25l[1Gpulling manifest ⠙ [K[?25h[?2026l[?2026h[?25l[1Gpulling manifest ⠹ [K[?25h[?2026l[?2026h[?25l[1Gpulling manifest ⠸ [K[?25h[?2026l[?2026h[?25l[1Gpulling manifest ⠼ [K[?25h[?2026l[?2026h[?25l[1Gpulling manifest ⠴ [K[?25h[?2026l[?2026h[?25l[1Gpulling manifest [K
pulling 667b0c1932bc:   0% ▕                  ▏ 1.5 MB/4.9 GB                  [K[?25h[?2026l[?2026h[?25l[A[1Gpulling manifest [K
pulling 667b0c1932bc:   0% ▕                  ▏ 5.4 MB/4.9 GB                  [K[?25h[?2026l[?2026h[?25l[A[1Gpulling manifest [K
pulling 667b0c1932bc:   0% ▕                  ▏ 7.4 MB/4.9 GB                  [K[?25h[?2026l[?2026h[?25l[A[1Gpulling manifest [K
pulling 667b0c1932bc:   0% ▕                  ▏  11 MB/4.9 GB                  [K[?25h[?2026l[?2026h[?25l[A[1Gpulling manifest [K
pulling 667b0c1932bc:   0% ▕                  ▏  15 MB/4.9 GB                  [K[?25h[?2026l[?2026h[?25l[A[1Gpulling manifest [K
pulling 667b0c1932bc:   0% ▕                  ▏  17 MB/4.9 GB                  [K[?25h[?2026l[?2026h[?25l[A[1Gpulling manifest [K
pulling 667b0c1932bc:   0% ▕                  ▏  21 MB/4.9 GB                  [K[?25h[?2026l[?2026h[?25l[A[1Gpulling manifest [K
pulling 667b0c1932bc:   1% ▕                  ▏  25 MB/4.9 GB                  [K[?25h[?2026l[?2026h[?25l[A[1Gpulling manifest [K
pulling 667b0c1932bc:   1% ▕                  ▏  26 MB/4.9 GB                  [K[?25h[?2026l[?2026h[?25l[A[1Gpulling manifest [K
pulling 667b0c1932bc:   1% ▕                  ▏  30 MB/4.9 GB                  [K[?25h[?2026l[?2026h[?25l[A[1Gpulling manifest [K
pulling 667b0c1932bc:   1% ▕                  ▏  34 MB/4.9 GB   33 MB/s   2m27s[K[?25h[?2026l[?2026h[?25l[A[1Gpulling manifest [K
pulling 667b0c1932bc:   1% ▕                  ▏  36 MB/4.9 GB   33 MB/s   2m27s[K[?25h[?2026l[?2026h[?25l[A[1Gpulling manifest [K
pulling 667b0c1932bc:   1% ▕                  ▏  40 MB/4.9 GB   33 MB/s   2m27s[K[?25h[?2026l[?2026h[?25l[A[1Gpulling manifest [K
pulling 667b0c1932bc:   1% ▕                  ▏  44 MB/4.9 GB   33 MB/s   2m27s[K[?25h[?2026l[?2026h[?25l[A[1Gpulling manifest [K
pulling 667b0c1932bc:   1% ▕                  ▏  46 MB/4.9 GB   33 MB/s   2m27s[K[?25h[?2026l[?2026h[?25l[A[1Gpulling manifest [K
pulling 667b0c1932bc:   1% ▕                  ▏  50 MB/4.9 GB   33 MB/s   2m27s[K[?25h[?2026l[?2026h[?25l[A[1Gpulling manifest [K
pulling 667b0c1932bc:   1% ▕                  ▏  54 MB/4.9 GB   33 MB/s   2m27s[K[?25h[?2026l[?2026h[?25l[A[1Gpulling manifest [K
pulling 667b0c1932bc:   1% ▕                  ▏  56 MB/4.9 GB   33 MB/s   2m27s[K[?25h[?2026l[?2026h[?25l[A[1Gpulling manifest [K
pulling 667b0c1932bc:   1% ▕                  ▏  60 MB/4.9 GB   33 MB/s   2m27s[K[?25h[?2026l[?2026h[?25l[A[1Gpulling manifest [K
pulling 667b0c1932bc:   1% ▕                  ▏  64 MB/4.9 GB   33 MB/s   2m27s[K[?25h[?2026l[?2026h[?25l[A[1Gpulling manifest [K
pulling 667b0c1932bc:   1% ▕                  ▏  66 MB/4.9 GB   33 MB/s   2m27s[K[?25h[?2026l[?2026h[?25l[A[1Gpulling manifest [K
pulling 667b0c1932bc:   1% ▕                  ▏  70 MB/4.9 GB   33 MB/s   2m25s[K[?25h[?2026l[?2026h[?25l[A[1Gpulling manifest [K
pulling 667b0c1932bc:   2% ▕                  ▏  73 MB/4.9 GB   33 MB/s   2m25s[K[?25h[?2026l[?2026h[?25l[A[1Gpulling manifest [K
pulling 667b0c1932bc:   2% ▕                  ▏  75 MB/4.9 GB   33 MB/s   2m25s[K[?25h[?2026l[?2026h[?25l[A[1Gpulling manifest [K
pulling 667b0c1932bc:   2% ▕                  ▏  79 MB/4.9 GB   33 MB/s   2m25s[K[?25h[?2026l[?2026h[?25l[A[1Gpulling manifest [K
pulling 667b0c1932bc:   2% ▕                  ▏  83 MB/4.9 GB   33 MB/s   2m25s[K[?25h[?2026l[?2026h[?25l[A[1Gpulling manifest [K
pulling 667b0c1932bc:   2% ▕                  ▏  85 MB/4.9 GB   33 MB/s   2m25s[K[?25h[?2026l[?2026h[?25l[A[1Gpulling manifest [K
pulling 667b0c1932bc:   2% ▕                  ▏  89 MB/4.9 GB   33 MB/s   2m25s[K[?25h[?2026l[?2026h[?25l[A[1Gpulling manifest [K
pulling 667b0c1932bc:   2% ▕                  ▏  93 MB/4.9 GB   33 MB/s   2m24s[K[?25h[?2026l[?2026h[?25l[A[1Gpulling manifest [K
pulling 667b0c1932bc:   2% ▕                  ▏  95 MB/4.9 GB   33 MB/s   2m24s[K[?25h[?2026l[?2026h[?25l[A[1Gpulling manifest [K
pulling 667b0c1932bc:   2% ▕                  ▏  99 MB/4.9 GB   33 MB/s   2m24s[K[?25h[?2026l[?2026h[?25l[A[1Gpulling manifest [K
pulling 667b0c1932bc:   2% ▕                  ▏ 103 MB/4.9 GB   33 MB/s   2m24s[K[?25h[?2026l[?2026h[?25l[A[1Gpulling manifest [K
pulling 667b0c1932bc:   2% ▕                  ▏ 105 MB/4.9 GB   33 MB/s   2m24s[K[?25h[?2026l[?2026h[?25l[A[1Gpulling manifest [K
pulling 667b0c1932bc:   2% ▕                  ▏ 109 MB/4.9 GB   33 MB/s   2m24s[K[?25h[?2026l[?2026h[?25l[A[1Gpulling manifest [K
pulling 667b0c1932bc:   2% ▕                  ▏ 113 MB/4.9 GB   33 MB/s   2m24s[K[?25h[?2026l[?2026h[?25l[A[1Gpulling manifest [K
pulling 667b0c1932bc:   2% ▕                  ▏ 115 MB/4.9 GB   33 MB/s   2m23s[K[?25h[?2026l[?2026h[?25l[A[1Gpulling manifest [K
pulling 667b0c1932bc:   2% ▕                  ▏ 118 MB/4.9 GB   33 MB/s   2m23s[K[?25h[?2026l[?2026h[?25l[A[1Gpulling manifest [K
pulling 667b0c1932bc:   2% ▕                  ▏ 122 MB/4.9 GB   33 MB/s   2m23s[K[?25h[?2026l[?2026h[?25l[A[1Gpulling manifest [K
pulling 667b0c1932bc:   3% ▕                  ▏ 124 MB/4.9 GB   33 MB/s   2m23s[K[?25h[?2026l[?2026h[?25l[A[1Gpulling manifest [K
pulling 667b0c1932bc:   3% ▕                  ▏ 128 MB/4.9 GB   33 MB/s   2m23s[K[?25h[?2026l[?2026h[?25l[A[1Gpulling manifest [K
pulling 667b0c1932bc:   3% ▕                  ▏ 132 MB/4.9 GB   33 MB/s   2m23s[K[?25h[?2026l[?2026h[?25l[A[1Gpulling manifest [K
pulling 667b0c1932bc:   3% ▕                  ▏ 134 MB/4.9 GB   33 MB/s   2m23s[K[?25h[?2026l[?2026h[?25l[A[1Gpulling manifest [K
pulling 667b0c1932bc:   3% ▕                  ▏ 138 MB/4.9 GB   33 MB/s   2m23s[K[?25h[?2026l[?2026h[?25l[A[1Gpulling manifest [K
pulling 667b0c1932bc:   3% ▕                  ▏ 142 MB/4.9 GB   33 MB/s   2m23s[K[?25h[?2026l[?2026h[?25l[A[1Gpulling manifest [K
pulling 667b0c1932bc:   3% ▕                  ▏ 144 MB/4.9 GB   33 MB/s   2m23s[K[?25h[?2026l[?2026h[?25l[A[1Gpulling manifest [K
pulling 667b0c1932bc:   3% ▕                  ▏ 148 MB/4.9 GB   33 MB/s   2m23s[K[?25h[?2026l[?2026h[?25l[A[1Gpulling manifest [K
pulling 667b0c1932bc:   3% ▕                  ▏ 152 MB/4.9 GB   33 MB/s   2m23s[K[?25h[?2026l[?2026h[?25l[A[1Gpulling manifest [K
pulling 667b0c1932bc:   3% ▕                  ▏ 154 MB/4.9 GB   33 MB/s   2m23s[K[?25h[?2026l[?2026h[?25l[A[1Gpulling manifest [K
pulling 667b0c1932bc:   3% ▕                  ▏ 158 MB/4.9 GB   33 MB/s   2m23s[K[?25h[?2026l[?2026h[?25l[A[1Gpulling manifest [K
pulling 667b0c1932bc:   3% ▕                  ▏ 162 MB/4.9 GB   33 MB/s   2m23s[K[?25h[?2026l[?2026h[?25l[A[1Gpulling manifest [K
pulling 667b0c1932bc:   3% ▕                  ▏ 164 MB/4.9 GB   33 MB/s   2m22s[K[?25h[?2026l[?2026h[?25l[A[1Gpulling manifest [K
pulling 667b0c1932bc:   3% ▕                  ▏ 168 MB/4.9 GB   33 MB/s   2m22s[K[?25h[?2026l[?2026h[?25l[A[1Gpulling manifest [K
pulling 667b0c1932bc:   3% ▕                  ▏ 172 MB/4.9 GB   33 MB/s   2m22s[K[?25h[?2026l[?2026h[?25l[A[1Gpulling manifest [K
pulling 667b0c1932bc:   4% ▕                  ▏ 174 MB/4.9 GB   33 MB/s   2m22s[K[?25h[?2026l[?2026h[?25l[A[1Gpulling manifest [K
pulling 667b0c1932bc:   4% ▕                  ▏ 177 MB/4.9 GB   33 MB/s   2m22s[K[?25h[?2026l[?2026h[?25l[A[1Gpulling manifest [K
pulling 667b0c1932bc:   4% ▕                  ▏ 181 MB/4.9 GB   33 MB/s   2m22s[K[?25h[?2026l[?2026h[?25l[A[1Gpulling manifest [K
pulling 667b0c1932bc:   4% ▕                  ▏ 183 MB/4.9 GB   33 MB/s   2m22s[K[?25h[?2026l[?2026h[?25l[A[1Gpulling manifest [K
pulling 667b0c1932bc:   4% ▕                  ▏ 187 MB/4.9 GB   33 MB/s   2m21s[K[?25h[?2026l[?2026h[?25l[A[1Gpulling manifest [K
pulling 667b0c1932bc:   4% ▕                  ▏ 191 MB/4.9 GB   33 MB/s   2m21s[K[?25h[?2026l[?2026h[?25l[A[1Gpulling manifest [K
pulling 667b0c1932bc:   4% ▕                  ▏ 193 MB/4.9 GB   33 MB/s   2m21s[K[?25h[?2026l[?2026h[?25l[A[1Gpulling manifest [K
pulling 667b0c1932bc:   4% ▕                  ▏ 197 MB/4.9 GB   33 MB/s   2m21s[K[?25h[?2026l[?2026h[?25l[A[1Gpulling manifest [K
pulling 667b0c1932bc:   4% ▕                  ▏ 201 MB/4.9 GB   33 MB/s   2m21s[K[?25h[?2026l[?2026h[?25l[A[1Gpulling manifest [K
pulling 667b0c1932bc:   4% ▕                  ▏ 203 MB/4.9 GB   33 MB/s   2m21s[K[?25h[?2026l[?2026h[?25l[A[1Gpulling manifest [K
pulling 667b0c1932bc:   4% ▕                  ▏ 207 MB/4.9 GB   33 MB/s   2m21s[K[?25h[?2026l[?2026h[?25l[A[1Gpulling manifest [K
pulling 667b0c1932bc:   4% ▕                  ▏ 211 MB/4.9 GB   33 MB/s   2m21s[K[?25h[?2026l[?2026h[?25l[A[1Gpulling manifest [K
pulling 667b0c1932bc:   4% ▕                  ▏ 213 MB/4.9 GB   33 MB/s   2m21s[K[?25h[?2026l[?2026h[?25l[A[1Gpulling manifest [K
pulling 667b0c1932bc:   4% ▕                  ▏ 217 MB/4.9 GB   33 MB/s   2m20s[K[?25h[?2026l[?2026h[?25l[A[1Gpulling manifest [K
pulling 667b0c1932bc:   4% ▕                  ▏ 221 MB/4.9 GB   33 MB/s   2m20s[K[?25h[?2026l[?2026h[?25l[A[1Gpulling manifest [K
pulling 667b0c1932bc:   5% ▕                  ▏ 223 MB/4.9 GB   33 MB/s   2m20s[K[?25h[?2026l[?2026h[?25l[A[1Gpulling manifest [K
pulling 667b0c1932bc:   5% ▕                  ▏ 227 MB/4.9 GB   33 MB/s   2m20s[K[?25h[?2026l[?2026h[?25l[A[1Gpulling manifest [K
pulling 667b0c1932bc:   5% ▕                  ▏ 231 MB/4.9 GB   33 MB/s   2m20s[K[?25h[?2026l[?2026h[?25l[A[1Gpulling manifest [K
pulling 667b0c1932bc:   5% ▕                  ▏ 233 MB/4.9 GB   33 MB/s   2m20s[K[?25h[?2026l[?2026h[?25l[A[1Gpulling manifest [K
pulling 667b0c1932bc:   5% ▕                  ▏ 237 MB/4.9 GB   33 MB/s   2m20s[K[?25h[?2026l[?2026h[?25l[A[1Gpulling manifest [K
pulling 667b0c1932bc:   5% ▕                  ▏ 241 MB/4.9 GB   33 MB/s   2m20s[K[?25h[?2026l[?2026h[?25l[A[1Gpulling manifest [K
pulling 667b0c1932bc:   5% ▕                  ▏ 243 MB/4.9 GB   33 MB/s   2m20s[K[?25h[?2026l[?2026h[?25l[A[1Gpulling manifest [K
pulling 667b0c1932bc:   5% ▕                  ▏ 247 MB/4.9 GB   33 MB/s   2m19s[K[?25h[?2026l[?2026h[?25l[A[1Gpulling manifest [K
pulling 667b0c1932bc:   5% ▕                  ▏ 250 MB/4.9 GB   33 MB/s   2m19s[K[?25h[?2026l[?2026h[?25l[A[1Gpulling manifest [K
pulling 667b0c1932bc:   5% ▕                  ▏ 252 MB/4.9 GB   33 MB/s   2m19s[K[?25h[?2026l[?2026h[?25l[A[1Gpulling manifest [K
pulling 667b0c1932bc:   5% ▕                  ▏ 256 MB/4.9 GB   33 MB/s   2m19s[K[?25h[?2026l[?2026h[?25l[A[1Gpulling manifest [K
pulling 667b0c1932bc:   5% ▕                  ▏ 260 MB/4.9 GB   33 MB/s   2m19s[K[?25h[?2026l[?2026h[?25l[A[1Gpulling manifest [K
pulling 667b0c1932bc:   5% ▕                  ▏ 262 MB/4.9 GB   33 MB/s   2m19s[K[?25h[?2026l[?2026h[?25l[A[1Gpulling manifest [K
pulling 667b0c1932bc:   5% ▕                  ▏ 266 MB/4.9 GB   33 MB/s   2m19s[K[?25h[?2026l[?2026h[?25l[A[1Gpulling manifest [K
pulling 667b0c1932bc:   6% ▕                  ▏ 270 MB/4.9 GB   33 MB/s   2m19s[K[?25h[?2026l[?2026h[?25l[A[1Gpulling manifest [K
pulling 667b0c1932bc:   6% ▕                  ▏ 272 MB/4.9 GB   33 MB/s   2m19s[K[?25h[?2026l[?2026h[?25l[A[1Gpulling manifest [K
pulling 667b0c1932bc:   6% ▕█                 ▏ 276 MB/4.9 GB   33 MB/s   2m19s[K[?25h[?2026l[?2026h[?25l[A[1Gpulling manifest [K
pulling 667b0c1932bc:   6% ▕█                 ▏ 280 MB/4.9 GB   33 MB/s   2m18s[K[?25h[?2026l[?2026h[?25l[A[1Gpulling manifest [K
pulling 667b0c1932bc:   6% ▕█                 ▏ 282 MB/4.9 GB   33 MB/s   2m18s[K[?25h[?2026l[?2026h[?25l[A[1Gpulling manifest [K
pulling 667b0c1932bc:   6% ▕█                 ▏ 286 MB/4.9 GB   33 MB/s   2m18s[K[?25h[?2026l[?2026h[?25l[A[1Gpulling manifest [K
pulling 667b0c1932bc:   6% ▕█                 ▏ 290 MB/4.9 GB   33 MB/s   2m18s[K[?25h[?2026l[?2026h[?25l[A[1Gpulling manifest [K
pulling 667b0c1932bc:   6% ▕█                 ▏ 292 MB/4.9 GB   33 MB/s   2m18s[K[?25h[?2026l[?2026h[?25l[A[1Gpulling manifest [K
pulling 667b0c1932bc:   6% ▕█                 ▏ 296 MB/4.9 GB   33 MB/s   2m18s[K[?25h[?2026l[?2026h[?25l[A[1Gpulling manifest [K
pulling 667b0c1932bc:   6% ▕█                 ▏ 300 MB/4.9 GB   33 MB/s   2m18s[K[?25h[?2026l[?2026h[?25l[A[1Gpulling manifest [K
pulling 667b0c1932bc:   6% ▕█                 ▏ 302 MB/4.9 GB   33 MB/s   2m18s[K[?25h[?2026l[?2026h[?25l[A[1Gpulling manifest [K
pulling 667b0c1932bc:   6% ▕█                 ▏ 306 MB/4.9 GB   33 MB/s   2m18s[K[?25h[?2026l[?2026h[?25l[A[1Gpulling manifest [K
pulling 667b0c1932bc:   6% ▕█                 ▏ 310 MB/4.9 GB   33 MB/s   2m17s[K[?25h[?2026l[?2026h[?25l[A[1Gpulling manifest [K
pulling 667b0c1932bc:   6% ▕█                 ▏ 312 MB/4.9 GB   33 MB/s   2m17s[K[?25h[?2026l[?2026h[?25l[A[1Gpulling manifest [K
pulling 667b0c1932bc:   6% ▕█                 ▏ 316 MB/4.9 GB   33 MB/s   2m17s[K[?25h[?2026l[?2026h[?25l[A[1Gpulling manifest [K
pulling 667b0c1932bc:   7% ▕█                 ▏ 319 MB/4.9 GB   33 MB/s   2m17s[K[?25h[?2026l[?2026h[?25l[A[1Gpulling manifest [K
pulling 667b0c1932bc:   7% ▕█                 ▏ 321 MB/4.9 GB   33 MB/s   2m17s[K[?25h[?2026l[?2026h[?25l[A[1Gpulling manifest [K
pulling 667b0c1932bc:   7% ▕█                 ▏ 325 MB/4.9 GB   33 MB/s   2m17s[K[?25h[?2026l[?2026h[?25l[A[1Gpulling manifest [K
pulling 667b0c1932bc:   7% ▕█                 ▏ 329 MB/4.9 GB   33 MB/s   2m17s[K[?25h[?2026l[?2026h[?25l[A[1Gpulling manifest [K
pulling 667b0c1932bc:   7% ▕█                 ▏ 331 MB/4.9 GB   33 MB/s   2m17s[K[?25h[?2026l[?2026h[?25l[A[1Gpulling manifest [K
pulling 667b0c1932bc:   7% ▕█                 ▏ 335 MB/4.9 GB   33 MB/s   2m16s[K[?25h[?2026l[?2026h[?25l[A[1Gpulling manifest [K
pulling 667b0c1932bc:   7% ▕█                 ▏ 339 MB/4.9 GB   33 MB/s   2m16s[K[?25h[?2026l[?2026h[?25l[A[1Gpulling manifest [K
pulling 667b0c1932bc:   7% ▕█                 ▏ 341 MB/4.9 GB   33 MB/s   2m16s[K[?25h[?2026l[?2026h[?25l[A[1Gpulling manifest [K
pulling 667b0c1932bc:   7% ▕█                 ▏ 345 MB/4.9 GB   33 MB/s   2m16s[K[?25h[?2026l[?2026h[?25l[A[1Gpulling manifest [K
pulling 667b0c1932bc:   7% ▕█                 ▏ 349 MB/4.9 GB   33 MB/s   2m16s[K[?25h[?2026l[?2026h[?25l[A[1Gpulling manifest [K
pulling 667b0c1932bc:   7% ▕█                 ▏ 351 MB/4.9 GB   33 MB/s   2m16s[K[?25h[?2026l[?2026h[?25l[A[1Gpulling manifest [K
pulling 667b0c1932bc:   7% ▕█                 ▏ 355 MB/4.9 GB   33 MB/s   2m16s[K[?25h[?2026l[?2026h[?25l[A[1Gpulling manifest [K
pulling 667b0c1932bc:   7% ▕█                 ▏ 359 MB/4.9 GB   33 MB/s   2m16s[K[?25h[?2026l[?2026h[?25l[A[1Gpulling manifest [K
pulling 667b0c1932bc:   7% ▕█                 ▏ 361 MB/4.9 GB   33 MB/s   2m16s[K[?25h[?2026l[?2026h[?25l[A[1Gpulling manifest [K
pulling 667b0c1932bc:   7% ▕█                 ▏ 365 MB/4.9 GB   33 MB/s   2m16s[K[?25h[?2026l[?2026h[?25l[A[1Gpulling manifest [K
pulling 667b0c1932bc:   8% ▕█                 ▏ 369 MB/4.9 GB   33 MB/s   2m15s[K[?25h[?2026l[?2026h[?25l[A[1Gpulling manifest [K
pulling 667b0c1932bc:   8% ▕█                 ▏ 371 MB/4.9 GB   33 MB/s   2m15s[K[?25h[?2026l[?2026h[?25l[A[1Gpulling manifest [K
pulling 667b0c1932bc:   8% ▕█                 ▏ 375 MB/4.9 GB   33 MB/s   2m15s[K[?25h[?2026l[?2026h[?25l[A[1Gpulling manifest [K
pulling 667b0c1932bc:   8% ▕█                 ▏ 379 MB/4.9 GB   33 MB/s   2m15s[K[?25h[?2026l[?2026h[?25l[A[1Gpulling manifest [K
pulling 667b0c1932bc:   8% ▕█                 ▏ 381 MB/4.9 GB   33 MB/s   2m15s[K[?25h[?2026l[?2026h[?25l[A[1Gpulling manifest [K
pulling 667b0c1932bc:   8% ▕█                 ▏ 385 MB/4.9 GB   33 MB/s   2m15s[K[?25h[?2026l[?2026h[?25l[A[1Gpulling manifest [K
pulling 667b0c1932bc:   8% ▕█                 ▏ 389 MB/4.9 GB   33 MB/s   2m15s[K[?25h[?2026l[?2026h[?25l[A[1Gpulling manifest [K
pulling 667b0c1932bc:   8% ▕█                 ▏ 390 MB/4.9 GB   33 MB/s   2m15s[K[?25h[?2026l[?2026h[?25l[A[1Gpulling manifest [K
pulling 667b0c1932bc:   8% ▕█                 ▏ 394 MB/4.9 GB   33 MB/s   2m15s[K[?25h[?2026l[?2026h[?25l[A[1Gpulling manifest [K
pulling 667b0c1932bc:   8% ▕█                 ▏ 398 MB/4.9 GB   33 MB/s   2m15s[K[?25h[?2026l[?2026h[?25l[A[1Gpulling manifest [K
pulling 667b0c1932bc:   8% ▕█                 ▏ 400 MB/4.9 GB   33 MB/s   2m15s[K[?25h[?2026l[?2026h[?25l[A[1Gpulling manifest [K
pulling 667b0c1932bc:   8% ▕█                 ▏ 403 MB/4.9 GB   33 MB/s   2m15s[K[?25h[?2026l[?2026h[?25l[A[1Gpulling manifest [K
pulling 667b0c1932bc:   8% ▕█                 ▏ 407 MB/4.9 GB   33 MB/s   2m15s[K[?25h[?2026l[?2026h[?25l[A[1Gpulling manifest [K
pulling 667b0c1932bc:   8% ▕█                 ▏ 409 MB/4.9 GB   33 MB/s   2m15s[K[?25h[?2026l[?2026h[?25l[A[1Gpulling manifest [K
pulling 667b0c1932bc:   8% ▕█                 ▏ 413 MB/4.9 GB   33 MB/s   2m14s[K[?25h[?2026l[?2026h[?25l[A[1Gpulling manifest [K
pulling 667b0c1932bc:   8% ▕█                 ▏ 417 MB/4.9 GB   33 MB/s   2m14s[K[?25h[?2026l[?2026h[?25l[A[1Gpulling manifest [K
pulling 667b0c1932bc:   9% ▕█                 ▏ 419 MB/4.9 GB   33 MB/s   2m14s[K[?25h[?2026l[?2026h[?25l[A[1Gpulling manifest [K
pulling 667b0c1932bc:   9% ▕█                 ▏ 423 MB/4.9 GB   33 MB/s   2m14s[K[?25h[?2026l[?2026h[?25l[A[1Gpulling manifest [K
pulling 667b0c1932bc:   9% ▕█                 ▏ 427 MB/4.9 GB   33 MB/s   2m14s[K[?25h[?2026l[?2026h[?25l[A[1Gpulling manifest [K
pulling 667b0c1932bc:   9% ▕█                 ▏ 429 MB/4.9 GB   33 MB/s   2m14s[K[?25h[?2026l[?2026h[?25l[A[1Gpulling manifest [K
pulling 667b0c1932bc:   9% ▕█                 ▏ 433 MB/4.9 GB   33 MB/s   2m14s[K[?25h[?2026l[?2026h[?25l[A[1Gpulling manifest [K
pulling 667b0c1932bc:   9% ▕█                 ▏ 437 MB/4.9 GB   33 MB/s   2m14s[K[?25h[?2026l[?2026h[?25l[A[1Gpulling manifest [K
pulling 667b0c1932bc:   9% ▕█                 ▏ 439 MB/4.9 GB   33 MB/s   2m14s[K[?25h[?2026l[?2026h[?25l[A[1Gpulling manifest [K
pulling 667b0c1932bc:   9% ▕█                 ▏ 443 MB/4.9 GB   33 MB/s   2m13s[K[?25h[?2026l[?2026h[?25l[A[1Gpulling manifest [K
pulling 667b0c1932bc:   9% ▕█                 ▏ 447 MB/4.9 GB   33 MB/s   2m13s[K[?25h[?2026l[?2026h[?25l[A[1Gpulling manifest [K
pulling 667b0c1932bc:   9% ▕█                 ▏ 449 MB/4.9 GB   33 MB/s   2m13s[K[?25h[?2026l[?2026h[?25l[A[1Gpulling manifest [K
pulling 667b0c1932bc:   9% ▕█                 ▏ 453 MB/4.9 GB   33 MB/s   2m13s[K[?25h[?2026l[?2026h[?25l[A[1Gpulling manifest [K
pulling 667b0c1932bc:   9% ▕█                 ▏ 456 MB/4.9 GB   33 MB/s   2m13s[K[?25h[?2026l[?2026h[?25l[A[1Gpulling manifest [K
pulling 667b0c1932bc:   9% ▕█                 ▏ 458 MB/4.9 GB   33 MB/s   2m13s[K[?25h[?2026l[?2026h[?25l[A[1Gpulling manifest [K
pulling 667b0c1932bc:   9% ▕█                 ▏ 462 MB/4.9 GB   33 MB/s   2m13s[K[?25h[?2026l[?2026h[?25l[A[1Gpulling manifest [K
pulling 667b0c1932bc:   9% ▕█                 ▏ 466 MB/4.9 GB   33 MB/s   2m13s[K[?25h[?2026l[?2026h[?25l[A[1Gpulling manifest [K
pulling 667b0c1932bc:  10% ▕█                 ▏ 468 MB/4.9 GB   33 MB/s   2m13s[K[?25h[?2026l[?2026h[?25l[A[1Gpulling manifest [K
pulling 667b0c1932bc:  10% ▕█                 ▏ 472 MB/4.9 GB   33 MB/s   2m13s[K[?25h[?2026l[?2026h[?25l[A[1Gpulling manifest [K
pulling 667b0c1932bc:  10% ▕█                 ▏ 476 MB/4.9 GB   33 MB/s   2m13s[K[?25h[?2026l[?2026h[?25l[A[1Gpulling manifest [K
pulling 667b0c1932bc:  10% ▕█                 ▏ 478 MB/4.9 GB   33 MB/s   2m12s[K[?25h[?2026l[?2026h[?25l[A[1Gpulling manifest [K
pulling 667b0c1932bc:  10% ▕█                 ▏ 482 MB/4.9 GB   33 MB/s   2m12s[K[?25h[?2026l[?2026h[?25l[A[1Gpulling manifest [K
pulling 667b0c1932bc:  10% ▕█                 ▏ 486 MB/4.9 GB   33 MB/s   2m12s[K[?25h[?2026l[?2026h[?25l[A[1Gpulling manifest [K
pulling 667b0c1932bc:  10% ▕█                 ▏ 488 MB/4.9 GB   33 MB/s   2m12s[K[?25h[?2026l[?2026h[?25l[A[1Gpulling manifest [K
pulling 667b0c1932bc:  10% ▕█                 ▏ 492 MB/4.9 GB   33 MB/s   2m12s[K[?25h[?2026l[?2026h[?25l[A[1Gpulling manifest [K
pulling 667b0c1932bc:  10% ▕█                 ▏ 496 MB/4.9 GB   33 MB/s   2m12s[K[?25h[?2026l[?2026h[?25l[A[1Gpulling manifest [K
pulling 667b0c1932bc:  10% ▕█                 ▏ 498 MB/4.9 GB   33 MB/s   2m12s[K[?25h[?2026l[?2026h[?25l[A[1Gpulling manifest [K
pulling 667b0c1932bc:  10% ▕█                 ▏ 502 MB/4.9 GB   33 MB/s   2m12s[K[?25h[?2026l[?2026h[?25l[A[1Gpulling manifest [K
pulling 667b0c1932bc:  10% ▕█                 ▏ 504 MB/4.9 GB   33 MB/s   2m12s[K[?25h[?2026l[?2026h[?25l[A[1Gpulling manifest [K
pulling 667b0c1932bc:  10% ▕█                 ▏ 506 MB/4.9 GB   33 MB/s   2m12s[K[?25h[?2026l[?2026h[?25l[A[1Gpulling manifest [K
pulling 667b0c1932bc:  10% ▕█                 ▏ 510 MB/4.9 GB   33 MB/s   2m12s[K[?25h[?2026l[?2026h[?25l[A[1Gpulling manifest [K
pulling 667b0c1932bc:  10% ▕█                 ▏ 514 MB/4.9 GB   33 MB/s   2m12s[K[?25h[?2026l[?2026h[?25l[A[1Gpulling manifest [K
pulling 667b0c1932bc:  10% ▕█                 ▏ 516 MB/4.9 GB   33 MB/s   2m11s[K[?25h[?2026l[?2026h[?25l[A[1Gpulling manifest [K
pulling 667b0c1932bc:  11% ▕█                 ▏ 520 MB/4.9 GB   33 MB/s   2m11s[K[?25h[?2026l[?2026h[?25l[A[1Gpulling manifest [K
pulling 667b0c1932bc:  11% ▕█                 ▏ 524 MB/4.9 GB   33 MB/s   2m11s[K[?25h[?2026l[?2026h[?25l[A[1Gpulling manifest [K
pulling 667b0c1932bc:  11% ▕█                 ▏ 526 MB/4.9 GB   33 MB/s   2m11s[K[?25h[?2026l[?2026h[?25l[A[1Gpulling manifest [K
pulling 667b0c1932bc:  11% ▕█                 ▏ 530 MB/4.9 GB   33 MB/s   2m11s[K[?25h[?2026l[?2026h[?25l[A[1Gpulling manifest [K
pulling 667b0c1932bc:  11% ▕█                 ▏ 534 MB/4.9 GB   33 MB/s   2m11s[K[?25h[?2026l[?2026h[?25l[A[1Gpulling manifest [K
pulling 667b0c1932bc:  11% ▕█                 ▏ 536 MB/4.9 GB   33 MB/s   2m11s[K[?25h[?2026l[?2026h[?25l[A[1Gpulling manifest [K
pulling 667b0c1932bc:  11% ▕█                 ▏ 540 MB/4.9 GB   33 MB/s   2m11s[K[?25h[?2026l[?2026h[?25l[A[1Gpulling manifest [K
pulling 667b0c1932bc:  11% ▕█                 ▏ 544 MB/4.9 GB   33 MB/s   2m11s[K[?25h[?2026l[?2026h[?25l[A[1Gpulling manifest [K
pulling 667b0c1932bc:  11% ▕█                 ▏ 546 MB/4.9 GB   33 MB/s   2m11s[K[?25h[?2026l[?2026h[?25l[A[1Gpulling manifest [K
pulling 667b0c1932bc:  11% ▕██                ▏ 550 MB/4.9 GB   33 MB/s   2m11s[K[?25h[?2026l[?2026h[?25l[A[1Gpulling manifest [K
pulling 667b0c1932bc:  11% ▕██                ▏ 554 MB/4.9 GB   33 MB/s   2m11s[K[?25h[?2026l[?2026h[?25l[A[1Gpulling manifest [K
pulling 667b0c1932bc:  11% ▕██                ▏ 556 MB/4.9 GB   33 MB/s   2m11s[K[?25h[?2026l[?2026h[?25l[A[1Gpulling manifest [K
pulling 667b0c1932bc:  11% ▕██                ▏ 559 MB/4.9 GB   33 MB/s   2m11s[K[?25h[?2026l[?2026h[?25l[A[1Gpulling manifest [K
pulling 667b0c1932bc:  11% ▕██                ▏ 563 MB/4.9 GB   33 MB/s   2m11s[K[?25h[?2026l[?2026h[?25l[A[1Gpulling manifest [K
pulling 667b0c1932bc:  12% ▕██                ▏ 565 MB/4.9 GB   33 MB/s   2m11s[K[?25h[?2026l[?2026h[?25l[A[1Gpulling manifest [K
pulling 667b0c1932bc:  12% ▕██                ▏ 569 MB/4.9 GB   33 MB/s   2m10s[K[?25h[?2026l[?2026h[?25l[A[1Gpulling manifest [K
pulling 667b0c1932bc:  12% ▕██                ▏ 573 MB/4.9 GB   33 MB/s   2m10s[K[?25h[?2026l[?2026h[?25l[A[1Gpulling manifest [K
pulling 667b0c1932bc:  12% ▕██                ▏ 575 MB/4.9 GB   33 MB/s   2m10s[K[?25h[?2026l[?2026h[?25l[A[1Gpulling manifest [K
pulling 667b0c1932bc:  12% ▕██                ▏ 579 MB/4.9 GB   33 MB/s   2m10s[K[?25h[?2026l[?2026h[?25l[A[1Gpulling manifest [K
pulling 667b0c1932bc:  12% ▕██                ▏ 583 MB/4.9 GB   33 MB/s   2m10s[K[?25h[?2026l[?2026h[?25l[A[1Gpulling manifest [K
pulling 667b0c1932bc:  12% ▕██                ▏ 585 MB/4.9 GB   33 MB/s   2m10s[K[?25h[?2026l[?2026h[?25l[A[1Gpulling manifest [K
pulling 667b0c1932bc:  12% ▕██                ▏ 589 MB/4.9 GB   33 MB/s   2m10s[K[?25h[?2026l[?2026h[?25l[A[1Gpulling manifest [K
pulling 667b0c1932bc:  12% ▕██                ▏ 593 MB/4.9 GB   33 MB/s   2m10s[K[?25h[?2026l[?2026h[?25l[A[1Gpulling manifest [K
pulling 667b0c1932bc:  12% ▕██                ▏ 595 MB/4.9 GB   33 MB/s   2m10s[K[?25h[?2026l[?2026h[?25l[A[1Gpulling manifest [K
pulling 667b0c1932bc:  12% ▕██                ▏ 599 MB/4.9 GB   33 MB/s   2m10s[K[?25h[?2026l[?2026h[?25l[A[1Gpulling manifest [K
pulling 667b0c1932bc:  12% ▕██                ▏ 603 MB/4.9 GB   33 MB/s    2m9s[K[?25h[?2026l[?2026h[?25l[A[1Gpulling manifest [K
pulling 667b0c1932bc:  12% ▕██                ▏ 605 MB/4.9 GB   33 MB/s    2m9s[K[?25h[?2026l[?2026h[?25l[A[1Gpulling manifest [K
pulling 667b0c1932bc:  12% ▕██                ▏ 609 MB/4.9 GB   33 MB/s    2m9s[K[?25h[?2026l[?2026h[?25l[A[1Gpulling manifest [K
pulling 667b0c1932bc:  12% ▕██                ▏ 613 MB/4.9 GB   33 MB/s    2m9s[K[?25h[?2026l[?2026h[?25l[A[1Gpulling manifest [K
pulling 667b0c1932bc:  12% ▕██                ▏ 615 MB/4.9 GB   33 MB/s    2m9s[K[?25h[?2026l[?2026h[?25l[A[1Gpulling manifest [K
pulling 667b0c1932bc:  13% ▕██                ▏ 619 MB/4.9 GB   33 MB/s    2m9s[K[?25h[?2026l[?2026h[?25l[A[1Gpulling manifest [K
pulling 667b0c1932bc:  13% ▕██                ▏ 622 MB/4.9 GB   33 MB/s    2m9s[K[?25h[?2026l[?2026h[?25l[A[1Gpulling manifest [K
pulling 667b0c1932bc:  13% ▕██                ▏ 624 MB/4.9 GB   33 MB/s    2m9s[K[?25h[?2026l[?2026h[?25l[A[1Gpulling manifest [K
pulling 667b0c1932bc:  13% ▕██                ▏ 628 MB/4.9 GB   33 MB/s    2m9s[K[?25h[?2026l[?2026h[?25l[A[1Gpulling manifest [K
pulling 667b0c1932bc:  13% ▕██                ▏ 632 MB/4.9 GB   33 MB/s    2m9s[K[?25h[?2026l[?2026h[?25l[A[1Gpulling manifest [K
pulling 667b0c1932bc:  13% ▕██                ▏ 634 MB/4.9 GB   33 MB/s    2m9s[K[?25h[?2026l[?2026h[?25l[A[1Gpulling manifest [K
pulling 667b0c1932bc:  13% ▕██                ▏ 638 MB/4.9 GB   33 MB/s    2m8s[K[?25h[?2026l[?2026h[?25l[A[1Gpulling manifest [K
pulling 667b0c1932bc:  13% ▕██                ▏ 642 MB/4.9 GB   33 MB/s    2m8s[K[?25h[?2026l[?2026h[?25l[A[1Gpulling manifest [K
pulling 667b0c1932bc:  13% ▕██                ▏ 644 MB/4.9 GB   33 MB/s    2m8s[K[?25h[?2026l[?2026h[?25l[A[1Gpulling manifest [K
pulling 667b0c1932bc:  13% ▕██                ▏ 648 MB/4.9 GB   33 MB/s    2m8s[K[?25h[?2026l[?2026h[?25l[A[1Gpulling manifest [K
pulling 667b0c1932bc:  13% ▕██                ▏ 652 MB/4.9 GB   33 MB/s    2m8s[K[?25h[?2026l[?2026h[?25l[A[1Gpulling manifest [K
pulling 667b0c1932bc:  13% ▕██                ▏ 654 MB/4.9 GB   33 MB/s    2m8s[K[?25h[?2026l[?2026h[?25l[A[1Gpulling manifest [K
pulling 667b0c1932bc:  13% ▕██                ▏ 658 MB/4.9 GB   33 MB/s    2m8s[K[?25h[?2026l[?2026h[?25l[A[1Gpulling manifest [K
pulling 667b0c1932bc:  13% ▕██                ▏ 662 MB/4.9 GB   33 MB/s    2m8s[K[?25h[?2026l[?2026h[?25l[A[1Gpulling manifest [K
pulling 667b0c1932bc:  14% ▕██                ▏ 664 MB/4.9 GB   33 MB/s    2m8s[K[?25h[?2026l[?2026h[?25l[A[1Gpulling manifest [K
pulling 667b0c1932bc:  14% ▕██                ▏ 668 MB/4.9 GB   33 MB/s    2m8s[K[?25h[?2026l[?2026h[?25l[A[1Gpulling manifest [K
pulling 667b0c1932bc:  14% ▕██                ▏ 672 MB/4.9 GB   33 MB/s    2m8s[K[?25h[?2026l[?2026h[?25l[A[1Gpulling manifest [K
pulling 667b0c1932bc:  14% ▕██                ▏ 674 MB/4.9 GB   33 MB/s    2m7s[K[?25h[?2026l[?2026h[?25l[A[1Gpulling manifest [K
pulling 667b0c1932bc:  14% ▕██                ▏ 678 MB/4.9 GB   33 MB/s    2m7s[K[?25h[?2026l[?2026h[?25l[A[1Gpulling manifest [K
pulling 667b0c1932bc:  14% ▕██                ▏ 681 MB/4.9 GB   33 MB/s    2m7s[K[?25h[?2026l[?2026h[?25l[A[1Gpulling manifest [K
pulling 667b0c1932bc:  14% ▕██                ▏ 683 MB/4.9 GB   33 MB/s    2m7s[K[?25h[?2026l[?2026h[?25l[A[1Gpulling manifest [K
pulling 667b0c1932bc:  14% ▕██                ▏ 687 MB/4.9 GB   33 MB/s    2m7s[K[?25h[?2026l[?2026h[?25l[A[1Gpulling manifest [K
pulling 667b0c1932bc:  14% ▕██                ▏ 691 MB/4.9 GB   33 MB/s    2m7s[K[?25h[?2026l[?2026h[?25l[A[1Gpulling manifest [K
pulling 667b0c1932bc:  14% ▕██                ▏ 693 MB/4.9 GB   33 MB/s    2m7s[K[?25h[?2026l[?2026h[?25l[A[1Gpulling manifest [K
pulling 667b0c1932bc:  14% ▕██                ▏ 697 MB/4.9 GB   33 MB/s    2m7s[K[?25h[?2026l[?2026h[?25l[A[1Gpulling manifest [K
pulling 667b0c1932bc:  14% ▕██                ▏ 701 MB/4.9 GB   33 MB/s    2m6s[K[?25h[?2026l[?2026h[?25l[A[1Gpulling manifest [K
pulling 667b0c1932bc:  14% ▕██                ▏ 703 MB/4.9 GB   33 MB/s    2m6s[K[?25h[?2026l[?2026h[?25l[A[1Gpulling manifest [K
pulling 667b0c1932bc:  14% ▕██                ▏ 707 MB/4.9 GB   33 MB/s    2m6s[K[?25h[?2026l[?2026h[?25l[A[1Gpulling manifest [K
pulling 667b0c1932bc:  14% ▕██                ▏ 711 MB/4.9 GB   33 MB/s    2m6s[K[?25h[?2026l[?2026h[?25l[A[1Gpulling manifest [K
pulling 667b0c1932bc:  15% ▕██                ▏ 713 MB/4.9 GB   33 MB/s    2m6s[K[?25h[?2026l[?2026h[?25l[A[1Gpulling manifest [K
pulling 667b0c1932bc:  15% ▕██                ▏ 717 MB/4.9 GB   33 MB/s    2m6s[K[?25h[?2026l[?2026h[?25l[A[1Gpulling manifest [K
pulling 667b0c1932bc:  15% ▕██                ▏ 721 MB/4.9 GB   33 MB/s    2m6s[K[?25h[?2026l[?2026h[?25l[A[1Gpulling manifest [K
pulling 667b0c1932bc:  15% ▕██                ▏ 723 MB/4.9 GB   33 MB/s    2m6s[K[?25h[?2026l[?2026h[?25l[A[1Gpulling manifest [K
pulling 667b0c1932bc:  15% ▕██                ▏ 726 MB/4.9 GB   33 MB/s    2m6s[K[?25h[?2026l[?2026h[?25l[A[1Gpulling manifest [K
pulling 667b0c1932bc:  15% ▕██                ▏ 729 MB/4.9 GB   33 MB/s    2m5s[K[?25h[?2026l[?2026h[?25l[A[1Gpulling manifest [K
pulling 667b0c1932bc:  15% ▕██                ▏ 732 MB/4.9 GB   33 MB/s    2m5s[K[?25h[?2026l[?2026h[?25l[A[1Gpulling manifest [K
pulling 667b0c1932bc:  15% ▕██                ▏ 736 MB/4.9 GB   33 MB/s    2m5s[K[?25h[?2026l[?2026h[?25l[A[1Gpulling manifest [K
pulling 667b0c1932bc:  15% ▕██                ▏ 740 MB/4.9 GB   33 MB/s    2m5s[K[?25h[?2026l[?2026h[?25l[A[1Gpulling manifest [K
pulling 667b0c1932bc:  15% ▕██                ▏ 742 MB/4.9 GB   33 MB/s    2m5s[K[?25h[?2026l[?2026h[?25l[A[1Gpulling manifest [K
pulling 667b0c1932bc:  15% ▕██                ▏ 746 MB/4.9 GB   33 MB/s    2m5s[K[?25h[?2026l[?2026h[?25l[A[1Gpulling manifest [K
pulling 667b0c1932bc:  15% ▕██                ▏ 749 MB/4.9 GB   33 MB/s    2m5s[K[?25h[?2026l[?2026h[?25l[A[1Gpulling manifest [K
pulling 667b0c1932bc:  15% ▕██                ▏ 751 MB/4.9 GB   33 MB/s    2m5s[K[?25h[?2026l[?2026h[?25l[A[1Gpulling manifest [K
pulling 667b0c1932bc:  15% ▕██                ▏ 755 MB/4.9 GB   33 MB/s    2m5s[K[?25h[?2026l[?2026h[?25l[A[1Gpulling manifest [K
pulling 667b0c1932bc:  15% ▕██                ▏ 759 MB/4.9 GB   33 MB/s    2m5s[K[?25h[?2026l[?2026h[?25l[A[1Gpulling manifest [K
pulling 667b0c1932bc:  15% ▕██                ▏ 761 MB/4.9 GB   33 MB/s    2m5s[K[?25h[?2026l[?2026h[?25l[A[1Gpulling manifest [K
pulling 667b0c1932bc:  16% ▕██                ▏ 765 MB/4.9 GB   33 MB/s    2m5s[K[?25h[?2026l[?2026h[?25l[A[1Gpulling manifest [K
pulling 667b0c1932bc:  16% ▕██                ▏ 769 MB/4.9 GB   33 MB/s    2m5s[K[?25h[?2026l[?2026h[?25l[A[1Gpulling manifest [K
pulling 667b0c1932bc:  16% ▕██                ▏ 771 MB/4.9 GB   33 MB/s    2m5s[K[?25h[?2026l[?2026h[?25l[A[1Gpulling manifest [K
pulling 667b0c1932bc:  16% ▕██                ▏ 775 MB/4.9 GB   33 MB/s    2m5s[K[?25h[?2026l[?2026h[?25l[A[1Gpulling manifest [K
pulling 667b0c1932bc:  16% ▕██                ▏ 777 MB/4.9 GB   33 MB/s    2m4s[K[?25h[?2026l[?2026h[?25l[A[1Gpulling manifest [K
pulling 667b0c1932bc:  16% ▕██                ▏ 778 MB/4.9 GB   33 MB/s    2m4s[K[?25h[?2026l[?2026h[?25l[A[1Gpulling manifest [K
pulling 667b0c1932bc:  16% ▕██                ▏ 779 MB/4.9 GB   33 MB/s    2m4s[K[?25h[?2026l[?2026h[?25l[A[1Gpulling manifest [K
pulling 667b0c1932bc:  16% ▕██                ▏ 783 MB/4.9 GB   33 MB/s    2m4s[K[?25h[?2026l[?2026h[?25l[A[1Gpulling manifest [K
pulling 667b0c1932bc:  16% ▕██                ▏ 785 MB/4.9 GB   33 MB/s    2m4s[K[?25h[?2026l[?2026h[?25l[A[1Gpulling manifest [K
pulling 667b0c1932bc:  16% ▕██                ▏ 789 MB/4.9 GB   33 MB/s    2m4s[K[?25h[?2026l[?2026h[?25l[A[1Gpulling manifest [K
pulling 667b0c1932bc:  16% ▕██                ▏ 793 MB/4.9 GB   33 MB/s    2m4s[K[?25h[?2026l[?2026h[?25l[A[1Gpulling manifest [K
pulling 667b0c1932bc:  16% ▕██                ▏ 795 MB/4.9 GB   32 MB/s    2m6s[K[?25h[?2026l[?2026h[?25l[A[1Gpulling manifest [K
pulling 667b0c1932bc:  16% ▕██                ▏ 799 MB/4.9 GB   32 MB/s    2m6s[K[?25h[?2026l[?2026h[?25l[A[1Gpulling manifest [K
pulling 667b0c1932bc:  16% ▕██                ▏ 803 MB/4.9 GB   32 MB/s    2m6s[K[?25h[?2026l[?2026h[?25l[A[1Gpulling manifest [K
pulling 667b0c1932bc:  16% ▕██                ▏ 805 MB/4.9 GB   32 MB/s    2m6s[K[?25h[?2026l[?2026h[?25l[A[1Gpulling manifest [K
pulling 667b0c1932bc:  16% ▕██                ▏ 809 MB/4.9 GB   32 MB/s    2m5s[K[?25h[?2026l[?2026h[?25l[A[1Gpulling manifest [K
pulling 667b0c1932bc:  17% ▕██                ▏ 813 MB/4.9 GB   32 MB/s    2m5s[K[?25h[?2026l[?2026h[?25l[A[1Gpulling manifest [K
pulling 667b0c1932bc:  17% ▕██                ▏ 814 MB/4.9 GB   32 MB/s    2m5s[K[?25h[?2026l[?2026h[?25l[A[1Gpulling manifest [K
pulling 667b0c1932bc:  17% ▕██                ▏ 817 MB/4.9 GB   32 MB/s    2m5s[K[?25h[?2026l[?2026h[?25l[A[1Gpulling manifest [K
pulling 667b0c1932bc:  17% ▕███               ▏ 821 MB/4.9 GB   32 MB/s    2m5s[K[?25h[?2026l[?2026h[?25l[A[1Gpulling manifest [K
pulling 667b0c1932bc:  17% ▕███               ▏ 823 MB/4.9 GB   32 MB/s    2m5s[K[?25h[?2026l[?2026h[?25l[A[1Gpulling manifest [K
pulling 667b0c1932bc:  17% ▕███               ▏ 827 MB/4.9 GB   32 MB/s    2m5s[K[?25h[?2026l[?2026h[?25l[A[1Gpulling manifest [K
pulling 667b0c1932bc:  17% ▕███               ▏ 831 MB/4.9 GB   32 MB/s    2m5s[K[?25h[?2026l[?2026h[?25l[A[1Gpulling manifest [K
pulling 667b0c1932bc:  17% ▕███               ▏ 833 MB/4.9 GB   32 MB/s    2m5s[K[?25h[?2026l[?2026h[?25l[A[1Gpulling manifest [K
pulling 667b0c1932bc:  17% ▕███               ▏ 837 MB/4.9 GB   32 MB/s    2m5s[K[?25h[?2026l[?2026h[?25l[A[1Gpulling manifest [K
pulling 667b0c1932bc:  17% ▕███               ▏ 840 MB/4.9 GB   32 MB/s    2m5s[K[?25h[?2026l[?2026h[?25l[A[1Gpulling manifest [K
pulling 667b0c1932bc:  17% ▕███               ▏ 843 MB/4.9 GB   32 MB/s    2m5s[K[?25h[?2026l[?2026h[?25l[A[1Gpulling manifest [K
pulling 667b0c1932bc:  17% ▕███               ▏ 847 MB/4.9 GB   32 MB/s    2m5s[K[?25h[?2026l[?2026h[?25l[A[1Gpulling manifest [K
pulling 667b0c1932bc:  17% ▕███               ▏ 850 MB/4.9 GB   32 MB/s    2m5s[K[?25h[?2026l[?2026h[?25l[A[1Gpulling manifest [K
pulling 667b0c1932bc:  17% ▕███               ▏ 852 MB/4.9 GB   32 MB/s    2m4s[K[?25h[?2026l[?2026h[?25l[A[1Gpulling manifest [K
pulling 667b0c1932bc:  17% ▕███               ▏ 856 MB/4.9 GB   32 MB/s    2m4s[K[?25h[?2026l[?2026h[?25l[A[1Gpulling manifest [K
pulling 667b0c1932bc:  17% ▕███               ▏ 860 MB/4.9 GB   32 MB/s    2m4s[K[?25h[?2026l[?2026h[?25l[A[1Gpulling manifest [K
pulling 667b0c1932bc:  18% ▕███               ▏ 862 MB/4.9 GB   32 MB/s    2m4s[K[?25h[?2026l[?2026h[?25l[A[1Gpulling manifest [K
pulling 667b0c1932bc:  18% ▕███               ▏ 866 MB/4.9 GB   32 MB/s    2m4s[K[?25h[?2026l[?2026h[?25l[A[1Gpulling manifest [K
pulling 667b0c1932bc:  18% ▕███               ▏ 870 MB/4.9 GB   32 MB/s    2m4s[K[?25h[?2026l[?2026h[?25l[A[1Gpulling manifest [K
pulling 667b0c1932bc:  18% ▕███               ▏ 872 MB/4.9 GB   32 MB/s    2m4s[K[?25h[?2026l[?2026h[?25l[A[1Gpulling manifest [K
pulling 667b0c1932bc:  18% ▕███               ▏ 876 MB/4.9 GB   32 MB/s    2m4s[K[?25h[?2026l[?2026h[?25l[A[1Gpulling manifest [K
pulling 667b0c1932bc:  18% ▕███               ▏ 880 MB/4.9 GB   32 MB/s    2m4s[K[?25h[?2026l[?2026h[?25l[A[1Gpulling manifest [K
pulling 667b0c1932bc:  18% ▕███               ▏ 882 MB/4.9 GB   32 MB/s    2m4s[K[?25h[?2026l[?2026h[?25l[A[1Gpulling manifest [K
pulling 667b0c1932bc:  18% ▕███               ▏ 886 MB/4.9 GB   32 MB/s    2m3s[K[?25h[?2026l[?2026h[?25l[A[1Gpulling manifest [K
pulling 667b0c1932bc:  18% ▕███               ▏ 890 MB/4.9 GB   32 MB/s    2m3s[K[?25h[?2026l[?2026h[?25l[A[1Gpulling manifest [K
pulling 667b0c1932bc:  18% ▕███               ▏ 892 MB/4.9 GB   32 MB/s    2m3s[K[?25h[?2026l[?2026h[?25l[A[1Gpulling manifest [K
pulling 667b0c1932bc:  18% ▕███               ▏ 896 MB/4.9 GB   32 MB/s    2m3s[K[?25h[?2026l[?2026h[?25l[A[1Gpulling manifest [K
pulling 667b0c1932bc:  18% ▕███               ▏ 900 MB/4.9 GB   32 MB/s    2m3s[K[?25h[?2026l[?2026h[?25l[A[1Gpulling manifest [K
pulling 667b0c1932bc:  18% ▕███               ▏ 902 MB/4.9 GB   32 MB/s    2m3s[K[?25h[?2026l[?2026h[?25l[A[1Gpulling manifest [K
pulling 667b0c1932bc:  18% ▕███               ▏ 906 MB/4.9 GB   32 MB/s    2m3s[K[?25h[?2026l[?2026h[?25l[A[1Gpulling manifest [K
pulling 667b0c1932bc:  18% ▕███               ▏ 910 MB/4.9 GB   32 MB/s    2m3s[K[?25h[?2026l[?2026h[?25l[A[1Gpulling manifest [K
pulling 667b0c1932bc:  19% ▕███               ▏ 912 MB/4.9 GB   32 MB/s    2m3s[K[?25h[?2026l[?2026h[?25l[A[1Gpulling manifest [K
pulling 667b0c1932bc:  19% ▕███               ▏ 916 MB/4.9 GB   32 MB/s    2m2s[K[?25h[?2026l[?2026h[?25l[A[1Gpulling manifest [K
pulling 667b0c1932bc:  19% ▕███               ▏ 920 MB/4.9 GB   32 MB/s    2m2s[K[?25h[?2026l[?2026h[?25l[A[1Gpulling manifest [K
pulling 667b0c1932bc:  19% ▕███               ▏ 922 MB/4.9 GB   32 MB/s    2m2s[K[?25h[?2026l[?2026h[?25l[A[1Gpulling manifest [K
pulling 667b0c1932bc:  19% ▕███               ▏ 925 MB/4.9 GB   32 MB/s    2m2s[K[?25h[?2026l[?2026h[?25l[A[1Gpulling manifest [K
pulling 667b0c1932bc:  19% ▕███               ▏ 929 MB/4.9 GB   32 MB/s    2m2s[K[?25h[?2026l[?2026h[?25l[A[1Gpulling manifest [K
pulling 667b0c1932bc:  19% ▕███               ▏ 931 MB/4.9 GB   32 MB/s    2m2s[K[?25h[?2026l[?2026h[?25l[A[1Gpulling manifest [K
pulling 667b0c1932bc:  19% ▕███               ▏ 935 MB/4.9 GB   32 MB/s    2m2s[K[?25h[?2026l[?2026h[?25l[A[1Gpulling manifest [K
pulling 667b0c1932bc:  19% ▕███               ▏ 939 MB/4.9 GB   32 MB/s    2m2s[K[?25h[?2026l[?2026h[?25l[A[1Gpulling manifest [K
pulling 667b0c1932bc:  19% ▕███               ▏ 941 MB/4.9 GB   32 MB/s    2m2s[K[?25h[?2026l[?2026h[?25l[A[1Gpulling manifest [K
pulling 667b0c1932bc:  19% ▕███               ▏ 945 MB/4.9 GB   32 MB/s    2m2s[K[?25h[?2026l[?2026h[?25l[A[1Gpulling manifest [K
pulling 667b0c1932bc:  19% ▕███               ▏ 949 MB/4.9 GB   32 MB/s    2m1s[K[?25h[?2026l[?2026h[?25l[A[1Gpulling manifest [K
pulling 667b0c1932bc:  19% ▕███               ▏ 951 MB/4.9 GB   32 MB/s    2m1s[K[?25h[?2026l[?2026h[?25l[A[1Gpulling manifest [K
pulling 667b0c1932bc:  19% ▕███               ▏ 955 MB/4.9 GB   32 MB/s    2m1s[K[?25h[?2026l[?2026h[?25l[A[1Gpulling manifest [K
pulling 667b0c1932bc:  19% ▕███               ▏ 959 MB/4.9 GB   32 MB/s    2m1s[K[?25h[?2026l[?2026h[?25l[A[1Gpulling manifest [K
pulling 667b0c1932bc:  20% ▕███               ▏ 961 MB/4.9 GB   32 MB/s    2m1s[K[?25h[?2026l[?2026h[?25l[A[1Gpulling manifest [K
pulling 667b0c1932bc:  20% ▕███               ▏ 965 MB/4.9 GB   32 MB/s    2m1s[K[?25h[?2026l[?2026h[?25l[A[1Gpulling manifest [K
pulling 667b0c1932bc:  20% ▕███               ▏ 969 MB/4.9 GB   32 MB/s    2m1s[K[?25h[?2026l[?2026h[?25l[A[1Gpulling manifest [K
pulling 667b0c1932bc:  20% ▕███               ▏ 971 MB/4.9 GB   32 MB/s    2m1s[K[?25h[?2026l[?2026h[?25l[A[1Gpulling manifest [K
pulling 667b0c1932bc:  20% ▕███               ▏ 975 MB/4.9 GB   32 MB/s    2m1s[K[?25h[?2026l[?2026h[?25l[A[1Gpulling manifest [K
pulling 667b0c1932bc:  20% ▕███               ▏ 979 MB/4.9 GB   32 MB/s    2m0s[K[?25h[?2026l[?2026h[?25l[A[1Gpulling manifest [K
pulling 667b0c1932bc:  20% ▕███               ▏ 981 MB/4.9 GB   32 MB/s    2m0s[K[?25h[?2026l[?2026h[?25l[A[1Gpulling manifest [K
pulling 667b0c1932bc:  20% ▕███               ▏ 985 MB/4.9 GB   32 MB/s    2m0s[K[?25h[?2026l[?2026h[?25l[A[1Gpulling manifest [K
pulling 667b0c1932bc:  20% ▕███               ▏ 988 MB/4.9 GB   32 MB/s    2m0s[K[?25h[?2026l[?2026h[?25l[A[1Gpulling manifest [K
pulling 667b0c1932bc:  20% ▕███               ▏ 990 MB/4.9 GB   32 MB/s    2m0s[K[?25h[?2026l[?2026h[?25l[A[1Gpulling manifest [K
pulling 667b0c1932bc:  20% ▕███               ▏ 994 MB/4.9 GB   32 MB/s    2m0s[K[?25h[?2026l[?2026h[?25l[A[1Gpulling manifest [K
pulling 667b0c1932bc:  20% ▕███               ▏ 998 MB/4.9 GB   32 MB/s    2m0s[K[?25h[?2026l[?2026h[?25l[A[1Gpulling manifest [K
pulling 667b0c1932bc:  20% ▕███               ▏ 1.0 GB/4.9 GB   32 MB/s    2m0s[K[?25h[?2026l[?2026h[?25l[A[1Gpulling manifest [K
pulling 667b0c1932bc:  20% ▕███               ▏ 1.0 GB/4.9 GB   32 MB/s    2m0s[K[?25h[?2026l[?2026h[?25l[A[1Gpulling manifest [K
pulling 667b0c1932bc:  20% ▕███               ▏ 1.0 GB/4.9 GB   32 MB/s    2m0s[K[?25h[?2026l[?2026h[?25l[A[1Gpulling manifest [K
pulling 667b0c1932bc:  21% ▕███               ▏ 1.0 GB/4.9 GB   32 MB/s    2m0s[K[?25h[?2026l[?2026h[?25l[A[1Gpulling manifest [K
pulling 667b0c1932bc:  21% ▕███               ▏ 1.0 GB/4.9 GB   32 MB/s   1m59s[K[?25h[?2026l[?2026h[?25l[A[1Gpulling manifest [K
pulling 667b0c1932bc:  21% ▕███               ▏ 1.0 GB/4.9 GB   32 MB/s   1m59s[K[?25h[?2026l[?2026h[?25l[A[1Gpulling manifest [K
pulling 667b0c1932bc:  21% ▕███               ▏ 1.0 GB/4.9 GB   32 MB/s   1m59s[K[?25h[?2026l[?2026h[?25l[A[1Gpulling manifest [K
pulling 667b0c1932bc:  21% ▕███               ▏ 1.0 GB/4.9 GB   32 MB/s   1m59s[K[?25h[?2026l[?2026h[?25l[A[1Gpulling manifest [K
pulling 667b0c1932bc:  21% ▕███               ▏ 1.0 GB/4.9 GB   32 MB/s   1m59s[K[?25h[?2026l[?2026h[?25l[A[1Gpulling manifest [K
pulling 667b0c1932bc:  21% ▕███               ▏ 1.0 GB/4.9 GB   32 MB/s   1m59s[K[?25h[?2026l[?2026h[?25l[A[1Gpulling manifest [K
pulling 667b0c1932bc:  21% ▕███               ▏ 1.0 GB/4.9 GB   32 MB/s   1m58s[K[?25h[?2026l[?2026h[?25l[A[1Gpulling manifest [K
pulling 667b0c1932bc:  21% ▕███               ▏ 1.0 GB/4.9 GB   32 MB/s   1m58s[K[?25h[?2026l[?2026h[?25l[A[1Gpulling manifest [K
pulling 667b0c1932bc:  21% ▕███               ▏ 1.0 GB/4.9 GB   32 MB/s   1m58s[K[?25h[?2026l[?2026h[?25l[A[1Gpulling manifest [K
pulling 667b0c1932bc:  21% ▕███               ▏ 1.0 GB/4.9 GB   32 MB/s   1m58s[K[?25h[?2026l[?2026h[?25l[A[1Gpulling manifest [K
pulling 667b0c1932bc:  21% ▕███               ▏ 1.0 GB/4.9 GB   32 MB/s   1m58s[K[?25h[?2026l[?2026h[?25l[A[1Gpulling manifest [K
pulling 667b0c1932bc:  21% ▕███               ▏ 1.0 GB/4.9 GB   32 MB/s   1m58s[K[?25h[?2026l[?2026h[?25l[A[1Gpulling manifest [K
pulling 667b0c1932bc:  21% ▕███               ▏ 1.1 GB/4.9 GB   32 MB/s   1m58s[K[?25h[?2026l[?2026h[?25l[A[1Gpulling manifest [K
pulling 667b0c1932bc:  21% ▕███               ▏ 1.1 GB/4.9 GB   32 MB/s   1m58s[K[?25h[?2026l[?2026h[?25l[A[1Gpulling manifest [K
pulling 667b0c1932bc:  21% ▕███               ▏ 1.1 GB/4.9 GB   32 MB/s   1m58s[K[?25h[?2026l[?2026h[?25l[A[1Gpulling manifest [K
pulling 667b0c1932bc:  22% ▕███               ▏ 1.1 GB/4.9 GB   32 MB/s   1m59s[K[?25h[?2026l[?2026h[?25l[A[1Gpulling manifest [K
pulling 667b0c1932bc:  22% ▕███               ▏ 1.1 GB/4.9 GB   32 MB/s   1m59s[K[?25h[?2026l[?2026h[?25l[A[1Gpulling manifest [K
pulling 667b0c1932bc:  22% ▕███               ▏ 1.1 GB/4.9 GB   32 MB/s   1m59s[K[?25h[?2026l[?2026h[?25l[A[1Gpulling manifest [K
pulling 667b0c1932bc:  22% ▕███               ▏ 1.1 GB/4.9 GB   32 MB/s   1m58s[K[?25h[?2026l[?2026h[?25l[A[1Gpulling manifest [K
pulling 667b0c1932bc:  22% ▕███               ▏ 1.1 GB/4.9 GB   32 MB/s   1m58s[K[?25h[?2026l[?2026h[?25l[A[1Gpulling manifest [K
pulling 667b0c1932bc:  22% ▕███               ▏ 1.1 GB/4.9 GB   32 MB/s   1m58s[K[?25h[?2026l[?2026h[?25l[A[1Gpulling manifest [K
pulling 667b0c1932bc:  22% ▕███               ▏ 1.1 GB/4.9 GB   32 MB/s   1m58s[K[?25h[?2026l[?2026h[?25l[A[1Gpulling manifest [K
pulling 667b0c1932bc:  22% ▕███               ▏ 1.1 GB/4.9 GB   32 MB/s   1m58s[K[?25h[?2026l[?2026h[?25l[A[1Gpulling manifest [K
pulling 667b0c1932bc:  22% ▕███               ▏ 1.1 GB/4.9 GB   32 MB/s   1m58s[K[?25h[?2026l[?2026h[?25l[A[1Gpulling manifest [K
pulling 667b0c1932bc:  22% ▕███               ▏ 1.1 GB/4.9 GB   32 MB/s   1m58s[K[?25h[?2026l[?2026h[?25l[A[1Gpulling manifest [K
pulling 667b0c1932bc:  22% ▕████              ▏ 1.1 GB/4.9 GB   32 MB/s   1m56s[K[?25h[?2026l[?2026h[?25l[A[1Gpulling manifest [K
pulling 667b0c1932bc:  22% ▕████              ▏ 1.1 GB/4.9 GB   32 MB/s   1m56s[K[?25h[?2026l[?2026h[?25l[A[1Gpulling manifest [K
pulling 667b0c1932bc:  22% ▕████              ▏ 1.1 GB/4.9 GB   32 MB/s   1m56s[K[?25h[?2026l[?2026h[?25l[A[1Gpulling manifest [K
pulling 667b0c1932bc:  22% ▕████              ▏ 1.1 GB/4.9 GB   32 MB/s   1m55s[K[?25h[?2026l[?2026h[?25l[A[1Gpulling manifest [K
pulling 667b0c1932bc:  22% ▕████              ▏ 1.1 GB/4.9 GB   32 MB/s   1m55s[K[?25h[?2026l[?2026h[?25l[A[1Gpulling manifest [K
pulling 667b0c1932bc:  22% ▕████              ▏ 1.1 GB/4.9 GB   32 MB/s   1m55s[K[?25h[?2026l[?2026h[?25l[A[1Gpulling manifest [K
pulling 667b0c1932bc:  23% ▕████              ▏ 1.1 GB/4.9 GB   32 MB/s   1m55s[K[?25h[?2026l[?2026h[?25l[A[1Gpulling manifest [K
pulling 667b0c1932bc:  23% ▕████              ▏ 1.1 GB/4.9 GB   32 MB/s   1m55s[K[?25h[?2026l[?2026h[?25l[A[1Gpulling manifest [K
pulling 667b0c1932bc:  23% ▕████              ▏ 1.1 GB/4.9 GB   32 MB/s   1m55s[K[?25h[?2026l[?2026h[?25l[A[1Gpulling manifest [K
pulling 667b0c1932bc:  23% ▕████              ▏ 1.1 GB/4.9 GB   32 MB/s   1m55s[K[?25h[?2026l[?2026h[?25l[A[1Gpulling manifest [K
pulling 667b0c1932bc:  23% ▕████              ▏ 1.1 GB/4.9 GB   32 MB/s   1m56s[K[?25h[?2026l[?2026h[?25l[A[1Gpulling manifest [K
pulling 667b0c1932bc:  23% ▕████              ▏ 1.1 GB/4.9 GB   32 MB/s   1m56s[K[?25h[?2026l[?2026h[?25l[A[1Gpulling manifest [K
pulling 667b0c1932bc:  23% ▕████              ▏ 1.1 GB/4.9 GB   32 MB/s   1m56s[K[?25h[?2026l[?2026h[?25l[A[1Gpulling manifest [K
pulling 667b0c1932bc:  23% ▕████              ▏ 1.1 GB/4.9 GB   32 MB/s   1m56s[K[?25h[?2026l[?2026h[?25l[A[1Gpulling manifest [K
pulling 667b0c1932bc:  23% ▕████              ▏ 1.1 GB/4.9 GB   32 MB/s   1m56s[K[?25h[?2026l[?2026h[?25l[A[1Gpulling manifest [K
pulling 667b0c1932bc:  23% ▕████              ▏ 1.1 GB/4.9 GB   32 MB/s   1m56s[K[?25h[?2026l[?2026h[?25l[A[1Gpulling manifest [K
pulling 667b0c1932bc:  23% ▕████              ▏ 1.1 GB/4.9 GB   32 MB/s   1m56s[K[?25h[?2026l[?2026h[?25l[A[1Gpulling manifest [K
pulling 667b0c1932bc:  23% ▕████              ▏ 1.1 GB/4.9 GB   32 MB/s   1m55s[K[?25h[?2026l[?2026h[?25l[A[1Gpulling manifest [K
pulling 667b0c1932bc:  23% ▕████              ▏ 1.1 GB/4.9 GB   32 MB/s   1m55s[K[?25h[?2026l[?2026h[?25l[A[1Gpulling manifest [K
pulling 667b0c1932bc:  23% ▕████              ▏ 1.2 GB/4.9 GB   32 MB/s   1m55s[K[?25h[?2026l[?2026h[?25l[A[1Gpulling manifest [K
pulling 667b0c1932bc:  23% ▕████              ▏ 1.2 GB/4.9 GB   32 MB/s   1m55s[K[?25h[?2026l[?2026h[?25l[A[1Gpulling manifest [K
pulling 667b0c1932bc:  24% ▕████              ▏ 1.2 GB/4.9 GB   32 MB/s   1m55s[K[?25h[?2026l[?2026h[?25l[A[1Gpulling manifest [K
pulling 667b0c1932bc:  24% ▕████              ▏ 1.2 GB/4.9 GB   32 MB/s   1m55s[K[?25h[?2026l[?2026h[?25l[A[1Gpulling manifest [K
pulling 667b0c1932bc:  24% ▕████              ▏ 1.2 GB/4.9 GB   32 MB/s   1m55s[K[?25h[?2026l[?2026h[?25l[A[1Gpulling manifest [K
pulling 667b0c1932bc:  24% ▕████              ▏ 1.2 GB/4.9 GB   32 MB/s   1m55s[K[?25h[?2026l[?2026h[?25l[A[1Gpulling manifest [K
pulling 667b0c1932bc:  24% ▕████              ▏ 1.2 GB/4.9 GB   32 MB/s   1m55s[K[?25h[?2026l[?2026h[?25l[A[1Gpulling manifest [K
pulling 667b0c1932bc:  24% ▕████              ▏ 1.2 GB/4.9 GB   32 MB/s   1m55s[K[?25h[?2026l[?2026h[?25l[A[1Gpulling manifest [K
pulling 667b0c1932bc:  24% ▕████              ▏ 1.2 GB/4.9 GB   32 MB/s   1m54s[K[?25h[?2026l[?2026h[?25l[A[1Gpulling manifest [K
pulling 667b0c1932bc:  24% ▕████              ▏ 1.2 GB/4.9 GB   32 MB/s   1m54s[K[?25h[?2026l[?2026h[?25l[A[1Gpulling manifest [K
pulling 667b0c1932bc:  24% ▕████              ▏ 1.2 GB/4.9 GB   32 MB/s   1m54s[K[?25h[?2026l[?2026h[?25l[A[1Gpulling manifest [K
pulling 667b0c1932bc:  24% ▕████              ▏ 1.2 GB/4.9 GB   32 MB/s   1m54s[K[?25h[?2026l[?2026h[?25l[A[1Gpulling manifest [K
pulling 667b0c1932bc:  24% ▕████              ▏ 1.2 GB/4.9 GB   32 MB/s   1m54s[K[?25h[?2026l[?2026h[?25l[A[1Gpulling manifest [K
pulling 667b0c1932bc:  24% ▕████              ▏ 1.2 GB/4.9 GB   32 MB/s   1m54s[K[?25h[?2026l[?2026h[?25l[A[1Gpulling manifest [K
pulling 667b0c1932bc:  24% ▕████              ▏ 1.2 GB/4.9 GB   32 MB/s   1m54s[K[?25h[?2026l[?2026h[?25l[A[1Gpulling manifest [K
pulling 667b0c1932bc:  24% ▕████              ▏ 1.2 GB/4.9 GB   32 MB/s   1m54s[K[?25h[?2026l[?2026h[?25l[A[1Gpulling manifest [K
pulling 667b0c1932bc:  24% ▕████              ▏ 1.2 GB/4.9 GB   32 MB/s   1m54s[K[?25h[?2026l[?2026h[?25l[A[1Gpulling manifest [K
pulling 667b0c1932bc:  25% ▕████              ▏ 1.2 GB/4.9 GB   32 MB/s   1m54s[K[?25h[?2026l[?2026h[?25l[A[1Gpulling manifest [K
pulling 667b0c1932bc:  25% ▕████              ▏ 1.2 GB/4.9 GB   32 MB/s   1m53s[K[?25h[?2026l[?2026h[?25l[A[1Gpulling manifest [K
pulling 667b0c1932bc:  25% ▕████              ▏ 1.2 GB/4.9 GB   32 MB/s   1m53s[K[?25h[?2026l[?2026h[?25l[A[1Gpulling manifest [K
pulling 667b0c1932bc:  25% ▕████              ▏ 1.2 GB/4.9 GB   32 MB/s   1m53s[K[?25h[?2026l[?2026h[?25l[A[1Gpulling manifest [K
pulling 667b0c1932bc:  25% ▕████              ▏ 1.2 GB/4.9 GB   32 MB/s   1m53s[K[?25h[?2026l[?2026h[?25l[A[1Gpulling manifest [K
pulling 667b0c1932bc:  25% ▕████              ▏ 1.2 GB/4.9 GB   32 MB/s   1m53s[K[?25h[?2026l[?2026h[?25l[A[1Gpulling manifest [K
pulling 667b0c1932bc:  25% ▕████              ▏ 1.2 GB/4.9 GB   32 MB/s   1m53s[K[?25h[?2026l[?2026h[?25l[A[1Gpulling manifest [K
pulling 667b0c1932bc:  25% ▕████              ▏ 1.2 GB/4.9 GB   32 MB/s   1m53s[K[?25h[?2026l[?2026h[?25l[A[1Gpulling manifest [K
pulling 667b0c1932bc:  25% ▕████              ▏ 1.2 GB/4.9 GB   32 MB/s   1m53s[K[?25h[?2026l[?2026h[?25l[A[1Gpulling manifest [K
pulling 667b0c1932bc:  25% ▕████              ▏ 1.2 GB/4.9 GB   32 MB/s   1m53s[K[?25h[?2026l[?2026h[?25l[A[1Gpulling manifest [K
pulling 667b0c1932bc:  25% ▕████              ▏ 1.2 GB/4.9 GB   32 MB/s   1m53s[K[?25h[?2026l[?2026h[?25l[A[1Gpulling manifest [K
pulling 667b0c1932bc:  25% ▕████              ▏ 1.2 GB/4.9 GB   32 MB/s   1m52s[K[?25h[?2026l[?2026h[?25l[A[1Gpulling manifest [K
pulling 667b0c1932bc:  25% ▕████              ▏ 1.2 GB/4.9 GB   32 MB/s   1m52s[K[?25h[?2026l[?2026h[?25l[A[1Gpulling manifest [K
pulling 667b0c1932bc:  25% ▕████              ▏ 1.2 GB/4.9 GB   32 MB/s   1m52s[K[?25h[?2026l[?2026h[?25l[A[1Gpulling manifest [K
pulling 667b0c1932bc:  25% ▕████              ▏ 1.3 GB/4.9 GB   32 MB/s   1m52s[K[?25h[?2026l[?2026h[?25l[A[1Gpulling manifest [K
pulling 667b0c1932bc:  26% ▕████              ▏ 1.3 GB/4.9 GB   32 MB/s   1m52s[K[?25h[?2026l[?2026h[?25l[A[1Gpulling manifest [K
pulling 667b0c1932bc:  26% ▕████              ▏ 1.3 GB/4.9 GB   32 MB/s   1m52s[K[?25h[?2026l[?2026h[?25l[A[1Gpulling manifest [K
pulling 667b0c1932bc:  26% ▕████              ▏ 1.3 GB/4.9 GB   32 MB/s   1m52s[K[?25h[?2026l[?2026h[?25l[A[1Gpulling manifest [K
pulling 667b0c1932bc:  26% ▕████              ▏ 1.3 GB/4.9 GB   32 MB/s   1m52s[K[?25h[?2026l[?2026h[?25l[A[1Gpulling manifest [K
pulling 667b0c1932bc:  26% ▕████              ▏ 1.3 GB/4.9 GB   32 MB/s   1m52s[K[?25h[?2026l[?2026h[?25l[A[1Gpulling manifest [K
pulling 667b0c1932bc:  26% ▕████              ▏ 1.3 GB/4.9 GB   32 MB/s   1m52s[K[?25h[?2026l[?2026h[?25l[A[1Gpulling manifest [K
pulling 667b0c1932bc:  26% ▕████              ▏ 1.3 GB/4.9 GB   32 MB/s   1m52s[K[?25h[?2026l[?2026h[?25l[A[1Gpulling manifest [K
pulling 667b0c1932bc:  26% ▕████              ▏ 1.3 GB/4.9 GB   32 MB/s   1m52s[K[?25h[?2026l[?2026h[?25l[A[1Gpulling manifest [K
pulling 667b0c1932bc:  26% ▕████              ▏ 1.3 GB/4.9 GB   32 MB/s   1m52s[K[?25h[?2026l[?2026h[?25l[A[1Gpulling manifest [K
pulling 667b0c1932bc:  26% ▕████              ▏ 1.3 GB/4.9 GB   32 MB/s   1m52s[K[?25h[?2026l[?2026h[?25l[A[1Gpulling manifest [K
pulling 667b0c1932bc:  26% ▕████              ▏ 1.3 GB/4.9 GB   32 MB/s   1m51s[K[?25h[?2026l[?2026h[?25l[A[1Gpulling manifest [K
pulling 667b0c1932bc:  26% ▕████              ▏ 1.3 GB/4.9 GB   32 MB/s   1m51s[K[?25h[?2026l[?2026h[?25l[A[1Gpulling manifest [K
pulling 667b0c1932bc:  26% ▕████              ▏ 1.3 GB/4.9 GB   32 MB/s   1m51s[K[?25h[?2026l[?2026h[?25l[A[1Gpulling manifest [K
pulling 667b0c1932bc:  26% ▕████              ▏ 1.3 GB/4.9 GB   32 MB/s   1m51s[K[?25h[?2026l[?2026h[?25l[A[1Gpulling manifest [K
pulling 667b0c1932bc:  26% ▕████              ▏ 1.3 GB/4.9 GB   32 MB/s   1m51s[K[?25h[?2026l[?2026h[?25l[A[1Gpulling manifest [K
pulling 667b0c1932bc:  27% ▕████              ▏ 1.3 GB/4.9 GB   32 MB/s   1m51s[K[?25h[?2026l[?2026h[?25l[A[1Gpulling manifest [K
pulling 667b0c1932bc:  27% ▕████              ▏ 1.3 GB/4.9 GB   32 MB/s   1m51s[K[?25h[?2026l[?2026h[?25l[A[1Gpulling manifest [K
pulling 667b0c1932bc:  27% ▕████              ▏ 1.3 GB/4.9 GB   32 MB/s   1m51s[K[?25h[?2026l[?2026h[?25l[A[1Gpulling manifest [K
pulling 667b0c1932bc:  27% ▕████              ▏ 1.3 GB/4.9 GB   32 MB/s   1m51s[K[?25h[?2026l[?2026h[?25l[A[1Gpulling manifest [K
pulling 667b0c1932bc:  27% ▕████              ▏ 1.3 GB/4.9 GB   32 MB/s   1m50s[K[?25h[?2026l[?2026h[?25l[A[1Gpulling manifest [K
pulling 667b0c1932bc:  27% ▕████              ▏ 1.3 GB/4.9 GB   32 MB/s   1m50s[K[?25h[?2026l[?2026h[?25l[A[1Gpulling manifest [K
pulling 667b0c1932bc:  27% ▕████              ▏ 1.3 GB/4.9 GB   32 MB/s   1m50s[K[?25h[?2026l[?2026h[?25l[A[1Gpulling manifest [K
pulling 667b0c1932bc:  27% ▕████              ▏ 1.3 GB/4.9 GB   32 MB/s   1m50s[K[?25h[?2026l[?2026h[?25l[A[1Gpulling manifest [K
pulling 667b0c1932bc:  27% ▕████              ▏ 1.3 GB/4.9 GB   32 MB/s   1m50s[K[?25h[?2026l[?2026h[?25l[A[1Gpulling manifest [K
pulling 667b0c1932bc:  27% ▕████              ▏ 1.3 GB/4.9 GB   32 MB/s   1m50s[K[?25h[?2026l[?2026h[?25l[A[1Gpulling manifest [K
pulling 667b0c1932bc:  27% ▕████              ▏ 1.3 GB/4.9 GB   32 MB/s   1m50s[K[?25h[?2026l[?2026h[?25l[A[1Gpulling manifest [K
pulling 667b0c1932bc:  27% ▕████              ▏ 1.3 GB/4.9 GB   32 MB/s   1m50s[K[?25h[?2026l[?2026h[?25l[A[1Gpulling manifest [K
pulling 667b0c1932bc:  27% ▕████              ▏ 1.3 GB/4.9 GB   32 MB/s   1m50s[K[?25h[?2026l[?2026h[?25l[A[1Gpulling manifest [K
pulling 667b0c1932bc:  27% ▕████              ▏ 1.3 GB/4.9 GB   32 MB/s   1m50s[K[?25h[?2026l[?2026h[?25l[A[1Gpulling manifest [K
pulling 667b0c1932bc:  27% ▕████              ▏ 1.3 GB/4.9 GB   32 MB/s   1m49s[K[?25h[?2026l[?2026h[?25l[A[1Gpulling manifest [K
pulling 667b0c1932bc:  28% ▕████              ▏ 1.4 GB/4.9 GB   32 MB/s   1m48s[K[?25h[?2026l[?2026h[?25l[A[1Gpulling manifest [K
pulling 667b0c1932bc:  28% ▕████              ▏ 1.4 GB/4.9 GB   32 MB/s   1m48s[K[?25h[?2026l[?2026h[?25l[A[1Gpulling manifest [K
pulling 667b0c1932bc:  28% ▕████              ▏ 1.4 GB/4.9 GB   32 MB/s   1m48s[K[?25h[?2026l[?2026h[?25l[A[1Gpulling manifest [K
pulling 667b0c1932bc:  28% ▕████              ▏ 1.4 GB/4.9 GB   32 MB/s   1m48s[K[?25h[?2026l[?2026h[?25l[A[1Gpulling manifest [K
pulling 667b0c1932bc:  28% ▕████              ▏ 1.4 GB/4.9 GB   32 MB/s   1m48s[K[?25h[?2026l[?2026h[?25l[A[1Gpulling manifest [K
pulling 667b0c1932bc:  28% ▕█████             ▏ 1.4 GB/4.9 GB   32 MB/s   1m48s[K[?25h[?2026l[?2026h[?25l[A[1Gpulling manifest [K
pulling 667b0c1932bc:  28% ▕█████             ▏ 1.4 GB/4.9 GB   32 MB/s   1m48s[K[?25h[?2026l[?2026h[?25l[A[1Gpulling manifest [K
pulling 667b0c1932bc:  28% ▕█████             ▏ 1.4 GB/4.9 GB   32 MB/s   1m48s[K[?25h[?2026l[?2026h[?25l[A[1Gpulling manifest [K
pulling 667b0c1932bc:  28% ▕█████             ▏ 1.4 GB/4.9 GB   32 MB/s   1m47s[K[?25h[?2026l[?2026h[?25l[A[1Gpulling manifest [K
pulling 667b0c1932bc:  28% ▕█████             ▏ 1.4 GB/4.9 GB   32 MB/s   1m47s[K[?25h[?2026l[?2026h[?25l[A[1Gpulling manifest [K
pulling 667b0c1932bc:  28% ▕█████             ▏ 1.4 GB/4.9 GB   32 MB/s   1m47s[K[?25h[?2026l[?2026h[?25l[A[1Gpulling manifest [K
pulling 667b0c1932bc:  28% ▕█████             ▏ 1.4 GB/4.9 GB   32 MB/s   1m47s[K[?25h[?2026l[?2026h[?25l[A[1Gpulling manifest [K
pulling 667b0c1932bc:  28% ▕█████             ▏ 1.4 GB/4.9 GB   32 MB/s   1m47s[K[?25h[?2026l[?2026h[?25l[A[1Gpulling manifest [K
pulling 667b0c1932bc:  28% ▕█████             ▏ 1.4 GB/4.9 GB   32 MB/s   1m47s[K[?25h[?2026l[?2026h[?25l[A[1Gpulling manifest [K
pulling 667b0c1932bc:  28% ▕█████             ▏ 1.4 GB/4.9 GB   32 MB/s   1m47s[K[?25h[?2026l[?2026h[?25l[A[1Gpulling manifest [K
pulling 667b0c1932bc:  29% ▕█████             ▏ 1.4 GB/4.9 GB   32 MB/s   1m47s[K[?25h[?2026l[?2026h[?25l[A[1Gpulling manifest [K
pulling 667b0c1932bc:  29% ▕█████             ▏ 1.4 GB/4.9 GB   32 MB/s   1m47s[K[?25h[?2026l[?2026h[?25l[A[1Gpulling manifest [K
pulling 667b0c1932bc:  29% ▕█████             ▏ 1.4 GB/4.9 GB   32 MB/s   1m47s[K[?25h[?2026l[?2026h[?25l[A[1Gpulling manifest [K
pulling 667b0c1932bc:  29% ▕█████             ▏ 1.4 GB/4.9 GB   32 MB/s   1m46s[K[?25h[?2026l[?2026h[?25l[A[1Gpulling manifest [K
pulling 667b0c1932bc:  29% ▕█████             ▏ 1.4 GB/4.9 GB   32 MB/s   1m46s[K[?25h[?2026l[?2026h[?25l[A[1Gpulling manifest [K
pulling 667b0c1932bc:  29% ▕█████             ▏ 1.4 GB/4.9 GB   32 MB/s   1m46s[K[?25h[?2026l[?2026h[?25l[A[1Gpulling manifest [K
pulling 667b0c1932bc:  29% ▕█████             ▏ 1.4 GB/4.9 GB   33 MB/s   1m44s[K[?25h[?2026l[?2026h[?25l[A[1Gpulling manifest [K
pulling 667b0c1932bc:  29% ▕█████             ▏ 1.4 GB/4.9 GB   33 MB/s   1m44s[K[?25h[?2026l[?2026h[?25l[A[1Gpulling manifest [K
pulling 667b0c1932bc:  29% ▕█████             ▏ 1.4 GB/4.9 GB   33 MB/s   1m44s[K[?25h[?2026l[?2026h[?25l[A[1Gpulling manifest [K
pulling 667b0c1932bc:  29% ▕█████             ▏ 1.4 GB/4.9 GB   33 MB/s   1m44s[K[?25h[?2026l[?2026h[?25l[A[1Gpulling manifest [K
pulling 667b0c1932bc:  29% ▕█████             ▏ 1.4 GB/4.9 GB   33 MB/s   1m44s[K[?25h[?2026l[?2026h[?25l[A[1Gpulling manifest [K
pulling 667b0c1932bc:  29% ▕█████             ▏ 1.4 GB/4.9 GB   33 MB/s   1m44s[K[?25h[?2026l[?2026h[?25l[A[1Gpulling manifest [K
pulling 667b0c1932bc:  29% ▕█████             ▏ 1.4 GB/4.9 GB   33 MB/s   1m44s[K[?25h[?2026l[?2026h[?25l[A[1Gpulling manifest [K
pulling 667b0c1932bc:  29% ▕█████             ▏ 1.4 GB/4.9 GB   33 MB/s   1m44s[K[?25h[?2026l[?2026h[?25l[A[1Gpulling manifest [K
pulling 667b0c1932bc:  29% ▕█████             ▏ 1.4 GB/4.9 GB   33 MB/s   1m44s[K[?25h[?2026l[?2026h[?25l[A[1Gpulling manifest [K
pulling 667b0c1932bc:  29% ▕█████             ▏ 1.4 GB/4.9 GB   33 MB/s   1m44s[K[?25h[?2026l[?2026h[?25l[A[1Gpulling manifest [K
pulling 667b0c1932bc:  29% ▕█████             ▏ 1.4 GB/4.9 GB   32 MB/s   1m45s[K[?25h[?2026l[?2026h[?25l[A[1Gpulling manifest [K
pulling 667b0c1932bc:  30% ▕█████             ▏ 1.5 GB/4.9 GB   32 MB/s   1m45s[K[?25h[?2026l[?2026h[?25l[A[1Gpulling manifest [K
pulling 667b0c1932bc:  30% ▕█████             ▏ 1.5 GB/4.9 GB   32 MB/s   1m45s[K[?25h[?2026l[?2026h[?25l[A[1Gpulling manifest [K
pulling 667b0c1932bc:  30% ▕█████             ▏ 1.5 GB/4.9 GB   32 MB/s   1m45s[K[?25h[?2026l[?2026h[?25l[A[1Gpulling manifest [K
pulling 667b0c1932bc:  30% ▕█████             ▏ 1.5 GB/4.9 GB   32 MB/s   1m45s[K[?25h[?2026l[?2026h[?25l[A[1Gpulling manifest [K
pulling 667b0c1932bc:  30% ▕█████             ▏ 1.5 GB/4.9 GB   32 MB/s   1m45s[K[?25h[?2026l[?2026h[?25l[A[1Gpulling manifest [K
pulling 667b0c1932bc:  30% ▕█████             ▏ 1.5 GB/4.9 GB   32 MB/s   1m45s[K[?25h[?2026l[?2026h[?25l[A[1Gpulling manifest [K
pulling 667b0c1932bc:  30% ▕█████             ▏ 1.5 GB/4.9 GB   32 MB/s   1m45s[K[?25h[?2026l[?2026h[?25l[A[1Gpulling manifest [K
pulling 667b0c1932bc:  30% ▕█████             ▏ 1.5 GB/4.9 GB   32 MB/s   1m45s[K[?25h[?2026l[?2026h[?25l[A[1Gpulling manifest [K
pulling 667b0c1932bc:  30% ▕█████             ▏ 1.5 GB/4.9 GB   32 MB/s   1m44s[K[?25h[?2026l[?2026h[?25l[A[1Gpulling manifest [K
pulling 667b0c1932bc:  30% ▕█████             ▏ 1.5 GB/4.9 GB   32 MB/s   1m44s[K[?25h[?2026l[?2026h[?25l[A[1Gpulling manifest [K
pulling 667b0c1932bc:  30% ▕█████             ▏ 1.5 GB/4.9 GB   32 MB/s   1m44s[K[?25h[?2026l[?2026h[?25l[A[1Gpulling manifest [K
pulling 667b0c1932bc:  30% ▕█████             ▏ 1.5 GB/4.9 GB   32 MB/s   1m44s[K[?25h[?2026l[?2026h[?25l[A[1Gpulling manifest [K
pulling 667b0c1932bc:  30% ▕█████             ▏ 1.5 GB/4.9 GB   32 MB/s   1m44s[K[?25h[?2026l[?2026h[?25l[A[1Gpulling manifest [K
pulling 667b0c1932bc:  30% ▕█████             ▏ 1.5 GB/4.9 GB   32 MB/s   1m44s[K[?25h[?2026l[?2026h[?25l[A[1Gpulling manifest [K
pulling 667b0c1932bc:  30% ▕█████             ▏ 1.5 GB/4.9 GB   32 MB/s   1m44s[K[?25h[?2026l[?2026h[?25l[A[1Gpulling manifest [K
pulling 667b0c1932bc:  31% ▕█████             ▏ 1.5 GB/4.9 GB   32 MB/s   1m44s[K[?25h[?2026l[?2026h[?25l[A[1Gpulling manifest [K
pulling 667b0c1932bc:  31% ▕█████             ▏ 1.5 GB/4.9 GB   32 MB/s   1m44s[K[?25h[?2026l[?2026h[?25l[A[1Gpulling manifest [K
pulling 667b0c1932bc:  31% ▕█████             ▏ 1.5 GB/4.9 GB   32 MB/s   1m44s[K[?25h[?2026l[?2026h[?25l[A[1Gpulling manifest [K
pulling 667b0c1932bc:  31% ▕█████             ▏ 1.5 GB/4.9 GB   32 MB/s   1m43s[K[?25h[?2026l[?2026h[?25l[A[1Gpulling manifest [K
pulling 667b0c1932bc:  31% ▕█████             ▏ 1.5 GB/4.9 GB   32 MB/s   1m45s[K[?25h[?2026l[?2026h[?25l[A[1Gpulling manifest [K
pulling 667b0c1932bc:  31% ▕█████             ▏ 1.5 GB/4.9 GB   32 MB/s   1m45s[K[?25h[?2026l[?2026h[?25l[A[1Gpulling manifest [K
pulling 667b0c1932bc:  31% ▕█████             ▏ 1.5 GB/4.9 GB   32 MB/s   1m44s[K[?25h[?2026l[?2026h[?25l[A[1Gpulling manifest [K
pulling 667b0c1932bc:  31% ▕█████             ▏ 1.5 GB/4.9 GB   32 MB/s   1m44s[K[?25h[?2026l[?2026h[?25l[A[1Gpulling manifest [K
pulling 667b0c1932bc:  31% ▕█████             ▏ 1.5 GB/4.9 GB   32 MB/s   1m44s[K[?25h[?2026l[?2026h[?25l[A[1Gpulling manifest [K
pulling 667b0c1932bc:  31% ▕█████             ▏ 1.5 GB/4.9 GB   32 MB/s   1m44s[K[?25h[?2026l[?2026h[?25l[A[1Gpulling manifest [K
pulling 667b0c1932bc:  31% ▕█████             ▏ 1.5 GB/4.9 GB   32 MB/s   1m44s[K[?25h[?2026l[?2026h[?25l[A[1Gpulling manifest [K
pulling 667b0c1932bc:  31% ▕█████             ▏ 1.5 GB/4.9 GB   32 MB/s   1m44s[K[?25h[?2026l[?2026h[?25l[A[1Gpulling manifest [K
pulling 667b0c1932bc:  31% ▕█████             ▏ 1.5 GB/4.9 GB   32 MB/s   1m44s[K[?25h[?2026l[?2026h[?25l[A[1Gpulling manifest [K
pulling 667b0c1932bc:  31% ▕█████             ▏ 1.5 GB/4.9 GB   32 MB/s   1m44s[K[?25h[?2026l[?2026h[?25l[A[1Gpulling manifest [K
pulling 667b0c1932bc:  31% ▕█████             ▏ 1.5 GB/4.9 GB   32 MB/s   1m44s[K[?25h[?2026l[?2026h[?25l[A[1Gpulling manifest [K
pulling 667b0c1932bc:  31% ▕█████             ▏ 1.5 GB/4.9 GB   32 MB/s   1m44s[K[?25h[?2026l[?2026h[?25l[A[1Gpulling manifest [K
pulling 667b0c1932bc:  32% ▕█████             ▏ 1.6 GB/4.9 GB   32 MB/s   1m44s[K[?25h[?2026l[?2026h[?25l[A[1Gpulling manifest [K
pulling 667b0c1932bc:  32% ▕█████             ▏ 1.6 GB/4.9 GB   32 MB/s   1m44s[K[?25h[?2026l[?2026h[?25l[A[1Gpulling manifest [K
pulling 667b0c1932bc:  32% ▕█████             ▏ 1.6 GB/4.9 GB   32 MB/s   1m43s[K[?25h[?2026l[?2026h[?25l[A[1Gpulling manifest [K
pulling 667b0c1932bc:  32% ▕█████             ▏ 1.6 GB/4.9 GB   32 MB/s   1m43s[K[?25h[?2026l[?2026h[?25l[A[1Gpulling manifest [K
pulling 667b0c1932bc:  32% ▕█████             ▏ 1.6 GB/4.9 GB   32 MB/s   1m43s[K[?25h[?2026l[?2026h[?25l[A[1Gpulling manifest [K
pulling 667b0c1932bc:  32% ▕█████             ▏ 1.6 GB/4.9 GB   32 MB/s   1m43s[K[?25h[?2026l[?2026h[?25l[A[1Gpulling manifest [K
pulling 667b0c1932bc:  32% ▕█████             ▏ 1.6 GB/4.9 GB   32 MB/s   1m43s[K[?25h[?2026l[?2026h[?25l[A[1Gpulling manifest [K
pulling 667b0c1932bc:  32% ▕█████             ▏ 1.6 GB/4.9 GB   32 MB/s   1m43s[K[?25h[?2026l[?2026h[?25l[A[1Gpulling manifest [K
pulling 667b0c1932bc:  32% ▕█████             ▏ 1.6 GB/4.9 GB   32 MB/s   1m43s[K[?25h[?2026l[?2026h[?25l[A[1Gpulling manifest [K
pulling 667b0c1932bc:  32% ▕█████             ▏ 1.6 GB/4.9 GB   32 MB/s   1m43s[K[?25h[?2026l[?2026h[?25l[A[1Gpulling manifest [K
pulling 667b0c1932bc:  32% ▕█████             ▏ 1.6 GB/4.9 GB   32 MB/s   1m43s[K[?25h[?2026l[?2026h[?25l[A[1Gpulling manifest [K
pulling 667b0c1932bc:  32% ▕█████             ▏ 1.6 GB/4.9 GB   32 MB/s   1m43s[K[?25h[?2026l[?2026h[?25l[A[1Gpulling manifest [K
pulling 667b0c1932bc:  32% ▕█████             ▏ 1.6 GB/4.9 GB   32 MB/s   1m42s[K[?25h[?2026l[?2026h[?25l[A[1Gpulling manifest [K
pulling 667b0c1932bc:  32% ▕█████             ▏ 1.6 GB/4.9 GB   32 MB/s   1m42s[K[?25h[?2026l[?2026h[?25l[A[1Gpulling manifest [K
pulling 667b0c1932bc:  32% ▕█████             ▏ 1.6 GB/4.9 GB   32 MB/s   1m42s[K[?25h[?2026l[?2026h[?25l[A[1Gpulling manifest [K
pulling 667b0c1932bc:  33% ▕█████             ▏ 1.6 GB/4.9 GB   32 MB/s   1m42s[K[?25h[?2026l[?2026h[?25l[A[1Gpulling manifest [K
pulling 667b0c1932bc:  33% ▕█████             ▏ 1.6 GB/4.9 GB   32 MB/s   1m42s[K[?25h[?2026l[?2026h[?25l[A[1Gpulling manifest [K
pulling 667b0c1932bc:  33% ▕█████             ▏ 1.6 GB/4.9 GB   32 MB/s   1m42s[K[?25h[?2026l[?2026h[?25l[A[1Gpulling manifest [K
pulling 667b0c1932bc:  33% ▕█████             ▏ 1.6 GB/4.9 GB   32 MB/s   1m42s[K[?25h[?2026l[?2026h[?25l[A[1Gpulling manifest [K
pulling 667b0c1932bc:  33% ▕█████             ▏ 1.6 GB/4.9 GB   32 MB/s   1m42s[K[?25h[?2026l[?2026h[?25l[A[1Gpulling manifest [K
pulling 667b0c1932bc:  33% ▕█████             ▏ 1.6 GB/4.9 GB   32 MB/s   1m42s[K[?25h[?2026l[?2026h[?25l[A[1Gpulling manifest [K
pulling 667b0c1932bc:  33% ▕█████             ▏ 1.6 GB/4.9 GB   32 MB/s   1m42s[K[?25h[?2026l[?2026h[?25l[A[1Gpulling manifest [K
pulling 667b0c1932bc:  33% ▕█████             ▏ 1.6 GB/4.9 GB   32 MB/s   1m41s[K[?25h[?2026l[?2026h[?25l[A[1Gpulling manifest [K
pulling 667b0c1932bc:  33% ▕█████             ▏ 1.6 GB/4.9 GB   32 MB/s   1m41s[K[?25h[?2026l[?2026h[?25l[A[1Gpulling manifest [K
pulling 667b0c1932bc:  33% ▕█████             ▏ 1.6 GB/4.9 GB   32 MB/s   1m41s[K[?25h[?2026l[?2026h[?25l[A[1Gpulling manifest [K
pulling 667b0c1932bc:  33% ▕█████             ▏ 1.6 GB/4.9 GB   32 MB/s   1m41s[K[?25h[?2026l[?2026h[?25l[A[1Gpulling manifest [K
pulling 667b0c1932bc:  33% ▕█████             ▏ 1.6 GB/4.9 GB   32 MB/s   1m41s[K[?25h[?2026l[?2026h[?25l[A[1Gpulling manifest [K
pulling 667b0c1932bc:  33% ▕█████             ▏ 1.6 GB/4.9 GB   32 MB/s   1m41s[K[?25h[?2026l[?2026h[?25l[A[1Gpulling manifest [K
pulling 667b0c1932bc:  33% ▕██████            ▏ 1.6 GB/4.9 GB   32 MB/s   1m41s[K[?25h[?2026l[?2026h[?25l[A[1Gpulling manifest [K
pulling 667b0c1932bc:  33% ▕██████            ▏ 1.6 GB/4.9 GB   32 MB/s   1m41s[K[?25h[?2026l[?2026h[?25l[A[1Gpulling manifest [K
pulling 667b0c1932bc:  34% ▕██████            ▏ 1.6 GB/4.9 GB   32 MB/s   1m40s[K[?25h[?2026l[?2026h[?25l[A[1Gpulling manifest [K
pulling 667b0c1932bc:  34% ▕██████            ▏ 1.7 GB/4.9 GB   32 MB/s   1m40s[K[?25h[?2026l[?2026h[?25l[A[1Gpulling manifest [K
pulling 667b0c1932bc:  34% ▕██████            ▏ 1.7 GB/4.9 GB   32 MB/s   1m40s[K[?25h[?2026l[?2026h[?25l[A[1Gpulling manifest [K
pulling 667b0c1932bc:  34% ▕██████            ▏ 1.7 GB/4.9 GB   32 MB/s   1m40s[K[?25h[?2026l[?2026h[?25l[A[1Gpulling manifest [K
pulling 667b0c1932bc:  34% ▕██████            ▏ 1.7 GB/4.9 GB   32 MB/s   1m40s[K[?25h[?2026l[?2026h[?25l[A[1Gpulling manifest [K
pulling 667b0c1932bc:  34% ▕██████            ▏ 1.7 GB/4.9 GB   32 MB/s   1m40s[K[?25h[?2026l[?2026h[?25l[A[1Gpulling manifest [K
pulling 667b0c1932bc:  34% ▕██████            ▏ 1.7 GB/4.9 GB   32 MB/s   1m40s[K[?25h[?2026l[?2026h[?25l[A[1Gpulling manifest [K
pulling 667b0c1932bc:  34% ▕██████            ▏ 1.7 GB/4.9 GB   32 MB/s   1m40s[K[?25h[?2026l[?2026h[?25l[A[1Gpulling manifest [K
pulling 667b0c1932bc:  34% ▕██████            ▏ 1.7 GB/4.9 GB   32 MB/s   1m40s[K[?25h[?2026l[?2026h[?25l[A[1Gpulling manifest [K
pulling 667b0c1932bc:  34% ▕██████            ▏ 1.7 GB/4.9 GB   32 MB/s   1m40s[K[?25h[?2026l[?2026h[?25l[A[1Gpulling manifest [K
pulling 667b0c1932bc:  34% ▕██████            ▏ 1.7 GB/4.9 GB   32 MB/s   1m39s[K[?25h[?2026l[?2026h[?25l[A[1Gpulling manifest [K
pulling 667b0c1932bc:  34% ▕██████            ▏ 1.7 GB/4.9 GB   32 MB/s   1m39s[K[?25h[?2026l[?2026h[?25l[A[1Gpulling manifest [K
pulling 667b0c1932bc:  34% ▕██████            ▏ 1.7 GB/4.9 GB   32 MB/s   1m39s[K[?25h[?2026l[?2026h[?25l[A[1Gpulling manifest [K
pulling 667b0c1932bc:  34% ▕██████            ▏ 1.7 GB/4.9 GB   32 MB/s   1m39s[K[?25h[?2026l[?2026h[?25l[A[1Gpulling manifest [K
pulling 667b0c1932bc:  34% ▕██████            ▏ 1.7 GB/4.9 GB   32 MB/s   1m39s[K[?25h[?2026l[?2026h[?25l[A[1Gpulling manifest [K
pulling 667b0c1932bc:  35% ▕██████            ▏ 1.7 GB/4.9 GB   32 MB/s   1m39s[K[?25h[?2026l[?2026h[?25l[A[1Gpulling manifest [K
pulling 667b0c1932bc:  35% ▕██████            ▏ 1.7 GB/4.9 GB   32 MB/s   1m39s[K[?25h[?2026l[?2026h[?25l[A[1Gpulling manifest [K
pulling 667b0c1932bc:  35% ▕██████            ▏ 1.7 GB/4.9 GB   32 MB/s   1m39s[K[?25h[?2026l[?2026h[?25l[A[1Gpulling manifest [K
pulling 667b0c1932bc:  35% ▕██████            ▏ 1.7 GB/4.9 GB   32 MB/s   1m39s[K[?25h[?2026l[?2026h[?25l[A[1Gpulling manifest [K
pulling 667b0c1932bc:  35% ▕██████            ▏ 1.7 GB/4.9 GB   32 MB/s   1m39s[K[?25h[?2026l[?2026h[?25l[A[1Gpulling manifest [K
pulling 667b0c1932bc:  35% ▕██████            ▏ 1.7 GB/4.9 GB   32 MB/s   1m38s[K[?25h[?2026l[?2026h[?25l[A[1Gpulling manifest [K
pulling 667b0c1932bc:  35% ▕██████            ▏ 1.7 GB/4.9 GB   32 MB/s   1m38s[K[?25h[?2026l[?2026h[?25l[A[1Gpulling manifest [K
pulling 667b0c1932bc:  35% ▕██████            ▏ 1.7 GB/4.9 GB   32 MB/s   1m38s[K[?25h[?2026l[?2026h[?25l[A[1Gpulling manifest [K
pulling 667b0c1932bc:  35% ▕██████            ▏ 1.7 GB/4.9 GB   32 MB/s   1m38s[K[?25h[?2026l[?2026h[?25l[A[1Gpulling manifest [K
pulling 667b0c1932bc:  35% ▕██████            ▏ 1.7 GB/4.9 GB   32 MB/s   1m38s[K[?25h[?2026l[?2026h[?25l[A[1Gpulling manifest [K
pulling 667b0c1932bc:  35% ▕██████            ▏ 1.7 GB/4.9 GB   32 MB/s   1m38s[K[?25h[?2026l[?2026h[?25l[A[1Gpulling manifest [K
pulling 667b0c1932bc:  35% ▕██████            ▏ 1.7 GB/4.9 GB   32 MB/s   1m38s[K[?25h[?2026l[?2026h[?25l[A[1Gpulling manifest [K
pulling 667b0c1932bc:  35% ▕██████            ▏ 1.7 GB/4.9 GB   32 MB/s   1m38s[K[?25h[?2026l[?2026h[?25l[A[1Gpulling manifest [K
pulling 667b0c1932bc:  35% ▕██████            ▏ 1.7 GB/4.9 GB   32 MB/s   1m38s[K[?25h[?2026l[?2026h[?25l[A[1Gpulling manifest [K
pulling 667b0c1932bc:  35% ▕██████            ▏ 1.7 GB/4.9 GB   32 MB/s   1m38s[K[?25h[?2026l[?2026h[?25l[A[1Gpulling manifest [K
pulling 667b0c1932bc:  36% ▕██████            ▏ 1.7 GB/4.9 GB   32 MB/s   1m36s[K[?25h[?2026l[?2026h[?25l[A[1Gpulling manifest [K
pulling 667b0c1932bc:  36% ▕██████            ▏ 1.7 GB/4.9 GB   32 MB/s   1m36s[K[?25h[?2026l[?2026h[?25l[A[1Gpulling manifest [K
pulling 667b0c1932bc:  36% ▕██████            ▏ 1.8 GB/4.9 GB   32 MB/s   1m36s[K[?25h[?2026l[?2026h[?25l[A[1Gpulling manifest [K
pulling 667b0c1932bc:  36% ▕██████            ▏ 1.8 GB/4.9 GB   32 MB/s   1m35s[K[?25h[?2026l[?2026h[?25l[A[1Gpulling manifest [K
pulling 667b0c1932bc:  36% ▕██████            ▏ 1.8 GB/4.9 GB   32 MB/s   1m35s[K[?25h[?2026l[?2026h[?25l[A[1Gpulling manifest [K
pulling 667b0c1932bc:  36% ▕██████            ▏ 1.8 GB/4.9 GB   32 MB/s   1m35s[K[?25h[?2026l[?2026h[?25l[A[1Gpulling manifest [K
pulling 667b0c1932bc:  36% ▕██████            ▏ 1.8 GB/4.9 GB   32 MB/s   1m35s[K[?25h[?2026l[?2026h[?25l[A[1Gpulling manifest [K
pulling 667b0c1932bc:  36% ▕██████            ▏ 1.8 GB/4.9 GB   32 MB/s   1m35s[K[?25h[?2026l[?2026h[?25l[A[1Gpulling manifest [K
pulling 667b0c1932bc:  36% ▕██████            ▏ 1.8 GB/4.9 GB   32 MB/s   1m35s[K[?25h[?2026l[?2026h[?25l[A[1Gpulling manifest [K
pulling 667b0c1932bc:  36% ▕██████            ▏ 1.8 GB/4.9 GB   32 MB/s   1m35s[K[?25h[?2026l[?2026h[?25l[A[1Gpulling manifest [K
pulling 667b0c1932bc:  36% ▕██████            ▏ 1.8 GB/4.9 GB   32 MB/s   1m37s[K[?25h[?2026l[?2026h[?25l[A[1Gpulling manifest [K
pulling 667b0c1932bc:  36% ▕██████            ▏ 1.8 GB/4.9 GB   32 MB/s   1m37s[K[?25h[?2026l[?2026h[?25l[A[1Gpulling manifest [K
pulling 667b0c1932bc:  36% ▕██████            ▏ 1.8 GB/4.9 GB   32 MB/s   1m36s[K[?25h[?2026l[?2026h[?25l[A[1Gpulling manifest [K
pulling 667b0c1932bc:  36% ▕██████            ▏ 1.8 GB/4.9 GB   32 MB/s   1m36s[K[?25h[?2026l[?2026h[?25l[A[1Gpulling manifest [K
pulling 667b0c1932bc:  36% ▕██████            ▏ 1.8 GB/4.9 GB   32 MB/s   1m36s[K[?25h[?2026l[?2026h[?25l[A[1Gpulling manifest [K
pulling 667b0c1932bc:  36% ▕██████            ▏ 1.8 GB/4.9 GB   32 MB/s   1m36s[K[?25h[?2026l[?2026h[?25l[A[1Gpulling manifest [K
pulling 667b0c1932bc:  36% ▕██████            ▏ 1.8 GB/4.9 GB   32 MB/s   1m36s[K[?25h[?2026l[?2026h[?25l[A[1Gpulling manifest [K
pulling 667b0c1932bc:  37% ▕██████            ▏ 1.8 GB/4.9 GB   32 MB/s   1m36s[K[?25h[?2026l[?2026h[?25l[A[1Gpulling manifest [K
pulling 667b0c1932bc:  37% ▕██████            ▏ 1.8 GB/4.9 GB   32 MB/s   1m36s[K[?25h[?2026l[?2026h[?25l[A[1Gpulling manifest [K
pulling 667b0c1932bc:  37% ▕██████            ▏ 1.8 GB/4.9 GB   32 MB/s   1m36s[K[?25h[?2026l[?2026h[?25l[A[1Gpulling manifest [K
pulling 667b0c1932bc:  37% ▕██████            ▏ 1.8 GB/4.9 GB   32 MB/s   1m35s[K[?25h[?2026l[?2026h[?25l[A[1Gpulling manifest [K
pulling 667b0c1932bc:  37% ▕██████            ▏ 1.8 GB/4.9 GB   32 MB/s   1m35s[K[?25h[?2026l[?2026h[?25l[A[1Gpulling manifest [K
pulling 667b0c1932bc:  37% ▕██████            ▏ 1.8 GB/4.9 GB   32 MB/s   1m34s[K[?25h[?2026l[?2026h[?25l[A[1Gpulling manifest [K
pulling 667b0c1932bc:  37% ▕██████            ▏ 1.8 GB/4.9 GB   32 MB/s   1m34s[K[?25h[?2026l[?2026h[?25l[A[1Gpulling manifest [K
pulling 667b0c1932bc:  37% ▕██████            ▏ 1.8 GB/4.9 GB   32 MB/s   1m34s[K[?25h[?2026l[?2026h[?25l[A[1Gpulling manifest [K
pulling 667b0c1932bc:  37% ▕██████            ▏ 1.8 GB/4.9 GB   32 MB/s   1m34s[K[?25h[?2026l[?2026h[?25l[A[1Gpulling manifest [K
pulling 667b0c1932bc:  37% ▕██████            ▏ 1.8 GB/4.9 GB   32 MB/s   1m34s[K[?25h[?2026l[?2026h[?25l[A[1Gpulling manifest [K
pulling 667b0c1932bc:  37% ▕██████            ▏ 1.8 GB/4.9 GB   32 MB/s   1m34s[K[?25h[?2026l[?2026h[?25l[A[1Gpulling manifest [K
pulling 667b0c1932bc:  37% ▕██████            ▏ 1.8 GB/4.9 GB   32 MB/s   1m34s[K[?25h[?2026l[?2026h[?25l[A[1Gpulling manifest [K
pulling 667b0c1932bc:  37% ▕██████            ▏ 1.8 GB/4.9 GB   32 MB/s   1m34s[K[?25h[?2026l[?2026h[?25l[A[1Gpulling manifest [K
pulling 667b0c1932bc:  37% ▕██████            ▏ 1.8 GB/4.9 GB   32 MB/s   1m33s[K[?25h[?2026l[?2026h[?25l[A[1Gpulling manifest [K
pulling 667b0c1932bc:  37% ▕██████            ▏ 1.8 GB/4.9 GB   32 MB/s   1m33s[K[?25h[?2026l[?2026h[?25l[A[1Gpulling manifest [K
pulling 667b0c1932bc:  38% ▕██████            ▏ 1.8 GB/4.9 GB   32 MB/s   1m33s[K[?25h[?2026l[?2026h[?25l[A[1Gpulling manifest [K
pulling 667b0c1932bc:  38% ▕██████            ▏ 1.9 GB/4.9 GB   32 MB/s   1m33s[K[?25h[?2026l[?2026h[?25l[A[1Gpulling manifest [K
pulling 667b0c1932bc:  38% ▕██████            ▏ 1.9 GB/4.9 GB   32 MB/s   1m33s[K[?25h[?2026l[?2026h[?25l[A[1Gpulling manifest [K
pulling 667b0c1932bc:  38% ▕██████            ▏ 1.9 GB/4.9 GB   32 MB/s   1m33s[K[?25h[?2026l[?2026h[?25l[A[1Gpulling manifest [K
pulling 667b0c1932bc:  38% ▕██████            ▏ 1.9 GB/4.9 GB   32 MB/s   1m32s[K[?25h[?2026l[?2026h[?25l[A[1Gpulling manifest [K
pulling 667b0c1932bc:  38% ▕██████            ▏ 1.9 GB/4.9 GB   32 MB/s   1m32s[K[?25h[?2026l[?2026h[?25l[A[1Gpulling manifest [K
pulling 667b0c1932bc:  38% ▕██████            ▏ 1.9 GB/4.9 GB   32 MB/s   1m32s[K[?25h[?2026l[?2026h[?25l[A[1Gpulling manifest [K
pulling 667b0c1932bc:  38% ▕██████            ▏ 1.9 GB/4.9 GB   32 MB/s   1m32s[K[?25h[?2026l[?2026h[?25l[A[1Gpulling manifest [K
pulling 667b0c1932bc:  38% ▕██████            ▏ 1.9 GB/4.9 GB   32 MB/s   1m32s[K[?25h[?2026l[?2026h[?25l[A[1Gpulling manifest [K
pulling 667b0c1932bc:  38% ▕██████            ▏ 1.9 GB/4.9 GB   32 MB/s   1m32s[K[?25h[?2026l[?2026h[?25l[A[1Gpulling manifest [K
pulling 667b0c1932bc:  38% ▕██████            ▏ 1.9 GB/4.9 GB   32 MB/s   1m32s[K[?25h[?2026l[?2026h[?25l[A[1Gpulling manifest [K
pulling 667b0c1932bc:  38% ▕██████            ▏ 1.9 GB/4.9 GB   32 MB/s   1m32s[K[?25h[?2026l[?2026h[?25l[A[1Gpulling manifest [K
pulling 667b0c1932bc:  38% ▕██████            ▏ 1.9 GB/4.9 GB   32 MB/s   1m32s[K[?25h[?2026l[?2026h[?25l[A[1Gpulling manifest [K
pulling 667b0c1932bc:  38% ▕██████            ▏ 1.9 GB/4.9 GB   32 MB/s   1m32s[K[?25h[?2026l[?2026h[?25l[A[1Gpulling manifest [K
pulling 667b0c1932bc:  38% ▕██████            ▏ 1.9 GB/4.9 GB   32 MB/s   1m31s[K[?25h[?2026l[?2026h[?25l[A[1Gpulling manifest [K
pulling 667b0c1932bc:  39% ▕██████            ▏ 1.9 GB/4.9 GB   32 MB/s   1m31s[K[?25h[?2026l[?2026h[?25l[A[1Gpulling manifest [K
pulling 667b0c1932bc:  39% ▕██████            ▏ 1.9 GB/4.9 GB   32 MB/s   1m31s[K[?25h[?2026l[?2026h[?25l[A[1Gpulling manifest [K
pulling 667b0c1932bc:  39% ▕██████            ▏ 1.9 GB/4.9 GB   32 MB/s   1m31s[K[?25h[?2026l[?2026h[?25l[A[1Gpulling manifest [K
pulling 667b0c1932bc:  39% ▕██████            ▏ 1.9 GB/4.9 GB   32 MB/s   1m31s[K[?25h[?2026l[?2026h[?25l[A[1Gpulling manifest [K
pulling 667b0c1932bc:  39% ▕██████            ▏ 1.9 GB/4.9 GB   32 MB/s   1m31s[K[?25h[?2026l[?2026h[?25l[A[1Gpulling manifest [K
pulling 667b0c1932bc:  39% ▕██████            ▏ 1.9 GB/4.9 GB   32 MB/s   1m31s[K[?25h[?2026l[?2026h[?25l[A[1Gpulling manifest [K
pulling 667b0c1932bc:  39% ▕███████           ▏ 1.9 GB/4.9 GB   32 MB/s   1m31s[K[?25h[?2026l[?2026h[?25l[A[1Gpulling manifest [K
pulling 667b0c1932bc:  39% ▕███████           ▏ 1.9 GB/4.9 GB   32 MB/s   1m31s[K[?25h[?2026l[?2026h[?25l[A[1Gpulling manifest [K
pulling 667b0c1932bc:  39% ▕███████           ▏ 1.9 GB/4.9 GB   32 MB/s   1m31s[K[?25h[?2026l[?2026h[?25l[A[1Gpulling manifest [K
pulling 667b0c1932bc:  39% ▕███████           ▏ 1.9 GB/4.9 GB   32 MB/s   1m30s[K[?25h[?2026l[?2026h[?25l[A[1Gpulling manifest [K
pulling 667b0c1932bc:  39% ▕███████           ▏ 1.9 GB/4.9 GB   32 MB/s   1m30s[K[?25h[?2026l[?2026h[?25l[A[1Gpulling manifest [K
pulling 667b0c1932bc:  39% ▕███████           ▏ 1.9 GB/4.9 GB   32 MB/s   1m30s[K[?25h[?2026l[?2026h[?25l[A[1Gpulling manifest [K
pulling 667b0c1932bc:  39% ▕███████           ▏ 1.9 GB/4.9 GB   32 MB/s   1m30s[K[?25h[?2026l[?2026h[?25l[A[1Gpulling manifest [K
pulling 667b0c1932bc:  39% ▕███████           ▏ 1.9 GB/4.9 GB   32 MB/s   1m30s[K[?25h[?2026l[?2026h[?25l[A[1Gpulling manifest [K
pulling 667b0c1932bc:  39% ▕███████           ▏ 1.9 GB/4.9 GB   32 MB/s   1m30s[K[?25h[?2026l[?2026h[?25l[A[1Gpulling manifest [K
pulling 667b0c1932bc:  40% ▕███████           ▏ 1.9 GB/4.9 GB   32 MB/s   1m30s[K[?25h[?2026l[?2026h[?25l[A[1Gpulling manifest [K
pulling 667b0c1932bc:  40% ▕███████           ▏ 1.9 GB/4.9 GB   32 MB/s   1m30s[K[?25h[?2026l[?2026h[?25l[A[1Gpulling manifest [K
pulling 667b0c1932bc:  40% ▕███████           ▏ 2.0 GB/4.9 GB   32 MB/s   1m30s[K[?25h[?2026l[?2026h[?25l[A[1Gpulling manifest [K
pulling 667b0c1932bc:  40% ▕███████           ▏ 2.0 GB/4.9 GB   32 MB/s   1m30s[K[?25h[?2026l[?2026h[?25l[A[1Gpulling manifest [K
pulling 667b0c1932bc:  40% ▕███████           ▏ 2.0 GB/4.9 GB   32 MB/s   1m29s[K[?25h[?2026l[?2026h[?25l[A[1Gpulling manifest [K
pulling 667b0c1932bc:  40% ▕███████           ▏ 2.0 GB/4.9 GB   32 MB/s   1m29s[K[?25h[?2026l[?2026h[?25l[A[1Gpulling manifest [K
pulling 667b0c1932bc:  40% ▕███████           ▏ 2.0 GB/4.9 GB   32 MB/s   1m29s[K[?25h[?2026l[?2026h[?25l[A[1Gpulling manifest [K
pulling 667b0c1932bc:  40% ▕███████           ▏ 2.0 GB/4.9 GB   32 MB/s   1m29s[K[?25h[?2026l[?2026h[?25l[A[1Gpulling manifest [K
pulling 667b0c1932bc:  40% ▕███████           ▏ 2.0 GB/4.9 GB   32 MB/s   1m29s[K[?25h[?2026l[?2026h[?25l[A[1Gpulling manifest [K
pulling 667b0c1932bc:  40% ▕███████           ▏ 2.0 GB/4.9 GB   32 MB/s   1m29s[K[?25h[?2026l[?2026h[?25l[A[1Gpulling manifest [K
pulling 667b0c1932bc:  40% ▕███████           ▏ 2.0 GB/4.9 GB   32 MB/s   1m29s[K[?25h[?2026l[?2026h[?25l[A[1Gpulling manifest [K
pulling 667b0c1932bc:  40% ▕███████           ▏ 2.0 GB/4.9 GB   32 MB/s   1m29s[K[?25h[?2026l[?2026h[?25l[A[1Gpulling manifest [K
pulling 667b0c1932bc:  40% ▕███████           ▏ 2.0 GB/4.9 GB   32 MB/s   1m29s[K[?25h[?2026l[?2026h[?25l[A[1Gpulling manifest [K
pulling 667b0c1932bc:  40% ▕███████           ▏ 2.0 GB/4.9 GB   32 MB/s   1m29s[K[?25h[?2026l[?2026h[?25l[A[1Gpulling manifest [K
pulling 667b0c1932bc:  40% ▕███████           ▏ 2.0 GB/4.9 GB   32 MB/s   1m29s[K[?25h[?2026l[?2026h[?25l[A[1Gpulling manifest [K
pulling 667b0c1932bc:  41% ▕███████           ▏ 2.0 GB/4.9 GB   32 MB/s   1m29s[K[?25h[?2026l[?2026h[?25l[A[1Gpulling manifest [K
pulling 667b0c1932bc:  41% ▕███████           ▏ 2.0 GB/4.9 GB   32 MB/s   1m28s[K[?25h[?2026l[?2026h[?25l[A[1Gpulling manifest [K
pulling 667b0c1932bc:  41% ▕███████           ▏ 2.0 GB/4.9 GB   32 MB/s   1m28s[K[?25h[?2026l[?2026h[?25l[A[1Gpulling manifest [K
pulling 667b0c1932bc:  41% ▕███████           ▏ 2.0 GB/4.9 GB   32 MB/s   1m28s[K[?25h[?2026l[?2026h[?25l[A[1Gpulling manifest [K
pulling 667b0c1932bc:  41% ▕███████           ▏ 2.0 GB/4.9 GB   32 MB/s   1m28s[K[?25h[?2026l[?2026h[?25l[A[1Gpulling manifest [K
pulling 667b0c1932bc:  41% ▕███████           ▏ 2.0 GB/4.9 GB   32 MB/s   1m28s[K[?25h[?2026l[?2026h[?25l[A[1Gpulling manifest [K
pulling 667b0c1932bc:  41% ▕███████           ▏ 2.0 GB/4.9 GB   32 MB/s   1m28s[K[?25h[?2026l[?2026h[?25l[A[1Gpulling manifest [K
pulling 667b0c1932bc:  41% ▕███████           ▏ 2.0 GB/4.9 GB   32 MB/s   1m28s[K[?25h[?2026l[?2026h[?25l[A[1Gpulling manifest [K
pulling 667b0c1932bc:  41% ▕███████           ▏ 2.0 GB/4.9 GB   32 MB/s   1m28s[K[?25h[?2026l[?2026h[?25l[A[1Gpulling manifest [K
pulling 667b0c1932bc:  41% ▕███████           ▏ 2.0 GB/4.9 GB   32 MB/s   1m28s[K[?25h[?2026l[?2026h[?25l[A[1Gpulling manifest [K
pulling 667b0c1932bc:  41% ▕███████           ▏ 2.0 GB/4.9 GB   32 MB/s   1m27s[K[?25h[?2026l[?2026h[?25l[A[1Gpulling manifest [K
pulling 667b0c1932bc:  41% ▕███████           ▏ 2.0 GB/4.9 GB   32 MB/s   1m27s[K[?25h[?2026l[?2026h[?25l[A[1Gpulling manifest [K
pulling 667b0c1932bc:  41% ▕███████           ▏ 2.0 GB/4.9 GB   32 MB/s   1m27s[K[?25h[?2026l[?2026h[?25l[A[1Gpulling manifest [K
pulling 667b0c1932bc:  41% ▕███████           ▏ 2.0 GB/4.9 GB   32 MB/s   1m27s[K[?25h[?2026l[?2026h[?25l[A[1Gpulling manifest [K
pulling 667b0c1932bc:  41% ▕███████           ▏ 2.0 GB/4.9 GB   32 MB/s   1m27s[K[?25h[?2026l[?2026h[?25l[A[1Gpulling manifest [K
pulling 667b0c1932bc:  42% ▕███████           ▏ 2.0 GB/4.9 GB   32 MB/s   1m27s[K[?25h[?2026l[?2026h[?25l[A[1Gpulling manifest [K
pulling 667b0c1932bc:  42% ▕███████           ▏ 2.0 GB/4.9 GB   32 MB/s   1m27s[K[?25h[?2026l[?2026h[?25l[A[1Gpulling manifest [K
pulling 667b0c1932bc:  42% ▕███████           ▏ 2.0 GB/4.9 GB   32 MB/s   1m27s[K[?25h[?2026l[?2026h[?25l[A[1Gpulling manifest [K
pulling 667b0c1932bc:  42% ▕███████           ▏ 2.1 GB/4.9 GB   32 MB/s   1m27s[K[?25h[?2026l[?2026h[?25l[A[1Gpulling manifest [K
pulling 667b0c1932bc:  42% ▕███████           ▏ 2.1 GB/4.9 GB   32 MB/s   1m27s[K[?25h[?2026l[?2026h[?25l[A[1Gpulling manifest [K
pulling 667b0c1932bc:  42% ▕███████           ▏ 2.1 GB/4.9 GB   32 MB/s   1m27s[K[?25h[?2026l[?2026h[?25l[A[1Gpulling manifest [K
pulling 667b0c1932bc:  42% ▕███████           ▏ 2.1 GB/4.9 GB   32 MB/s   1m26s[K[?25h[?2026l[?2026h[?25l[A[1Gpulling manifest [K
pulling 667b0c1932bc:  42% ▕███████           ▏ 2.1 GB/4.9 GB   32 MB/s   1m26s[K[?25h[?2026l[?2026h[?25l[A[1Gpulling manifest [K
pulling 667b0c1932bc:  42% ▕███████           ▏ 2.1 GB/4.9 GB   32 MB/s   1m26s[K[?25h[?2026l[?2026h[?25l[A[1Gpulling manifest [K
pulling 667b0c1932bc:  42% ▕███████           ▏ 2.1 GB/4.9 GB   32 MB/s   1m26s[K[?25h[?2026l[?2026h[?25l[A[1Gpulling manifest [K
pulling 667b0c1932bc:  42% ▕███████           ▏ 2.1 GB/4.9 GB   33 MB/s   1m24s[K[?25h[?2026l[?2026h[?25l[A[1Gpulling manifest [K
pulling 667b0c1932bc:  42% ▕███████           ▏ 2.1 GB/4.9 GB   33 MB/s   1m24s[K[?25h[?2026l[?2026h[?25l[A[1Gpulling manifest [K
pulling 667b0c1932bc:  42% ▕███████           ▏ 2.1 GB/4.9 GB   33 MB/s   1m24s[K[?25h[?2026l[?2026h[?25l[A[1Gpulling manifest [K
pulling 667b0c1932bc:  42% ▕███████           ▏ 2.1 GB/4.9 GB   33 MB/s   1m24s[K[?25h[?2026l[?2026h[?25l[A[1Gpulling manifest [K
pulling 667b0c1932bc:  42% ▕███████           ▏ 2.1 GB/4.9 GB   33 MB/s   1m24s[K[?25h[?2026l[?2026h[?25l[A[1Gpulling manifest [K
pulling 667b0c1932bc:  42% ▕███████           ▏ 2.1 GB/4.9 GB   33 MB/s   1m24s[K[?25h[?2026l[?2026h[?25l[A[1Gpulling manifest [K
pulling 667b0c1932bc:  43% ▕███████           ▏ 2.1 GB/4.9 GB   33 MB/s   1m24s[K[?25h[?2026l[?2026h[?25l[A[1Gpulling manifest [K
pulling 667b0c1932bc:  43% ▕███████           ▏ 2.1 GB/4.9 GB   33 MB/s   1m24s[K[?25h[?2026l[?2026h[?25l[A[1Gpulling manifest [K
pulling 667b0c1932bc:  43% ▕███████           ▏ 2.1 GB/4.9 GB   33 MB/s   1m24s[K[?25h[?2026l[?2026h[?25l[A[1Gpulling manifest [K
pulling 667b0c1932bc:  43% ▕███████           ▏ 2.1 GB/4.9 GB   33 MB/s   1m24s[K[?25h[?2026l[?2026h[?25l[A[1Gpulling manifest [K
pulling 667b0c1932bc:  43% ▕███████           ▏ 2.1 GB/4.9 GB   32 MB/s   1m25s[K[?25h[?2026l[?2026h[?25l[A[1Gpulling manifest [K
pulling 667b0c1932bc:  43% ▕███████           ▏ 2.1 GB/4.9 GB   32 MB/s   1m25s[K[?25h[?2026l[?2026h[?25l[A[1Gpulling manifest [K
pulling 667b0c1932bc:  43% ▕███████           ▏ 2.1 GB/4.9 GB   32 MB/s   1m25s[K[?25h[?2026l[?2026h[?25l[A[1Gpulling manifest [K
pulling 667b0c1932bc:  43% ▕███████           ▏ 2.1 GB/4.9 GB   32 MB/s   1m25s[K[?25h[?2026l[?2026h[?25l[A[1Gpulling manifest [K
pulling 667b0c1932bc:  43% ▕███████           ▏ 2.1 GB/4.9 GB   32 MB/s   1m25s[K[?25h[?2026l[?2026h[?25l[A[1Gpulling manifest [K
pulling 667b0c1932bc:  43% ▕███████           ▏ 2.1 GB/4.9 GB   32 MB/s   1m25s[K[?25h[?2026l[?2026h[?25l[A[1Gpulling manifest [K
pulling 667b0c1932bc:  43% ▕███████           ▏ 2.1 GB/4.9 GB   32 MB/s   1m24s[K[?25h[?2026l[?2026h[?25l[A[1Gpulling manifest [K
pulling 667b0c1932bc:  43% ▕███████           ▏ 2.1 GB/4.9 GB   32 MB/s   1m24s[K[?25h[?2026l[?2026h[?25l[A[1Gpulling manifest [K
pulling 667b0c1932bc:  43% ▕███████           ▏ 2.1 GB/4.9 GB   32 MB/s   1m24s[K[?25h[?2026l[?2026h[?25l[A[1Gpulling manifest [K
pulling 667b0c1932bc:  43% ▕███████           ▏ 2.1 GB/4.9 GB   32 MB/s   1m24s[K[?25h[?2026l[?2026h[?25l[A[1Gpulling manifest [K
pulling 667b0c1932bc:  43% ▕███████           ▏ 2.1 GB/4.9 GB   32 MB/s   1m24s[K[?25h[?2026l[?2026h[?25l[A[1Gpulling manifest [K
pulling 667b0c1932bc:  44% ▕███████           ▏ 2.1 GB/4.9 GB   32 MB/s   1m24s[K[?25h[?2026l[?2026h[?25l[A[1Gpulling manifest [K
pulling 667b0c1932bc:  44% ▕███████           ▏ 2.1 GB/4.9 GB   32 MB/s   1m24s[K[?25h[?2026l[?2026h[?25l[A[1Gpulling manifest [K
pulling 667b0c1932bc:  44% ▕███████           ▏ 2.1 GB/4.9 GB   32 MB/s   1m24s[K[?25h[?2026l[?2026h[?25l[A[1Gpulling manifest [K
pulling 667b0c1932bc:  44% ▕███████           ▏ 2.2 GB/4.9 GB   32 MB/s   1m24s[K[?25h[?2026l[?2026h[?25l[A[1Gpulling manifest [K
pulling 667b0c1932bc:  44% ▕███████           ▏ 2.2 GB/4.9 GB   32 MB/s   1m24s[K[?25h[?2026l[?2026h[?25l[A[1Gpulling manifest [K
pulling 667b0c1932bc:  44% ▕███████           ▏ 2.2 GB/4.9 GB   32 MB/s   1m23s[K[?25h[?2026l[?2026h[?25l[A[1Gpulling manifest [K
pulling 667b0c1932bc:  44% ▕███████           ▏ 2.2 GB/4.9 GB   32 MB/s   1m23s[K[?25h[?2026l[?2026h[?25l[A[1Gpulling manifest [K
pulling 667b0c1932bc:  44% ▕███████           ▏ 2.2 GB/4.9 GB   32 MB/s   1m23s[K[?25h[?2026l[?2026h[?25l[A[1Gpulling manifest [K
pulling 667b0c1932bc:  44% ▕███████           ▏ 2.2 GB/4.9 GB   32 MB/s   1m23s[K[?25h[?2026l[?2026h[?25l[A[1Gpulling manifest [K
pulling 667b0c1932bc:  44% ▕███████           ▏ 2.2 GB/4.9 GB   32 MB/s   1m23s[K[?25h[?2026l[?2026h[?25l[A[1Gpulling manifest [K
pulling 667b0c1932bc:  44% ▕███████           ▏ 2.2 GB/4.9 GB   32 MB/s   1m23s[K[?25h[?2026l[?2026h[?25l[A[1Gpulling manifest [K
pulling 667b0c1932bc:  44% ▕███████           ▏ 2.2 GB/4.9 GB   32 MB/s   1m23s[K[?25h[?2026l[?2026h[?25l[A[1Gpulling manifest [K
pulling 667b0c1932bc:  44% ▕███████           ▏ 2.2 GB/4.9 GB   32 MB/s   1m23s[K[?25h[?2026l[?2026h[?25l[A[1Gpulling manifest [K
pulling 667b0c1932bc:  44% ▕███████           ▏ 2.2 GB/4.9 GB   32 MB/s   1m23s[K[?25h[?2026l[?2026h[?25l[A[1Gpulling manifest [K
pulling 667b0c1932bc:  44% ▕███████           ▏ 2.2 GB/4.9 GB   32 MB/s   1m23s[K[?25h[?2026l[?2026h[?25l[A[1Gpulling manifest [K
pulling 667b0c1932bc:  45% ▕████████          ▏ 2.2 GB/4.9 GB   32 MB/s   1m22s[K[?25h[?2026l[?2026h[?25l[A[1Gpulling manifest [K
pulling 667b0c1932bc:  45% ▕████████          ▏ 2.2 GB/4.9 GB   32 MB/s   1m22s[K[?25h[?2026l[?2026h[?25l[A[1Gpulling manifest [K
pulling 667b0c1932bc:  45% ▕████████          ▏ 2.2 GB/4.9 GB   32 MB/s   1m22s[K[?25h[?2026l[?2026h[?25l[A[1Gpulling manifest [K
pulling 667b0c1932bc:  45% ▕████████          ▏ 2.2 GB/4.9 GB   32 MB/s   1m22s[K[?25h[?2026l[?2026h[?25l[A[1Gpulling manifest [K
pulling 667b0c1932bc:  45% ▕████████          ▏ 2.2 GB/4.9 GB   32 MB/s   1m22s[K[?25h[?2026l[?2026h[?25l[A[1Gpulling manifest [K
pulling 667b0c1932bc:  45% ▕████████          ▏ 2.2 GB/4.9 GB   32 MB/s   1m22s[K[?25h[?2026l[?2026h[?25l[A[1Gpulling manifest [K
pulling 667b0c1932bc:  45% ▕████████          ▏ 2.2 GB/4.9 GB   32 MB/s   1m22s[K[?25h[?2026l[?2026h[?25l[A[1Gpulling manifest [K
pulling 667b0c1932bc:  45% ▕████████          ▏ 2.2 GB/4.9 GB   32 MB/s   1m22s[K[?25h[?2026l[?2026h[?25l[A[1Gpulling manifest [K
pulling 667b0c1932bc:  45% ▕████████          ▏ 2.2 GB/4.9 GB   32 MB/s   1m22s[K[?25h[?2026l[?2026h[?25l[A[1Gpulling manifest [K
pulling 667b0c1932bc:  45% ▕████████          ▏ 2.2 GB/4.9 GB   32 MB/s   1m22s[K[?25h[?2026l[?2026h[?25l[A[1Gpulling manifest [K
pulling 667b0c1932bc:  45% ▕████████          ▏ 2.2 GB/4.9 GB   32 MB/s   1m21s[K[?25h[?2026l[?2026h[?25l[A[1Gpulling manifest [K
pulling 667b0c1932bc:  45% ▕████████          ▏ 2.2 GB/4.9 GB   32 MB/s   1m21s[K[?25h[?2026l[?2026h[?25l[A[1Gpulling manifest [K
pulling 667b0c1932bc:  45% ▕████████          ▏ 2.2 GB/4.9 GB   32 MB/s   1m21s[K[?25h[?2026l[?2026h[?25l[A[1Gpulling manifest [K
pulling 667b0c1932bc:  45% ▕████████          ▏ 2.2 GB/4.9 GB   32 MB/s   1m21s[K[?25h[?2026l[?2026h[?25l[A[1Gpulling manifest [K
pulling 667b0c1932bc:  45% ▕████████          ▏ 2.2 GB/4.9 GB   32 MB/s   1m21s[K[?25h[?2026l[?2026h[?25l[A[1Gpulling manifest [K
pulling 667b0c1932bc:  46% ▕████████          ▏ 2.2 GB/4.9 GB   32 MB/s   1m21s[K[?25h[?2026l[?2026h[?25l[A[1Gpulling manifest [K
pulling 667b0c1932bc:  46% ▕████████          ▏ 2.2 GB/4.9 GB   32 MB/s   1m21s[K[?25h[?2026l[?2026h[?25l[A[1Gpulling manifest [K
pulling 667b0c1932bc:  46% ▕████████          ▏ 2.2 GB/4.9 GB   32 MB/s   1m21s[K[?25h[?2026l[?2026h[?25l[A[1Gpulling manifest [K
pulling 667b0c1932bc:  46% ▕████████          ▏ 2.2 GB/4.9 GB   32 MB/s   1m21s[K[?25h[?2026l[?2026h[?25l[A[1Gpulling manifest [K
pulling 667b0c1932bc:  46% ▕████████          ▏ 2.3 GB/4.9 GB   32 MB/s   1m21s[K[?25h[?2026l[?2026h[?25l[A[1Gpulling manifest [K
pulling 667b0c1932bc:  46% ▕████████          ▏ 2.3 GB/4.9 GB   32 MB/s   1m21s[K[?25h[?2026l[?2026h[?25l[A[1Gpulling manifest [K
pulling 667b0c1932bc:  46% ▕████████          ▏ 2.3 GB/4.9 GB   32 MB/s   1m20s[K[?25h[?2026l[?2026h[?25l[A[1Gpulling manifest [K
pulling 667b0c1932bc:  46% ▕████████          ▏ 2.3 GB/4.9 GB   32 MB/s   1m20s[K[?25h[?2026l[?2026h[?25l[A[1Gpulling manifest [K
pulling 667b0c1932bc:  46% ▕████████          ▏ 2.3 GB/4.9 GB   32 MB/s   1m20s[K[?25h[?2026l[?2026h[?25l[A[1Gpulling manifest [K
pulling 667b0c1932bc:  46% ▕████████          ▏ 2.3 GB/4.9 GB   32 MB/s   1m20s[K[?25h[?2026l[?2026h[?25l[A[1Gpulling manifest [K
pulling 667b0c1932bc:  46% ▕████████          ▏ 2.3 GB/4.9 GB   32 MB/s   1m20s[K[?25h[?2026l[?2026h[?25l[A[1Gpulling manifest [K
pulling 667b0c1932bc:  46% ▕████████          ▏ 2.3 GB/4.9 GB   32 MB/s   1m20s[K[?25h[?2026l[?2026h[?25l[A[1Gpulling manifest [K
pulling 667b0c1932bc:  46% ▕████████          ▏ 2.3 GB/4.9 GB   32 MB/s   1m20s[K[?25h[?2026l[?2026h[?25l[A[1Gpulling manifest [K
pulling 667b0c1932bc:  46% ▕████████          ▏ 2.3 GB/4.9 GB   32 MB/s   1m20s[K[?25h[?2026l[?2026h[?25l[A[1Gpulling manifest [K
pulling 667b0c1932bc:  46% ▕████████          ▏ 2.3 GB/4.9 GB   32 MB/s   1m19s[K[?25h[?2026l[?2026h[?25l[A[1Gpulling manifest [K
pulling 667b0c1932bc:  47% ▕████████          ▏ 2.3 GB/4.9 GB   32 MB/s   1m19s[K[?25h[?2026l[?2026h[?25l[A[1Gpulling manifest [K
pulling 667b0c1932bc:  47% ▕████████          ▏ 2.3 GB/4.9 GB   32 MB/s   1m19s[K[?25h[?2026l[?2026h[?25l[A[1Gpulling manifest [K
pulling 667b0c1932bc:  47% ▕████████          ▏ 2.3 GB/4.9 GB   32 MB/s   1m19s[K[?25h[?2026l[?2026h[?25l[A[1Gpulling manifest [K
pulling 667b0c1932bc:  47% ▕████████          ▏ 2.3 GB/4.9 GB   32 MB/s   1m19s[K[?25h[?2026l[?2026h[?25l[A[1Gpulling manifest [K
pulling 667b0c1932bc:  47% ▕████████          ▏ 2.3 GB/4.9 GB   32 MB/s   1m19s[K[?25h[?2026l[?2026h[?25l[A[1Gpulling manifest [K
pulling 667b0c1932bc:  47% ▕████████          ▏ 2.3 GB/4.9 GB   32 MB/s   1m20s[K[?25h[?2026l[?2026h[?25l[A[1Gpulling manifest [K
pulling 667b0c1932bc:  47% ▕████████          ▏ 2.3 GB/4.9 GB   32 MB/s   1m20s[K[?25h[?2026l[?2026h[?25l[A[1Gpulling manifest [K
pulling 667b0c1932bc:  47% ▕████████          ▏ 2.3 GB/4.9 GB   32 MB/s   1m20s[K[?25h[?2026l[?2026h[?25l[A[1Gpulling manifest [K
pulling 667b0c1932bc:  47% ▕████████          ▏ 2.3 GB/4.9 GB   32 MB/s   1m19s[K[?25h[?2026l[?2026h[?25l[A[1Gpulling manifest [K
pulling 667b0c1932bc:  47% ▕████████          ▏ 2.3 GB/4.9 GB   32 MB/s   1m19s[K[?25h[?2026l[?2026h[?25l[A[1Gpulling manifest [K
pulling 667b0c1932bc:  47% ▕████████          ▏ 2.3 GB/4.9 GB   32 MB/s   1m19s[K[?25h[?2026l[?2026h[?25l[A[1Gpulling manifest [K
pulling 667b0c1932bc:  47% ▕████████          ▏ 2.3 GB/4.9 GB   32 MB/s   1m19s[K[?25h[?2026l[?2026h[?25l[A[1Gpulling manifest [K
pulling 667b0c1932bc:  47% ▕████████          ▏ 2.3 GB/4.9 GB   32 MB/s   1m19s[K[?25h[?2026l[?2026h[?25l[A[1Gpulling manifest [K
pulling 667b0c1932bc:  47% ▕████████          ▏ 2.3 GB/4.9 GB   32 MB/s   1m19s[K[?25h[?2026l[?2026h[?25l[A[1Gpulling manifest [K
pulling 667b0c1932bc:  47% ▕████████          ▏ 2.3 GB/4.9 GB   32 MB/s   1m19s[K[?25h[?2026l[?2026h[?25l[A[1Gpulling manifest [K
pulling 667b0c1932bc:  47% ▕████████          ▏ 2.3 GB/4.9 GB   32 MB/s   1m19s[K[?25h[?2026l[?2026h[?25l[A[1Gpulling manifest [K
pulling 667b0c1932bc:  48% ▕████████          ▏ 2.3 GB/4.9 GB   32 MB/s   1m19s[K[?25h[?2026l[?2026h[?25l[A[1Gpulling manifest [K
pulling 667b0c1932bc:  48% ▕████████          ▏ 2.3 GB/4.9 GB   32 MB/s   1m19s[K[?25h[?2026l[?2026h[?25l[A[1Gpulling manifest [K
pulling 667b0c1932bc:  48% ▕████████          ▏ 2.3 GB/4.9 GB   32 MB/s   1m18s[K[?25h[?2026l[?2026h[?25l[A[1Gpulling manifest [K
pulling 667b0c1932bc:  48% ▕████████          ▏ 2.3 GB/4.9 GB   32 MB/s   1m18s[K[?25h[?2026l[?2026h[?25l[A[1Gpulling manifest [K
pulling 667b0c1932bc:  48% ▕████████          ▏ 2.4 GB/4.9 GB   32 MB/s   1m18s[K[?25h[?2026l[?2026h[?25l[A[1Gpulling manifest [K
pulling 667b0c1932bc:  48% ▕████████          ▏ 2.4 GB/4.9 GB   32 MB/s   1m18s[K[?25h[?2026l[?2026h[?25l[A[1Gpulling manifest [K
pulling 667b0c1932bc:  48% ▕████████          ▏ 2.4 GB/4.9 GB   32 MB/s   1m18s[K[?25h[?2026l[?2026h[?25l[A[1Gpulling manifest [K
pulling 667b0c1932bc:  48% ▕████████          ▏ 2.4 GB/4.9 GB   32 MB/s   1m18s[K[?25h[?2026l[?2026h[?25l[A[1Gpulling manifest [K
pulling 667b0c1932bc:  48% ▕████████          ▏ 2.4 GB/4.9 GB   32 MB/s   1m18s[K[?25h[?2026l[?2026h[?25l[A[1Gpulling manifest [K
pulling 667b0c1932bc:  48% ▕████████          ▏ 2.4 GB/4.9 GB   32 MB/s   1m18s[K[?25h[?2026l[?2026h[?25l[A[1Gpulling manifest [K
pulling 667b0c1932bc:  48% ▕████████          ▏ 2.4 GB/4.9 GB   32 MB/s   1m18s[K[?25h[?2026l[?2026h[?25l[A[1Gpulling manifest [K
pulling 667b0c1932bc:  48% ▕████████          ▏ 2.4 GB/4.9 GB   32 MB/s   1m18s[K[?25h[?2026l[?2026h[?25l[A[1Gpulling manifest [K
pulling 667b0c1932bc:  48% ▕████████          ▏ 2.4 GB/4.9 GB   32 MB/s   1m17s[K[?25h[?2026l[?2026h[?25l[A[1Gpulling manifest [K
pulling 667b0c1932bc:  48% ▕████████          ▏ 2.4 GB/4.9 GB   32 MB/s   1m17s[K[?25h[?2026l[?2026h[?25l[A[1Gpulling manifest [K
pulling 667b0c1932bc:  48% ▕████████          ▏ 2.4 GB/4.9 GB   32 MB/s   1m17s[K[?25h[?2026l[?2026h[?25l[A[1Gpulling manifest [K
pulling 667b0c1932bc:  49% ▕████████          ▏ 2.4 GB/4.9 GB   32 MB/s   1m17s[K[?25h[?2026l[?2026h[?25l[A[1Gpulling manifest [K
pulling 667b0c1932bc:  49% ▕████████          ▏ 2.4 GB/4.9 GB   32 MB/s   1m17s[K[?25h[?2026l[?2026h[?25l[A[1Gpulling manifest [K
pulling 667b0c1932bc:  49% ▕████████          ▏ 2.4 GB/4.9 GB   32 MB/s   1m17s[K[?25h[?2026l[?2026h[?25l[A[1Gpulling manifest [K
pulling 667b0c1932bc:  49% ▕████████          ▏ 2.4 GB/4.9 GB   32 MB/s   1m17s[K[?25h[?2026l[?2026h[?25l[A[1Gpulling manifest [K
pulling 667b0c1932bc:  49% ▕████████          ▏ 2.4 GB/4.9 GB   32 MB/s   1m17s[K[?25h[?2026l[?2026h[?25l[A[1Gpulling manifest [K
pulling 667b0c1932bc:  49% ▕████████          ▏ 2.4 GB/4.9 GB   33 MB/s   1m15s[K[?25h[?2026l[?2026h[?25l[A[1Gpulling manifest [K
pulling 667b0c1932bc:  49% ▕████████          ▏ 2.4 GB/4.9 GB   33 MB/s   1m15s[K[?25h[?2026l[?2026h[?25l[A[1Gpulling manifest [K
pulling 667b0c1932bc:  49% ▕████████          ▏ 2.4 GB/4.9 GB   33 MB/s   1m15s[K[?25h[?2026l[?2026h[?25l[A[1Gpulling manifest [K
pulling 667b0c1932bc:  49% ▕████████          ▏ 2.4 GB/4.9 GB   33 MB/s   1m15s[K[?25h[?2026l[?2026h[?25l[A[1Gpulling manifest [K
pulling 667b0c1932bc:  49% ▕████████          ▏ 2.4 GB/4.9 GB   33 MB/s   1m15s[K[?25h[?2026l[?2026h[?25l[A[1Gpulling manifest [K
pulling 667b0c1932bc:  49% ▕████████          ▏ 2.4 GB/4.9 GB   33 MB/s   1m15s[K[?25h[?2026l[?2026h[?25l[A[1Gpulling manifest [K
pulling 667b0c1932bc:  49% ▕████████          ▏ 2.4 GB/4.9 GB   33 MB/s   1m15s[K[?25h[?2026l[?2026h[?25l[A[1Gpulling manifest [K
pulling 667b0c1932bc:  49% ▕████████          ▏ 2.4 GB/4.9 GB   33 MB/s   1m15s[K[?25h[?2026l[?2026h[?25l[A[1Gpulling manifest [K
pulling 667b0c1932bc:  49% ▕████████          ▏ 2.4 GB/4.9 GB   33 MB/s   1m15s[K[?25h[?2026l[?2026h[?25l[A[1Gpulling manifest [K
pulling 667b0c1932bc:  49% ▕████████          ▏ 2.4 GB/4.9 GB   33 MB/s   1m15s[K[?25h[?2026l[?2026h[?25l[A[1Gpulling manifest [K
pulling 667b0c1932bc:  49% ▕████████          ▏ 2.4 GB/4.9 GB   32 MB/s   1m16s[K[?25h[?2026l[?2026h[?25l[A[1Gpulling manifest [K
pulling 667b0c1932bc:  49% ▕████████          ▏ 2.4 GB/4.9 GB   32 MB/s   1m16s[K[?25h[?2026l[?2026h[?25l[A[1Gpulling manifest [K
pulling 667b0c1932bc:  50% ▕████████          ▏ 2.4 GB/4.9 GB   32 MB/s   1m15s[K[?25h[?2026l[?2026h[?25l[A[1Gpulling manifest [K
pulling 667b0c1932bc:  50% ▕████████          ▏ 2.4 GB/4.9 GB   32 MB/s   1m15s[K[?25h[?2026l[?2026h[?25l[A[1Gpulling manifest [K
pulling 667b0c1932bc:  50% ▕████████          ▏ 2.4 GB/4.9 GB   32 MB/s   1m15s[K[?25h[?2026l[?2026h[?25l[A[1Gpulling manifest [K
pulling 667b0c1932bc:  50% ▕████████          ▏ 2.4 GB/4.9 GB   32 MB/s   1m15s[K[?25h[?2026l[?2026h[?25l[A[1Gpulling manifest [K
pulling 667b0c1932bc:  50% ▕████████          ▏ 2.5 GB/4.9 GB   32 MB/s   1m15s[K[?25h[?2026l[?2026h[?25l[A[1Gpulling manifest [K
pulling 667b0c1932bc:  50% ▕████████          ▏ 2.5 GB/4.9 GB   32 MB/s   1m15s[K[?25h[?2026l[?2026h[?25l[A[1Gpulling manifest [K
pulling 667b0c1932bc:  50% ▕████████          ▏ 2.5 GB/4.9 GB   32 MB/s   1m15s[K[?25h[?2026l[?2026h[?25l[A[1Gpulling manifest [K
pulling 667b0c1932bc:  50% ▕█████████         ▏ 2.5 GB/4.9 GB   32 MB/s   1m15s[K[?25h[?2026l[?2026h[?25l[A[1Gpulling manifest [K
pulling 667b0c1932bc:  50% ▕█████████         ▏ 2.5 GB/4.9 GB   32 MB/s   1m15s[K[?25h[?2026l[?2026h[?25l[A[1Gpulling manifest [K
pulling 667b0c1932bc:  50% ▕█████████         ▏ 2.5 GB/4.9 GB   32 MB/s   1m15s[K[?25h[?2026l[?2026h[?25l[A[1Gpulling manifest [K
pulling 667b0c1932bc:  50% ▕█████████         ▏ 2.5 GB/4.9 GB   32 MB/s   1m14s[K[?25h[?2026l[?2026h[?25l[A[1Gpulling manifest [K
pulling 667b0c1932bc:  50% ▕█████████         ▏ 2.5 GB/4.9 GB   32 MB/s   1m14s[K[?25h[?2026l[?2026h[?25l[A[1Gpulling manifest [K
pulling 667b0c1932bc:  50% ▕█████████         ▏ 2.5 GB/4.9 GB   32 MB/s   1m14s[K[?25h[?2026l[?2026h[?25l[A[1Gpulling manifest [K
pulling 667b0c1932bc:  50% ▕█████████         ▏ 2.5 GB/4.9 GB   32 MB/s   1m14s[K[?25h[?2026l[?2026h[?25l[A[1Gpulling manifest [K
pulling 667b0c1932bc:  50% ▕█████████         ▏ 2.5 GB/4.9 GB   32 MB/s   1m14s[K[?25h[?2026l[?2026h[?25l[A[1Gpulling manifest [K
pulling 667b0c1932bc:  51% ▕█████████         ▏ 2.5 GB/4.9 GB   32 MB/s   1m14s[K[?25h[?2026l[?2026h[?25l[A[1Gpulling manifest [K
pulling 667b0c1932bc:  51% ▕█████████         ▏ 2.5 GB/4.9 GB   32 MB/s   1m14s[K[?25h[?2026l[?2026h[?25l[A[1Gpulling manifest [K
pulling 667b0c1932bc:  51% ▕█████████         ▏ 2.5 GB/4.9 GB   32 MB/s   1m14s[K[?25h[?2026l[?2026h[?25l[A[1Gpulling manifest [K
pulling 667b0c1932bc:  51% ▕█████████         ▏ 2.5 GB/4.9 GB   32 MB/s   1m15s[K[?25h[?2026l[?2026h[?25l[A[1Gpulling manifest [K
pulling 667b0c1932bc:  51% ▕█████████         ▏ 2.5 GB/4.9 GB   32 MB/s   1m15s[K[?25h[?2026l[?2026h[?25l[A[1Gpulling manifest [K
pulling 667b0c1932bc:  51% ▕█████████         ▏ 2.5 GB/4.9 GB   32 MB/s   1m14s[K[?25h[?2026l[?2026h[?25l[A[1Gpulling manifest [K
pulling 667b0c1932bc:  51% ▕█████████         ▏ 2.5 GB/4.9 GB   32 MB/s   1m14s[K[?25h[?2026l[?2026h[?25l[A[1Gpulling manifest [K
pulling 667b0c1932bc:  51% ▕█████████         ▏ 2.5 GB/4.9 GB   32 MB/s   1m14s[K[?25h[?2026l[?2026h[?25l[A[1Gpulling manifest [K
pulling 667b0c1932bc:  51% ▕█████████         ▏ 2.5 GB/4.9 GB   32 MB/s   1m14s[K[?25h[?2026l[?2026h[?25l[A[1Gpulling manifest [K
pulling 667b0c1932bc:  51% ▕█████████         ▏ 2.5 GB/4.9 GB   32 MB/s   1m14s[K[?25h[?2026l[?2026h[?25l[A[1Gpulling manifest [K
pulling 667b0c1932bc:  51% ▕█████████         ▏ 2.5 GB/4.9 GB   32 MB/s   1m14s[K[?25h[?2026l[?2026h[?25l[A[1Gpulling manifest [K
pulling 667b0c1932bc:  51% ▕█████████         ▏ 2.5 GB/4.9 GB   32 MB/s   1m14s[K[?25h[?2026l[?2026h[?25l[A[1Gpulling manifest [K
pulling 667b0c1932bc:  51% ▕█████████         ▏ 2.5 GB/4.9 GB   32 MB/s   1m14s[K[?25h[?2026l[?2026h[?25l[A[1Gpulling manifest [K
pulling 667b0c1932bc:  51% ▕█████████         ▏ 2.5 GB/4.9 GB   32 MB/s   1m14s[K[?25h[?2026l[?2026h[?25l[A[1Gpulling manifest [K
pulling 667b0c1932bc:  51% ▕█████████         ▏ 2.5 GB/4.9 GB   32 MB/s   1m13s[K[?25h[?2026l[?2026h[?25l[A[1Gpulling manifest [K
pulling 667b0c1932bc:  52% ▕█████████         ▏ 2.5 GB/4.9 GB   32 MB/s   1m13s[K[?25h[?2026l[?2026h[?25l[A[1Gpulling manifest [K
pulling 667b0c1932bc:  52% ▕█████████         ▏ 2.5 GB/4.9 GB   32 MB/s   1m13s[K[?25h[?2026l[?2026h[?25l[A[1Gpulling manifest [K
pulling 667b0c1932bc:  52% ▕█████████         ▏ 2.5 GB/4.9 GB   32 MB/s   1m13s[K[?25h[?2026l[?2026h[?25l[A[1Gpulling manifest [K
pulling 667b0c1932bc:  52% ▕█████████         ▏ 2.5 GB/4.9 GB   32 MB/s   1m13s[K[?25h[?2026l[?2026h[?25l[A[1Gpulling manifest [K
pulling 667b0c1932bc:  52% ▕█████████         ▏ 2.5 GB/4.9 GB   32 MB/s   1m13s[K[?25h[?2026l[?2026h[?25l[A[1Gpulling manifest [K
pulling 667b0c1932bc:  52% ▕█████████         ▏ 2.6 GB/4.9 GB   32 MB/s   1m13s[K[?25h[?2026l[?2026h[?25l[A[1Gpulling manifest [K
pulling 667b0c1932bc:  52% ▕█████████         ▏ 2.6 GB/4.9 GB   32 MB/s   1m13s[K[?25h[?2026l[?2026h[?25l[A[1Gpulling manifest [K
pulling 667b0c1932bc:  52% ▕█████████         ▏ 2.6 GB/4.9 GB   32 MB/s   1m13s[K[?25h[?2026l[?2026h[?25l[A[1Gpulling manifest [K
pulling 667b0c1932bc:  52% ▕█████████         ▏ 2.6 GB/4.9 GB   32 MB/s   1m12s[K[?25h[?2026l[?2026h[?25l[A[1Gpulling manifest [K
pulling 667b0c1932bc:  52% ▕█████████         ▏ 2.6 GB/4.9 GB   32 MB/s   1m12s[K[?25h[?2026l[?2026h[?25l[A[1Gpulling manifest [K
pulling 667b0c1932bc:  52% ▕█████████         ▏ 2.6 GB/4.9 GB   32 MB/s   1m12s[K[?25h[?2026l[?2026h[?25l[A[1Gpulling manifest [K
pulling 667b0c1932bc:  52% ▕█████████         ▏ 2.6 GB/4.9 GB   32 MB/s   1m12s[K[?25h[?2026l[?2026h[?25l[A[1Gpulling manifest [K
pulling 667b0c1932bc:  52% ▕█████████         ▏ 2.6 GB/4.9 GB   32 MB/s   1m12s[K[?25h[?2026l[?2026h[?25l[A[1Gpulling manifest [K
pulling 667b0c1932bc:  52% ▕█████████         ▏ 2.6 GB/4.9 GB   32 MB/s   1m12s[K[?25h[?2026l[?2026h[?25l[A[1Gpulling manifest [K
pulling 667b0c1932bc:  52% ▕█████████         ▏ 2.6 GB/4.9 GB   32 MB/s   1m12s[K[?25h[?2026l[?2026h[?25l[A[1Gpulling manifest [K
pulling 667b0c1932bc:  53% ▕█████████         ▏ 2.6 GB/4.9 GB   32 MB/s   1m12s[K[?25h[?2026l[?2026h[?25l[A[1Gpulling manifest [K
pulling 667b0c1932bc:  53% ▕█████████         ▏ 2.6 GB/4.9 GB   32 MB/s   1m12s[K[?25h[?2026l[?2026h[?25l[A[1Gpulling manifest [K
pulling 667b0c1932bc:  53% ▕█████████         ▏ 2.6 GB/4.9 GB   32 MB/s   1m12s[K[?25h[?2026l[?2026h[?25l[A[1Gpulling manifest [K
pulling 667b0c1932bc:  53% ▕█████████         ▏ 2.6 GB/4.9 GB   32 MB/s   1m11s[K[?25h[?2026l[?2026h[?25l[A[1Gpulling manifest [K
pulling 667b0c1932bc:  53% ▕█████████         ▏ 2.6 GB/4.9 GB   32 MB/s   1m11s[K[?25h[?2026l[?2026h[?25l[A[1Gpulling manifest [K
pulling 667b0c1932bc:  53% ▕█████████         ▏ 2.6 GB/4.9 GB   32 MB/s   1m11s[K[?25h[?2026l[?2026h[?25l[A[1Gpulling manifest [K
pulling 667b0c1932bc:  53% ▕█████████         ▏ 2.6 GB/4.9 GB   32 MB/s   1m10s[K[?25h[?2026l[?2026h[?25l[A[1Gpulling manifest [K
pulling 667b0c1932bc:  53% ▕█████████         ▏ 2.6 GB/4.9 GB   32 MB/s   1m10s[K[?25h[?2026l[?2026h[?25l[A[1Gpulling manifest [K
pulling 667b0c1932bc:  53% ▕█████████         ▏ 2.6 GB/4.9 GB   32 MB/s   1m10s[K[?25h[?2026l[?2026h[?25l[A[1Gpulling manifest [K
pulling 667b0c1932bc:  53% ▕█████████         ▏ 2.6 GB/4.9 GB   32 MB/s   1m10s[K[?25h[?2026l[?2026h[?25l[A[1Gpulling manifest [K
pulling 667b0c1932bc:  53% ▕█████████         ▏ 2.6 GB/4.9 GB   32 MB/s   1m10s[K[?25h[?2026l[?2026h[?25l[A[1Gpulling manifest [K
pulling 667b0c1932bc:  53% ▕█████████         ▏ 2.6 GB/4.9 GB   32 MB/s   1m10s[K[?25h[?2026l[?2026h[?25l[A[1Gpulling manifest [K
pulling 667b0c1932bc:  53% ▕█████████         ▏ 2.6 GB/4.9 GB   32 MB/s   1m10s[K[?25h[?2026l[?2026h[?25l[A[1Gpulling manifest [K
pulling 667b0c1932bc:  53% ▕█████████         ▏ 2.6 GB/4.9 GB   32 MB/s   1m10s[K[?25h[?2026l[?2026h[?25l[A[1Gpulling manifest [K
pulling 667b0c1932bc:  53% ▕█████████         ▏ 2.6 GB/4.9 GB   32 MB/s   1m10s[K[?25h[?2026l[?2026h[?25l[A[1Gpulling manifest [K
pulling 667b0c1932bc:  54% ▕█████████         ▏ 2.6 GB/4.9 GB   32 MB/s    1m9s[K[?25h[?2026l[?2026h[?25l[A[1Gpulling manifest [K
pulling 667b0c1932bc:  54% ▕█████████         ▏ 2.6 GB/4.9 GB   32 MB/s    1m9s[K[?25h[?2026l[?2026h[?25l[A[1Gpulling manifest [K
pulling 667b0c1932bc:  54% ▕█████████         ▏ 2.6 GB/4.9 GB   32 MB/s    1m9s[K[?25h[?2026l[?2026h[?25l[A[1Gpulling manifest [K
pulling 667b0c1932bc:  54% ▕█████████         ▏ 2.6 GB/4.9 GB   32 MB/s    1m9s[K[?25h[?2026l[?2026h[?25l[A[1Gpulling manifest [K
pulling 667b0c1932bc:  54% ▕█████████         ▏ 2.6 GB/4.9 GB   32 MB/s    1m9s[K[?25h[?2026l[?2026h[?25l[A[1Gpulling manifest [K
pulling 667b0c1932bc:  54% ▕█████████         ▏ 2.6 GB/4.9 GB   32 MB/s    1m9s[K[?25h[?2026l[?2026h[?25l[A[1Gpulling manifest [K
pulling 667b0c1932bc:  54% ▕█████████         ▏ 2.7 GB/4.9 GB   32 MB/s    1m9s[K[?25h[?2026l[?2026h[?25l[A[1Gpulling manifest [K
pulling 667b0c1932bc:  54% ▕█████████         ▏ 2.7 GB/4.9 GB   32 MB/s    1m9s[K[?25h[?2026l[?2026h[?25l[A[1Gpulling manifest [K
pulling 667b0c1932bc:  54% ▕█████████         ▏ 2.7 GB/4.9 GB   32 MB/s    1m9s[K[?25h[?2026l[?2026h[?25l[A[1Gpulling manifest [K
pulling 667b0c1932bc:  54% ▕█████████         ▏ 2.7 GB/4.9 GB   32 MB/s    1m9s[K[?25h[?2026l[?2026h[?25l[A[1Gpulling manifest [K
pulling 667b0c1932bc:  54% ▕█████████         ▏ 2.7 GB/4.9 GB   32 MB/s    1m9s[K[?25h[?2026l[?2026h[?25l[A[1Gpulling manifest [K
pulling 667b0c1932bc:  54% ▕█████████         ▏ 2.7 GB/4.9 GB   32 MB/s    1m8s[K[?25h[?2026l[?2026h[?25l[A[1Gpulling manifest [K
pulling 667b0c1932bc:  54% ▕█████████         ▏ 2.7 GB/4.9 GB   32 MB/s    1m8s[K[?25h[?2026l[?2026h[?25l[A[1Gpulling manifest [K
pulling 667b0c1932bc:  54% ▕█████████         ▏ 2.7 GB/4.9 GB   32 MB/s    1m8s[K[?25h[?2026l[?2026h[?25l[A[1Gpulling manifest [K
pulling 667b0c1932bc:  54% ▕█████████         ▏ 2.7 GB/4.9 GB   32 MB/s    1m8s[K[?25h[?2026l[?2026h[?25l[A[1Gpulling manifest [K
pulling 667b0c1932bc:  55% ▕█████████         ▏ 2.7 GB/4.9 GB   32 MB/s    1m8s[K[?25h[?2026l[?2026h[?25l[A[1Gpulling manifest [K
pulling 667b0c1932bc:  55% ▕█████████         ▏ 2.7 GB/4.9 GB   32 MB/s    1m8s[K[?25h[?2026l[?2026h[?25l[A[1Gpulling manifest [K
pulling 667b0c1932bc:  55% ▕█████████         ▏ 2.7 GB/4.9 GB   32 MB/s    1m8s[K[?25h[?2026l[?2026h[?25l[A[1Gpulling manifest [K
pulling 667b0c1932bc:  55% ▕█████████         ▏ 2.7 GB/4.9 GB   32 MB/s    1m8s[K[?25h[?2026l[?2026h[?25l[A[1Gpulling manifest [K
pulling 667b0c1932bc:  55% ▕█████████         ▏ 2.7 GB/4.9 GB   32 MB/s    1m8s[K[?25h[?2026l[?2026h[?25l[A[1Gpulling manifest [K
pulling 667b0c1932bc:  55% ▕█████████         ▏ 2.7 GB/4.9 GB   32 MB/s    1m9s[K[?25h[?2026l[?2026h[?25l[A[1Gpulling manifest [K
pulling 667b0c1932bc:  55% ▕█████████         ▏ 2.7 GB/4.9 GB   32 MB/s    1m8s[K[?25h[?2026l[?2026h[?25l[A[1Gpulling manifest [K
pulling 667b0c1932bc:  55% ▕█████████         ▏ 2.7 GB/4.9 GB   32 MB/s    1m8s[K[?25h[?2026l[?2026h[?25l[A[1Gpulling manifest [K
pulling 667b0c1932bc:  55% ▕█████████         ▏ 2.7 GB/4.9 GB   32 MB/s    1m8s[K[?25h[?2026l[?2026h[?25l[A[1Gpulling manifest [K
pulling 667b0c1932bc:  55% ▕█████████         ▏ 2.7 GB/4.9 GB   32 MB/s    1m8s[K[?25h[?2026l[?2026h[?25l[A[1Gpulling manifest [K
pulling 667b0c1932bc:  55% ▕█████████         ▏ 2.7 GB/4.9 GB   32 MB/s    1m8s[K[?25h[?2026l[?2026h[?25l[A[1Gpulling manifest [K
pulling 667b0c1932bc:  55% ▕█████████         ▏ 2.7 GB/4.9 GB   32 MB/s    1m8s[K[?25h[?2026l[?2026h[?25l[A[1Gpulling manifest [K
pulling 667b0c1932bc:  55% ▕█████████         ▏ 2.7 GB/4.9 GB   32 MB/s    1m8s[K[?25h[?2026l[?2026h[?25l[A[1Gpulling manifest [K
pulling 667b0c1932bc:  55% ▕█████████         ▏ 2.7 GB/4.9 GB   32 MB/s    1m8s[K[?25h[?2026l[?2026h[?25l[A[1Gpulling manifest [K
pulling 667b0c1932bc:  55% ▕█████████         ▏ 2.7 GB/4.9 GB   32 MB/s    1m8s[K[?25h[?2026l[?2026h[?25l[A[1Gpulling manifest [K
pulling 667b0c1932bc:  55% ▕█████████         ▏ 2.7 GB/4.9 GB   32 MB/s    1m6s[K[?25h[?2026l[?2026h[?25l[A[1Gpulling manifest [K
pulling 667b0c1932bc:  55% ▕█████████         ▏ 2.7 GB/4.9 GB   32 MB/s    1m6s[K[?25h[?2026l[?2026h[?25l[A[1Gpulling manifest [K
pulling 667b0c1932bc:  56% ▕██████████        ▏ 2.7 GB/4.9 GB   32 MB/s    1m6s[K[?25h[?2026l[?2026h[?25l[A[1Gpulling manifest [K
pulling 667b0c1932bc:  56% ▕██████████        ▏ 2.7 GB/4.9 GB   32 MB/s    1m6s[K[?25h[?2026l[?2026h[?25l[A[1Gpulling manifest [K
pulling 667b0c1932bc:  56% ▕██████████        ▏ 2.7 GB/4.9 GB   32 MB/s    1m6s[K[?25h[?2026l[?2026h[?25l[A[1Gpulling manifest [K
pulling 667b0c1932bc:  56% ▕██████████        ▏ 2.7 GB/4.9 GB   32 MB/s    1m6s[K[?25h[?2026l[?2026h[?25l[A[1Gpulling manifest [K
pulling 667b0c1932bc:  56% ▕██████████        ▏ 2.7 GB/4.9 GB   32 MB/s    1m6s[K[?25h[?2026l[?2026h[?25l[A[1Gpulling manifest [K
pulling 667b0c1932bc:  56% ▕██████████        ▏ 2.7 GB/4.9 GB   32 MB/s    1m6s[K[?25h[?2026l[?2026h[?25l[A[1Gpulling manifest [K
pulling 667b0c1932bc:  56% ▕██████████        ▏ 2.7 GB/4.9 GB   32 MB/s    1m6s[K[?25h[?2026l[?2026h[?25l[A[1Gpulling manifest [K
pulling 667b0c1932bc:  56% ▕██████████        ▏ 2.8 GB/4.9 GB   32 MB/s    1m6s[K[?25h[?2026l[?2026h[?25l[A[1Gpulling manifest [K
pulling 667b0c1932bc:  56% ▕██████████        ▏ 2.8 GB/4.9 GB   32 MB/s    1m7s[K[?25h[?2026l[?2026h[?25l[A[1Gpulling manifest [K
pulling 667b0c1932bc:  56% ▕██████████        ▏ 2.8 GB/4.9 GB   32 MB/s    1m7s[K[?25h[?2026l[?2026h[?25l[A[1Gpulling manifest [K
pulling 667b0c1932bc:  56% ▕██████████        ▏ 2.8 GB/4.9 GB   32 MB/s    1m7s[K[?25h[?2026l[?2026h[?25l[A[1Gpulling manifest [K
pulling 667b0c1932bc:  56% ▕██████████        ▏ 2.8 GB/4.9 GB   32 MB/s    1m6s[K[?25h[?2026l[?2026h[?25l[A[1Gpulling manifest [K
pulling 667b0c1932bc:  56% ▕██████████        ▏ 2.8 GB/4.9 GB   32 MB/s    1m6s[K[?25h[?2026l[?2026h[?25l[A[1Gpulling manifest [K
pulling 667b0c1932bc:  56% ▕██████████        ▏ 2.8 GB/4.9 GB   32 MB/s    1m6s[K[?25h[?2026l[?2026h[?25l[A[1Gpulling manifest [K
pulling 667b0c1932bc:  56% ▕██████████        ▏ 2.8 GB/4.9 GB   32 MB/s    1m6s[K[?25h[?2026l[?2026h[?25l[A[1Gpulling manifest [K
pulling 667b0c1932bc:  56% ▕██████████        ▏ 2.8 GB/4.9 GB   32 MB/s    1m6s[K[?25h[?2026l[?2026h[?25l[A[1Gpulling manifest [K
pulling 667b0c1932bc:  57% ▕██████████        ▏ 2.8 GB/4.9 GB   32 MB/s    1m6s[K[?25h[?2026l[?2026h[?25l[A[1Gpulling manifest [K
pulling 667b0c1932bc:  57% ▕██████████        ▏ 2.8 GB/4.9 GB   32 MB/s    1m6s[K[?25h[?2026l[?2026h[?25l[A[1Gpulling manifest [K
pulling 667b0c1932bc:  57% ▕██████████        ▏ 2.8 GB/4.9 GB   32 MB/s    1m5s[K[?25h[?2026l[?2026h[?25l[A[1Gpulling manifest [K
pulling 667b0c1932bc:  57% ▕██████████        ▏ 2.8 GB/4.9 GB   32 MB/s    1m5s[K[?25h[?2026l[?2026h[?25l[A[1Gpulling manifest [K
pulling 667b0c1932bc:  57% ▕██████████        ▏ 2.8 GB/4.9 GB   32 MB/s    1m5s[K[?25h[?2026l[?2026h[?25l[A[1Gpulling manifest [K
pulling 667b0c1932bc:  57% ▕██████████        ▏ 2.8 GB/4.9 GB   32 MB/s    1m5s[K[?25h[?2026l[?2026h[?25l[A[1Gpulling manifest [K
pulling 667b0c1932bc:  57% ▕██████████        ▏ 2.8 GB/4.9 GB   32 MB/s    1m5s[K[?25h[?2026l[?2026h[?25l[A[1Gpulling manifest [K
pulling 667b0c1932bc:  57% ▕██████████        ▏ 2.8 GB/4.9 GB   32 MB/s    1m5s[K[?25h[?2026l[?2026h[?25l[A[1Gpulling manifest [K
pulling 667b0c1932bc:  57% ▕██████████        ▏ 2.8 GB/4.9 GB   32 MB/s    1m4s[K[?25h[?2026l[?2026h[?25l[A[1Gpulling manifest [K
pulling 667b0c1932bc:  57% ▕██████████        ▏ 2.8 GB/4.9 GB   32 MB/s    1m4s[K[?25h[?2026l[?2026h[?25l[A[1Gpulling manifest [K
pulling 667b0c1932bc:  57% ▕██████████        ▏ 2.8 GB/4.9 GB   32 MB/s    1m4s[K[?25h[?2026l[?2026h[?25l[A[1Gpulling manifest [K
pulling 667b0c1932bc:  57% ▕██████████        ▏ 2.8 GB/4.9 GB   32 MB/s    1m4s[K[?25h[?2026l[?2026h[?25l[A[1Gpulling manifest [K
pulling 667b0c1932bc:  57% ▕██████████        ▏ 2.8 GB/4.9 GB   32 MB/s    1m4s[K[?25h[?2026l[?2026h[?25l[A[1Gpulling manifest [K
pulling 667b0c1932bc:  57% ▕██████████        ▏ 2.8 GB/4.9 GB   32 MB/s    1m4s[K[?25h[?2026l[?2026h[?25l[A[1Gpulling manifest [K
pulling 667b0c1932bc:  57% ▕██████████        ▏ 2.8 GB/4.9 GB   32 MB/s    1m4s[K[?25h[?2026l[?2026h[?25l[A[1Gpulling manifest [K
pulling 667b0c1932bc:  58% ▕██████████        ▏ 2.8 GB/4.9 GB   32 MB/s    1m4s[K[?25h[?2026l[?2026h[?25l[A[1Gpulling manifest [K
pulling 667b0c1932bc:  58% ▕██████████        ▏ 2.8 GB/4.9 GB   32 MB/s    1m4s[K[?25h[?2026l[?2026h[?25l[A[1Gpulling manifest [K
pulling 667b0c1932bc:  58% ▕██████████        ▏ 2.8 GB/4.9 GB   32 MB/s    1m4s[K[?25h[?2026l[?2026h[?25l[A[1Gpulling manifest [K
pulling 667b0c1932bc:  58% ▕██████████        ▏ 2.8 GB/4.9 GB   32 MB/s    1m3s[K[?25h[?2026l[?2026h[?25l[A[1Gpulling manifest [K
pulling 667b0c1932bc:  58% ▕██████████        ▏ 2.8 GB/4.9 GB   32 MB/s    1m3s[K[?25h[?2026l[?2026h[?25l[A[1Gpulling manifest [K
pulling 667b0c1932bc:  58% ▕██████████        ▏ 2.8 GB/4.9 GB   32 MB/s    1m3s[K[?25h[?2026l[?2026h[?25l[A[1Gpulling manifest [K
pulling 667b0c1932bc:  58% ▕██████████        ▏ 2.9 GB/4.9 GB   32 MB/s    1m3s[K[?25h[?2026l[?2026h[?25l[A[1Gpulling manifest [K
pulling 667b0c1932bc:  58% ▕██████████        ▏ 2.9 GB/4.9 GB   32 MB/s    1m3s[K[?25h[?2026l[?2026h[?25l[A[1Gpulling manifest [K
pulling 667b0c1932bc:  58% ▕██████████        ▏ 2.9 GB/4.9 GB   32 MB/s    1m3s[K[?25h[?2026l[?2026h[?25l[A[1Gpulling manifest [K
pulling 667b0c1932bc:  58% ▕██████████        ▏ 2.9 GB/4.9 GB   32 MB/s    1m3s[K[?25h[?2026l[?2026h[?25l[A[1Gpulling manifest [K
pulling 667b0c1932bc:  58% ▕██████████        ▏ 2.9 GB/4.9 GB   32 MB/s    1m3s[K[?25h[?2026l[?2026h[?25l[A[1Gpulling manifest [K
pulling 667b0c1932bc:  58% ▕██████████        ▏ 2.9 GB/4.9 GB   32 MB/s    1m3s[K[?25h[?2026l[?2026h[?25l[A[1Gpulling manifest [K
pulling 667b0c1932bc:  58% ▕██████████        ▏ 2.9 GB/4.9 GB   32 MB/s    1m3s[K[?25h[?2026l[?2026h[?25l[A[1Gpulling manifest [K
pulling 667b0c1932bc:  58% ▕██████████        ▏ 2.9 GB/4.9 GB   32 MB/s    1m3s[K[?25h[?2026l[?2026h[?25l[A[1Gpulling manifest [K
pulling 667b0c1932bc:  58% ▕██████████        ▏ 2.9 GB/4.9 GB   32 MB/s    1m2s[K[?25h[?2026l[?2026h[?25l[A[1Gpulling manifest [K
pulling 667b0c1932bc:  59% ▕██████████        ▏ 2.9 GB/4.9 GB   32 MB/s    1m2s[K[?25h[?2026l[?2026h[?25l[A[1Gpulling manifest [K
pulling 667b0c1932bc:  59% ▕██████████        ▏ 2.9 GB/4.9 GB   32 MB/s    1m2s[K[?25h[?2026l[?2026h[?25l[A[1Gpulling manifest [K
pulling 667b0c1932bc:  59% ▕██████████        ▏ 2.9 GB/4.9 GB   32 MB/s    1m2s[K[?25h[?2026l[?2026h[?25l[A[1Gpulling manifest [K
pulling 667b0c1932bc:  59% ▕██████████        ▏ 2.9 GB/4.9 GB   32 MB/s    1m2s[K[?25h[?2026l[?2026h[?25l[A[1Gpulling manifest [K
pulling 667b0c1932bc:  59% ▕██████████        ▏ 2.9 GB/4.9 GB   32 MB/s    1m2s[K[?25h[?2026l[?2026h[?25l[A[1Gpulling manifest [K
pulling 667b0c1932bc:  59% ▕██████████        ▏ 2.9 GB/4.9 GB   32 MB/s    1m2s[K[?25h[?2026l[?2026h[?25l[A[1Gpulling manifest [K
pulling 667b0c1932bc:  59% ▕██████████        ▏ 2.9 GB/4.9 GB   32 MB/s    1m2s[K[?25h[?2026l[?2026h[?25l[A[1Gpulling manifest [K
pulling 667b0c1932bc:  59% ▕██████████        ▏ 2.9 GB/4.9 GB   32 MB/s    1m2s[K[?25h[?2026l[?2026h[?25l[A[1Gpulling manifest [K
pulling 667b0c1932bc:  59% ▕██████████        ▏ 2.9 GB/4.9 GB   32 MB/s    1m2s[K[?25h[?2026l[?2026h[?25l[A[1Gpulling manifest [K
pulling 667b0c1932bc:  59% ▕██████████        ▏ 2.9 GB/4.9 GB   32 MB/s    1m1s[K[?25h[?2026l[?2026h[?25l[A[1Gpulling manifest [K
pulling 667b0c1932bc:  59% ▕██████████        ▏ 2.9 GB/4.9 GB   32 MB/s    1m1s[K[?25h[?2026l[?2026h[?25l[A[1Gpulling manifest [K
pulling 667b0c1932bc:  59% ▕██████████        ▏ 2.9 GB/4.9 GB   32 MB/s    1m1s[K[?25h[?2026l[?2026h[?25l[A[1Gpulling manifest [K
pulling 667b0c1932bc:  59% ▕██████████        ▏ 2.9 GB/4.9 GB   32 MB/s    1m1s[K[?25h[?2026l[?2026h[?25l[A[1Gpulling manifest [K
pulling 667b0c1932bc:  59% ▕██████████        ▏ 2.9 GB/4.9 GB   32 MB/s    1m1s[K[?25h[?2026l[?2026h[?25l[A[1Gpulling manifest [K
pulling 667b0c1932bc:  59% ▕██████████        ▏ 2.9 GB/4.9 GB   32 MB/s    1m1s[K[?25h[?2026l[?2026h[?25l[A[1Gpulling manifest [K
pulling 667b0c1932bc:  60% ▕██████████        ▏ 2.9 GB/4.9 GB   32 MB/s    1m1s[K[?25h[?2026l[?2026h[?25l[A[1Gpulling manifest [K
pulling 667b0c1932bc:  60% ▕██████████        ▏ 2.9 GB/4.9 GB   32 MB/s    1m1s[K[?25h[?2026l[?2026h[?25l[A[1Gpulling manifest [K
pulling 667b0c1932bc:  60% ▕██████████        ▏ 2.9 GB/4.9 GB   32 MB/s    1m1s[K[?25h[?2026l[?2026h[?25l[A[1Gpulling manifest [K
pulling 667b0c1932bc:  60% ▕██████████        ▏ 2.9 GB/4.9 GB   32 MB/s    1m1s[K[?25h[?2026l[?2026h[?25l[A[1Gpulling manifest [K
pulling 667b0c1932bc:  60% ▕██████████        ▏ 2.9 GB/4.9 GB   32 MB/s    1m1s[K[?25h[?2026l[?2026h[?25l[A[1Gpulling manifest [K
pulling 667b0c1932bc:  60% ▕██████████        ▏ 2.9 GB/4.9 GB   32 MB/s    1m0s[K[?25h[?2026l[?2026h[?25l[A[1Gpulling manifest [K
pulling 667b0c1932bc:  60% ▕██████████        ▏ 2.9 GB/4.9 GB   32 MB/s    1m0s[K[?25h[?2026l[?2026h[?25l[A[1Gpulling manifest [K
pulling 667b0c1932bc:  60% ▕██████████        ▏ 3.0 GB/4.9 GB   32 MB/s    1m0s[K[?25h[?2026l[?2026h[?25l[A[1Gpulling manifest [K
pulling 667b0c1932bc:  60% ▕██████████        ▏ 3.0 GB/4.9 GB   32 MB/s    1m0s[K[?25h[?2026l[?2026h[?25l[A[1Gpulling manifest [K
pulling 667b0c1932bc:  60% ▕██████████        ▏ 3.0 GB/4.9 GB   32 MB/s    1m0s[K[?25h[?2026l[?2026h[?25l[A[1Gpulling manifest [K
pulling 667b0c1932bc:  60% ▕██████████        ▏ 3.0 GB/4.9 GB   32 MB/s    1m0s[K[?25h[?2026l[?2026h[?25l[A[1Gpulling manifest [K
pulling 667b0c1932bc:  60% ▕██████████        ▏ 3.0 GB/4.9 GB   32 MB/s    1m0s[K[?25h[?2026l[?2026h[?25l[A[1Gpulling manifest [K
pulling 667b0c1932bc:  60% ▕██████████        ▏ 3.0 GB/4.9 GB   32 MB/s    1m0s[K[?25h[?2026l[?2026h[?25l[A[1Gpulling manifest [K
pulling 667b0c1932bc:  60% ▕██████████        ▏ 3.0 GB/4.9 GB   32 MB/s    1m0s[K[?25h[?2026l[?2026h[?25l[A[1Gpulling manifest [K
pulling 667b0c1932bc:  60% ▕██████████        ▏ 3.0 GB/4.9 GB   32 MB/s     59s[K[?25h[?2026l[?2026h[?25l[A[1Gpulling manifest [K
pulling 667b0c1932bc:  61% ▕██████████        ▏ 3.0 GB/4.9 GB   32 MB/s     59s[K[?25h[?2026l[?2026h[?25l[A[1Gpulling manifest [K
pulling 667b0c1932bc:  61% ▕██████████        ▏ 3.0 GB/4.9 GB   32 MB/s     59s[K[?25h[?2026l[?2026h[?25l[A[1Gpulling manifest [K
pulling 667b0c1932bc:  61% ▕██████████        ▏ 3.0 GB/4.9 GB   32 MB/s     59s[K[?25h[?2026l[?2026h[?25l[A[1Gpulling manifest [K
pulling 667b0c1932bc:  61% ▕██████████        ▏ 3.0 GB/4.9 GB   32 MB/s     58s[K[?25h[?2026l[?2026h[?25l[A[1Gpulling manifest [K
pulling 667b0c1932bc:  61% ▕██████████        ▏ 3.0 GB/4.9 GB   32 MB/s     58s[K[?25h[?2026l[?2026h[?25l[A[1Gpulling manifest [K
pulling 667b0c1932bc:  61% ▕██████████        ▏ 3.0 GB/4.9 GB   32 MB/s     58s[K[?25h[?2026l[?2026h[?25l[A[1Gpulling manifest [K
pulling 667b0c1932bc:  61% ▕██████████        ▏ 3.0 GB/4.9 GB   32 MB/s     58s[K[?25h[?2026l[?2026h[?25l[A[1Gpulling manifest [K
pulling 667b0c1932bc:  61% ▕██████████        ▏ 3.0 GB/4.9 GB   32 MB/s     58s[K[?25h[?2026l[?2026h[?25l[A[1Gpulling manifest [K
pulling 667b0c1932bc:  61% ▕██████████        ▏ 3.0 GB/4.9 GB   32 MB/s     58s[K[?25h[?2026l[?2026h[?25l[A[1Gpulling manifest [K
pulling 667b0c1932bc:  61% ▕███████████       ▏ 3.0 GB/4.9 GB   32 MB/s     58s[K[?25h[?2026l[?2026h[?25l[A[1Gpulling manifest [K
pulling 667b0c1932bc:  61% ▕███████████       ▏ 3.0 GB/4.9 GB   32 MB/s     58s[K[?25h[?2026l[?2026h[?25l[A[1Gpulling manifest [K
pulling 667b0c1932bc:  61% ▕███████████       ▏ 3.0 GB/4.9 GB   32 MB/s     58s[K[?25h[?2026l[?2026h[?25l[A[1Gpulling manifest [K
pulling 667b0c1932bc:  61% ▕███████████       ▏ 3.0 GB/4.9 GB   32 MB/s     57s[K[?25h[?2026l[?2026h[?25l[A[1Gpulling manifest [K
pulling 667b0c1932bc:  61% ▕███████████       ▏ 3.0 GB/4.9 GB   32 MB/s     57s[K[?25h[?2026l[?2026h[?25l[A[1Gpulling manifest [K
pulling 667b0c1932bc:  61% ▕███████████       ▏ 3.0 GB/4.9 GB   32 MB/s     57s[K[?25h[?2026l[?2026h[?25l[A[1Gpulling manifest [K
pulling 667b0c1932bc:  62% ▕███████████       ▏ 3.0 GB/4.9 GB   32 MB/s     57s[K[?25h[?2026l[?2026h[?25l[A[1Gpulling manifest [K
pulling 667b0c1932bc:  62% ▕███████████       ▏ 3.0 GB/4.9 GB   32 MB/s     57s[K[?25h[?2026l[?2026h[?25l[A[1Gpulling manifest [K
pulling 667b0c1932bc:  62% ▕███████████       ▏ 3.0 GB/4.9 GB   32 MB/s     57s[K[?25h[?2026l[?2026h[?25l[A[1Gpulling manifest [K
pulling 667b0c1932bc:  62% ▕███████████       ▏ 3.0 GB/4.9 GB   32 MB/s     57s[K[?25h[?2026l[?2026h[?25l[A[1Gpulling manifest [K
pulling 667b0c1932bc:  62% ▕███████████       ▏ 3.0 GB/4.9 GB   32 MB/s     57s[K[?25h[?2026l[?2026h[?25l[A[1Gpulling manifest [K
pulling 667b0c1932bc:  62% ▕███████████       ▏ 3.0 GB/4.9 GB   32 MB/s     57s[K[?25h[?2026l[?2026h[?25l[A[1Gpulling manifest [K
pulling 667b0c1932bc:  62% ▕███████████       ▏ 3.0 GB/4.9 GB   32 MB/s     57s[K[?25h[?2026l[?2026h[?25l[A[1Gpulling manifest [K
pulling 667b0c1932bc:  62% ▕███████████       ▏ 3.0 GB/4.9 GB   32 MB/s     56s[K[?25h[?2026l[?2026h[?25l[A[1Gpulling manifest [K
pulling 667b0c1932bc:  62% ▕███████████       ▏ 3.1 GB/4.9 GB   32 MB/s     56s[K[?25h[?2026l[?2026h[?25l[A[1Gpulling manifest [K
pulling 667b0c1932bc:  62% ▕███████████       ▏ 3.1 GB/4.9 GB   33 MB/s     55s[K[?25h[?2026l[?2026h[?25l[A[1Gpulling manifest [K
pulling 667b0c1932bc:  62% ▕███████████       ▏ 3.1 GB/4.9 GB   33 MB/s     55s[K[?25h[?2026l[?2026h[?25l[A[1Gpulling manifest [K
pulling 667b0c1932bc:  62% ▕███████████       ▏ 3.1 GB/4.9 GB   33 MB/s     55s[K[?25h[?2026l[?2026h[?25l[A[1Gpulling manifest [K
pulling 667b0c1932bc:  62% ▕███████████       ▏ 3.1 GB/4.9 GB   33 MB/s     55s[K[?25h[?2026l[?2026h[?25l[A[1Gpulling manifest [K
pulling 667b0c1932bc:  62% ▕███████████       ▏ 3.1 GB/4.9 GB   33 MB/s     55s[K[?25h[?2026l[?2026h[?25l[A[1Gpulling manifest [K
pulling 667b0c1932bc:  62% ▕███████████       ▏ 3.1 GB/4.9 GB   33 MB/s     55s[K[?25h[?2026l[?2026h[?25l[A[1Gpulling manifest [K
pulling 667b0c1932bc:  62% ▕███████████       ▏ 3.1 GB/4.9 GB   33 MB/s     55s[K[?25h[?2026l[?2026h[?25l[A[1Gpulling manifest [K
pulling 667b0c1932bc:  62% ▕███████████       ▏ 3.1 GB/4.9 GB   33 MB/s     55s[K[?25h[?2026l[?2026h[?25l[A[1Gpulling manifest [K
pulling 667b0c1932bc:  63% ▕███████████       ▏ 3.1 GB/4.9 GB   33 MB/s     55s[K[?25h[?2026l[?2026h[?25l[A[1Gpulling manifest [K
pulling 667b0c1932bc:  63% ▕███████████       ▏ 3.1 GB/4.9 GB   33 MB/s     54s[K[?25h[?2026l[?2026h[?25l[A[1Gpulling manifest [K
pulling 667b0c1932bc:  63% ▕███████████       ▏ 3.1 GB/4.9 GB   32 MB/s     55s[K[?25h[?2026l[?2026h[?25l[A[1Gpulling manifest [K
pulling 667b0c1932bc:  63% ▕███████████       ▏ 3.1 GB/4.9 GB   32 MB/s     55s[K[?25h[?2026l[?2026h[?25l[A[1Gpulling manifest [K
pulling 667b0c1932bc:  63% ▕███████████       ▏ 3.1 GB/4.9 GB   32 MB/s     55s[K[?25h[?2026l[?2026h[?25l[A[1Gpulling manifest [K
pulling 667b0c1932bc:  63% ▕███████████       ▏ 3.1 GB/4.9 GB   32 MB/s     55s[K[?25h[?2026l[?2026h[?25l[A[1Gpulling manifest [K
pulling 667b0c1932bc:  63% ▕███████████       ▏ 3.1 GB/4.9 GB   32 MB/s     55s[K[?25h[?2026l[?2026h[?25l[A[1Gpulling manifest [K
pulling 667b0c1932bc:  63% ▕███████████       ▏ 3.1 GB/4.9 GB   32 MB/s     55s[K[?25h[?2026l[?2026h[?25l[A[1Gpulling manifest [K
pulling 667b0c1932bc:  63% ▕███████████       ▏ 3.1 GB/4.9 GB   32 MB/s     55s[K[?25h[?2026l[?2026h[?25l[A[1Gpulling manifest [K
pulling 667b0c1932bc:  63% ▕███████████       ▏ 3.1 GB/4.9 GB   32 MB/s     55s[K[?25h[?2026l[?2026h[?25l[A[1Gpulling manifest [K
pulling 667b0c1932bc:  63% ▕███████████       ▏ 3.1 GB/4.9 GB   32 MB/s     55s[K[?25h[?2026l[?2026h[?25l[A[1Gpulling manifest [K
pulling 667b0c1932bc:  63% ▕███████████       ▏ 3.1 GB/4.9 GB   32 MB/s     54s[K[?25h[?2026l[?2026h[?25l[A[1Gpulling manifest [K
pulling 667b0c1932bc:  63% ▕███████████       ▏ 3.1 GB/4.9 GB   32 MB/s     54s[K[?25h[?2026l[?2026h[?25l[A[1Gpulling manifest [K
pulling 667b0c1932bc:  63% ▕███████████       ▏ 3.1 GB/4.9 GB   32 MB/s     54s[K[?25h[?2026l[?2026h[?25l[A[1Gpulling manifest [K
pulling 667b0c1932bc:  63% ▕███████████       ▏ 3.1 GB/4.9 GB   32 MB/s     54s[K[?25h[?2026l[?2026h[?25l[A[1Gpulling manifest [K
pulling 667b0c1932bc:  64% ▕███████████       ▏ 3.1 GB/4.9 GB   32 MB/s     54s[K[?25h[?2026l[?2026h[?25l[A[1Gpulling manifest [K
pulling 667b0c1932bc:  64% ▕███████████       ▏ 3.1 GB/4.9 GB   32 MB/s     54s[K[?25h[?2026l[?2026h[?25l[A[1Gpulling manifest [K
pulling 667b0c1932bc:  64% ▕███████████       ▏ 3.1 GB/4.9 GB   32 MB/s     54s[K[?25h[?2026l[?2026h[?25l[A[1Gpulling manifest [K
pulling 667b0c1932bc:  64% ▕███████████       ▏ 3.1 GB/4.9 GB   32 MB/s     54s[K[?25h[?2026l[?2026h[?25l[A[1Gpulling manifest [K
pulling 667b0c1932bc:  64% ▕███████████       ▏ 3.1 GB/4.9 GB   32 MB/s     54s[K[?25h[?2026l[?2026h[?25l[A[1Gpulling manifest [K
pulling 667b0c1932bc:  64% ▕███████████       ▏ 3.1 GB/4.9 GB   32 MB/s     54s[K[?25h[?2026l[?2026h[?25l[A[1Gpulling manifest [K
pulling 667b0c1932bc:  64% ▕███████████       ▏ 3.1 GB/4.9 GB   32 MB/s     53s[K[?25h[?2026l[?2026h[?25l[A[1Gpulling manifest [K
pulling 667b0c1932bc:  64% ▕███████████       ▏ 3.2 GB/4.9 GB   32 MB/s     53s[K[?25h[?2026l[?2026h[?25l[A[1Gpulling manifest [K
pulling 667b0c1932bc:  64% ▕███████████       ▏ 3.2 GB/4.9 GB   32 MB/s     53s[K[?25h[?2026l[?2026h[?25l[A[1Gpulling manifest [K
pulling 667b0c1932bc:  64% ▕███████████       ▏ 3.2 GB/4.9 GB   32 MB/s     53s[K[?25h[?2026l[?2026h[?25l[A[1Gpulling manifest [K
pulling 667b0c1932bc:  64% ▕███████████       ▏ 3.2 GB/4.9 GB   32 MB/s     53s[K[?25h[?2026l[?2026h[?25l[A[1Gpulling manifest [K
pulling 667b0c1932bc:  64% ▕███████████       ▏ 3.2 GB/4.9 GB   32 MB/s     53s[K[?25h[?2026l[?2026h[?25l[A[1Gpulling manifest [K
pulling 667b0c1932bc:  64% ▕███████████       ▏ 3.2 GB/4.9 GB   32 MB/s     53s[K[?25h[?2026l[?2026h[?25l[A[1Gpulling manifest [K
pulling 667b0c1932bc:  64% ▕███████████       ▏ 3.2 GB/4.9 GB   32 MB/s     53s[K[?25h[?2026l[?2026h[?25l[A[1Gpulling manifest [K
pulling 667b0c1932bc:  64% ▕███████████       ▏ 3.2 GB/4.9 GB   32 MB/s     53s[K[?25h[?2026l[?2026h[?25l[A[1Gpulling manifest [K
pulling 667b0c1932bc:  64% ▕███████████       ▏ 3.2 GB/4.9 GB   32 MB/s     53s[K[?25h[?2026l[?2026h[?25l[A[1Gpulling manifest [K
pulling 667b0c1932bc:  65% ▕███████████       ▏ 3.2 GB/4.9 GB   32 MB/s     52s[K[?25h[?2026l[?2026h[?25l[A[1Gpulling manifest [K
pulling 667b0c1932bc:  65% ▕███████████       ▏ 3.2 GB/4.9 GB   32 MB/s     52s[K[?25h[?2026l[?2026h[?25l[A[1Gpulling manifest [K
pulling 667b0c1932bc:  65% ▕███████████       ▏ 3.2 GB/4.9 GB   32 MB/s     53s[K[?25h[?2026l[?2026h[?25l[A[1Gpulling manifest [K
pulling 667b0c1932bc:  65% ▕███████████       ▏ 3.2 GB/4.9 GB   32 MB/s     53s[K[?25h[?2026l[?2026h[?25l[A[1Gpulling manifest [K
pulling 667b0c1932bc:  65% ▕███████████       ▏ 3.2 GB/4.9 GB   32 MB/s     53s[K[?25h[?2026l[?2026h[?25l[A[1Gpulling manifest [K
pulling 667b0c1932bc:  65% ▕███████████       ▏ 3.2 GB/4.9 GB   32 MB/s     53s[K[?25h[?2026l[?2026h[?25l[A[1Gpulling manifest [K
pulling 667b0c1932bc:  65% ▕███████████       ▏ 3.2 GB/4.9 GB   32 MB/s     53s[K[?25h[?2026l[?2026h[?25l[A[1Gpulling manifest [K
pulling 667b0c1932bc:  65% ▕███████████       ▏ 3.2 GB/4.9 GB   32 MB/s     52s[K[?25h[?2026l[?2026h[?25l[A[1Gpulling manifest [K
pulling 667b0c1932bc:  65% ▕███████████       ▏ 3.2 GB/4.9 GB   32 MB/s     52s[K[?25h[?2026l[?2026h[?25l[A[1Gpulling manifest [K
pulling 667b0c1932bc:  65% ▕███████████       ▏ 3.2 GB/4.9 GB   32 MB/s     52s[K[?25h[?2026l[?2026h[?25l[A[1Gpulling manifest [K
pulling 667b0c1932bc:  65% ▕███████████       ▏ 3.2 GB/4.9 GB   32 MB/s     52s[K[?25h[?2026l[?2026h[?25l[A[1Gpulling manifest [K
pulling 667b0c1932bc:  65% ▕███████████       ▏ 3.2 GB/4.9 GB   32 MB/s     52s[K[?25h[?2026l[?2026h[?25l[A[1Gpulling manifest [K
pulling 667b0c1932bc:  65% ▕███████████       ▏ 3.2 GB/4.9 GB   32 MB/s     52s[K[?25h[?2026l[?2026h[?25l[A[1Gpulling manifest [K
pulling 667b0c1932bc:  65% ▕███████████       ▏ 3.2 GB/4.9 GB   32 MB/s     52s[K[?25h[?2026l[?2026h[?25l[A[1Gpulling manifest [K
pulling 667b0c1932bc:  65% ▕███████████       ▏ 3.2 GB/4.9 GB   32 MB/s     52s[K[?25h[?2026l[?2026h[?25l[A[1Gpulling manifest [K
pulling 667b0c1932bc:  66% ▕███████████       ▏ 3.2 GB/4.9 GB   32 MB/s     52s[K[?25h[?2026l[?2026h[?25l[A[1Gpulling manifest [K
pulling 667b0c1932bc:  66% ▕███████████       ▏ 3.2 GB/4.9 GB   32 MB/s     52s[K[?25h[?2026l[?2026h[?25l[A[1Gpulling manifest [K
pulling 667b0c1932bc:  66% ▕███████████       ▏ 3.2 GB/4.9 GB   32 MB/s     51s[K[?25h[?2026l[?2026h[?25l[A[1Gpulling manifest [K
pulling 667b0c1932bc:  66% ▕███████████       ▏ 3.2 GB/4.9 GB   32 MB/s     51s[K[?25h[?2026l[?2026h[?25l[A[1Gpulling manifest [K
pulling 667b0c1932bc:  66% ▕███████████       ▏ 3.2 GB/4.9 GB   32 MB/s     51s[K[?25h[?2026l[?2026h[?25l[A[1Gpulling manifest [K
pulling 667b0c1932bc:  66% ▕███████████       ▏ 3.2 GB/4.9 GB   32 MB/s     51s[K[?25h[?2026l[?2026h[?25l[A[1Gpulling manifest [K
pulling 667b0c1932bc:  66% ▕███████████       ▏ 3.2 GB/4.9 GB   32 MB/s     51s[K[?25h[?2026l[?2026h[?25l[A[1Gpulling manifest [K
pulling 667b0c1932bc:  66% ▕███████████       ▏ 3.2 GB/4.9 GB   32 MB/s     51s[K[?25h[?2026l[?2026h[?25l[A[1Gpulling manifest [K
pulling 667b0c1932bc:  66% ▕███████████       ▏ 3.3 GB/4.9 GB   32 MB/s     51s[K[?25h[?2026l[?2026h[?25l[A[1Gpulling manifest [K
pulling 667b0c1932bc:  66% ▕███████████       ▏ 3.3 GB/4.9 GB   32 MB/s     51s[K[?25h[?2026l[?2026h[?25l[A[1Gpulling manifest [K
pulling 667b0c1932bc:  66% ▕███████████       ▏ 3.3 GB/4.9 GB   32 MB/s     51s[K[?25h[?2026l[?2026h[?25l[A[1Gpulling manifest [K
pulling 667b0c1932bc:  66% ▕███████████       ▏ 3.3 GB/4.9 GB   32 MB/s     51s[K[?25h[?2026l[?2026h[?25l[A[1Gpulling manifest [K
pulling 667b0c1932bc:  66% ▕███████████       ▏ 3.3 GB/4.9 GB   32 MB/s     50s[K[?25h[?2026l[?2026h[?25l[A[1Gpulling manifest [K
pulling 667b0c1932bc:  66% ▕███████████       ▏ 3.3 GB/4.9 GB   32 MB/s     50s[K[?25h[?2026l[?2026h[?25l[A[1Gpulling manifest [K
pulling 667b0c1932bc:  66% ▕███████████       ▏ 3.3 GB/4.9 GB   32 MB/s     50s[K[?25h[?2026l[?2026h[?25l[A[1Gpulling manifest [K
pulling 667b0c1932bc:  67% ▕███████████       ▏ 3.3 GB/4.9 GB   32 MB/s     50s[K[?25h[?2026l[?2026h[?25l[A[1Gpulling manifest [K
pulling 667b0c1932bc:  67% ▕███████████       ▏ 3.3 GB/4.9 GB   32 MB/s     50s[K[?25h[?2026l[?2026h[?25l[A[1Gpulling manifest [K
pulling 667b0c1932bc:  67% ▕████████████      ▏ 3.3 GB/4.9 GB   32 MB/s     50s[K[?25h[?2026l[?2026h[?25l[A[1Gpulling manifest [K
pulling 667b0c1932bc:  67% ▕████████████      ▏ 3.3 GB/4.9 GB   32 MB/s     50s[K[?25h[?2026l[?2026h[?25l[A[1Gpulling manifest [K
pulling 667b0c1932bc:  67% ▕████████████      ▏ 3.3 GB/4.9 GB   32 MB/s     50s[K[?25h[?2026l[?2026h[?25l[A[1Gpulling manifest [K
pulling 667b0c1932bc:  67% ▕████████████      ▏ 3.3 GB/4.9 GB   32 MB/s     50s[K[?25h[?2026l[?2026h[?25l[A[1Gpulling manifest [K
pulling 667b0c1932bc:  67% ▕████████████      ▏ 3.3 GB/4.9 GB   32 MB/s     49s[K[?25h[?2026l[?2026h[?25l[A[1Gpulling manifest [K
pulling 667b0c1932bc:  67% ▕████████████      ▏ 3.3 GB/4.9 GB   32 MB/s     49s[K[?25h[?2026l[?2026h[?25l[A[1Gpulling manifest [K
pulling 667b0c1932bc:  67% ▕████████████      ▏ 3.3 GB/4.9 GB   32 MB/s     49s[K[?25h[?2026l[?2026h[?25l[A[1Gpulling manifest [K
pulling 667b0c1932bc:  67% ▕████████████      ▏ 3.3 GB/4.9 GB   32 MB/s     49s[K[?25h[?2026l[?2026h[?25l[A[1Gpulling manifest [K
pulling 667b0c1932bc:  67% ▕████████████      ▏ 3.3 GB/4.9 GB   32 MB/s     49s[K[?25h[?2026l[?2026h[?25l[A[1Gpulling manifest [K
pulling 667b0c1932bc:  67% ▕████████████      ▏ 3.3 GB/4.9 GB   32 MB/s     49s[K[?25h[?2026l[?2026h[?25l[A[1Gpulling manifest [K
pulling 667b0c1932bc:  67% ▕████████████      ▏ 3.3 GB/4.9 GB   32 MB/s     49s[K[?25h[?2026l[?2026h[?25l[A[1Gpulling manifest [K
pulling 667b0c1932bc:  67% ▕████████████      ▏ 3.3 GB/4.9 GB   32 MB/s     49s[K[?25h[?2026l[?2026h[?25l[A[1Gpulling manifest [K
pulling 667b0c1932bc:  67% ▕████████████      ▏ 3.3 GB/4.9 GB   32 MB/s     49s[K[?25h[?2026l[?2026h[?25l[A[1Gpulling manifest [K
pulling 667b0c1932bc:  68% ▕████████████      ▏ 3.3 GB/4.9 GB   32 MB/s     49s[K[?25h[?2026l[?2026h[?25l[A[1Gpulling manifest [K
pulling 667b0c1932bc:  68% ▕████████████      ▏ 3.3 GB/4.9 GB   32 MB/s     48s[K[?25h[?2026l[?2026h[?25l[A[1Gpulling manifest [K
pulling 667b0c1932bc:  68% ▕████████████      ▏ 3.3 GB/4.9 GB   32 MB/s     48s[K[?25h[?2026l[?2026h[?25l[A[1Gpulling manifest [K
pulling 667b0c1932bc:  68% ▕████████████      ▏ 3.3 GB/4.9 GB   32 MB/s     48s[K[?25h[?2026l[?2026h[?25l[A[1Gpulling manifest [K
pulling 667b0c1932bc:  68% ▕████████████      ▏ 3.3 GB/4.9 GB   32 MB/s     48s[K[?25h[?2026l[?2026h[?25l[A[1Gpulling manifest [K
pulling 667b0c1932bc:  68% ▕████████████      ▏ 3.3 GB/4.9 GB   32 MB/s     48s[K[?25h[?2026l[?2026h[?25l[A[1Gpulling manifest [K
pulling 667b0c1932bc:  68% ▕████████████      ▏ 3.3 GB/4.9 GB   32 MB/s     48s[K[?25h[?2026l[?2026h[?25l[A[1Gpulling manifest [K
pulling 667b0c1932bc:  68% ▕████████████      ▏ 3.3 GB/4.9 GB   32 MB/s     48s[K[?25h[?2026l[?2026h[?25l[A[1Gpulling manifest [K
pulling 667b0c1932bc:  68% ▕████████████      ▏ 3.4 GB/4.9 GB   32 MB/s     48s[K[?25h[?2026l[?2026h[?25l[A[1Gpulling manifest [K
pulling 667b0c1932bc:  68% ▕████████████      ▏ 3.4 GB/4.9 GB   32 MB/s     48s[K[?25h[?2026l[?2026h[?25l[A[1Gpulling manifest [K
pulling 667b0c1932bc:  68% ▕████████████      ▏ 3.4 GB/4.9 GB   32 MB/s     48s[K[?25h[?2026l[?2026h[?25l[A[1Gpulling manifest [K
pulling 667b0c1932bc:  68% ▕████████████      ▏ 3.4 GB/4.9 GB   32 MB/s     47s[K[?25h[?2026l[?2026h[?25l[A[1Gpulling manifest [K
pulling 667b0c1932bc:  68% ▕████████████      ▏ 3.4 GB/4.9 GB   32 MB/s     47s[K[?25h[?2026l[?2026h[?25l[A[1Gpulling manifest [K
pulling 667b0c1932bc:  68% ▕████████████      ▏ 3.4 GB/4.9 GB   32 MB/s     47s[K[?25h[?2026l[?2026h[?25l[A[1Gpulling manifest [K
pulling 667b0c1932bc:  68% ▕████████████      ▏ 3.4 GB/4.9 GB   32 MB/s     47s[K[?25h[?2026l[?2026h[?25l[A[1Gpulling manifest [K
pulling 667b0c1932bc:  69% ▕████████████      ▏ 3.4 GB/4.9 GB   32 MB/s     47s[K[?25h[?2026l[?2026h[?25l[A[1Gpulling manifest [K
pulling 667b0c1932bc:  69% ▕████████████      ▏ 3.4 GB/4.9 GB   32 MB/s     47s[K[?25h[?2026l[?2026h[?25l[A[1Gpulling manifest [K
pulling 667b0c1932bc:  69% ▕████████████      ▏ 3.4 GB/4.9 GB   32 MB/s     47s[K[?25h[?2026l[?2026h[?25l[A[1Gpulling manifest [K
pulling 667b0c1932bc:  69% ▕████████████      ▏ 3.4 GB/4.9 GB   33 MB/s     46s[K[?25h[?2026l[?2026h[?25l[A[1Gpulling manifest [K
pulling 667b0c1932bc:  69% ▕████████████      ▏ 3.4 GB/4.9 GB   33 MB/s     46s[K[?25h[?2026l[?2026h[?25l[A[1Gpulling manifest [K
pulling 667b0c1932bc:  69% ▕████████████      ▏ 3.4 GB/4.9 GB   33 MB/s     46s[K[?25h[?2026l[?2026h[?25l[A[1Gpulling manifest [K
pulling 667b0c1932bc:  69% ▕████████████      ▏ 3.4 GB/4.9 GB   33 MB/s     46s[K[?25h[?2026l[?2026h[?25l[A[1Gpulling manifest [K
pulling 667b0c1932bc:  69% ▕████████████      ▏ 3.4 GB/4.9 GB   33 MB/s     46s[K[?25h[?2026l[?2026h[?25l[A[1Gpulling manifest [K
pulling 667b0c1932bc:  69% ▕████████████      ▏ 3.4 GB/4.9 GB   33 MB/s     45s[K[?25h[?2026l[?2026h[?25l[A[1Gpulling manifest [K
pulling 667b0c1932bc:  69% ▕████████████      ▏ 3.4 GB/4.9 GB   33 MB/s     45s[K[?25h[?2026l[?2026h[?25l[A[1Gpulling manifest [K
pulling 667b0c1932bc:  69% ▕████████████      ▏ 3.4 GB/4.9 GB   33 MB/s     45s[K[?25h[?2026l[?2026h[?25l[A[1Gpulling manifest [K
pulling 667b0c1932bc:  69% ▕████████████      ▏ 3.4 GB/4.9 GB   33 MB/s     45s[K[?25h[?2026l[?2026h[?25l[A[1Gpulling manifest [K
pulling 667b0c1932bc:  69% ▕████████████      ▏ 3.4 GB/4.9 GB   33 MB/s     45s[K[?25h[?2026l[?2026h[?25l[A[1Gpulling manifest [K
pulling 667b0c1932bc:  69% ▕████████████      ▏ 3.4 GB/4.9 GB   32 MB/s     46s[K[?25h[?2026l[?2026h[?25l[A[1Gpulling manifest [K
pulling 667b0c1932bc:  69% ▕████████████      ▏ 3.4 GB/4.9 GB   32 MB/s     46s[K[?25h[?2026l[?2026h[?25l[A[1Gpulling manifest [K
pulling 667b0c1932bc:  69% ▕████████████      ▏ 3.4 GB/4.9 GB   32 MB/s     46s[K[?25h[?2026l[?2026h[?25l[A[1Gpulling manifest [K
pulling 667b0c1932bc:  70% ▕████████████      ▏ 3.4 GB/4.9 GB   32 MB/s     46s[K[?25h[?2026l[?2026h[?25l[A[1Gpulling manifest [K
pulling 667b0c1932bc:  70% ▕████████████      ▏ 3.4 GB/4.9 GB   32 MB/s     46s[K[?25h[?2026l[?2026h[?25l[A[1Gpulling manifest [K
pulling 667b0c1932bc:  70% ▕████████████      ▏ 3.4 GB/4.9 GB   32 MB/s     45s[K[?25h[?2026l[?2026h[?25l[A[1Gpulling manifest [K
pulling 667b0c1932bc:  70% ▕████████████      ▏ 3.4 GB/4.9 GB   32 MB/s     45s[K[?25h[?2026l[?2026h[?25l[A[1Gpulling manifest [K
pulling 667b0c1932bc:  70% ▕████████████      ▏ 3.4 GB/4.9 GB   32 MB/s     45s[K[?25h[?2026l[?2026h[?25l[A[1Gpulling manifest [K
pulling 667b0c1932bc:  70% ▕████████████      ▏ 3.4 GB/4.9 GB   32 MB/s     45s[K[?25h[?2026l[?2026h[?25l[A[1Gpulling manifest [K
pulling 667b0c1932bc:  70% ▕████████████      ▏ 3.4 GB/4.9 GB   32 MB/s     45s[K[?25h[?2026l[?2026h[?25l[A[1Gpulling manifest [K
pulling 667b0c1932bc:  70% ▕████████████      ▏ 3.4 GB/4.9 GB   32 MB/s     45s[K[?25h[?2026l[?2026h[?25l[A[1Gpulling manifest [K
pulling 667b0c1932bc:  70% ▕████████████      ▏ 3.4 GB/4.9 GB   32 MB/s     45s[K[?25h[?2026l[?2026h[?25l[A[1Gpulling manifest [K
pulling 667b0c1932bc:  70% ▕████████████      ▏ 3.4 GB/4.9 GB   32 MB/s     45s[K[?25h[?2026l[?2026h[?25l[A[1Gpulling manifest [K
pulling 667b0c1932bc:  70% ▕████████████      ▏ 3.5 GB/4.9 GB   32 MB/s     45s[K[?25h[?2026l[?2026h[?25l[A[1Gpulling manifest [K
pulling 667b0c1932bc:  70% ▕████████████      ▏ 3.5 GB/4.9 GB   32 MB/s     44s[K[?25h[?2026l[?2026h[?25l[A[1Gpulling manifest [K
pulling 667b0c1932bc:  70% ▕████████████      ▏ 3.5 GB/4.9 GB   32 MB/s     44s[K[?25h[?2026l[?2026h[?25l[A[1Gpulling manifest [K
pulling 667b0c1932bc:  70% ▕████████████      ▏ 3.5 GB/4.9 GB   32 MB/s     44s[K[?25h[?2026l[?2026h[?25l[A[1Gpulling manifest [K
pulling 667b0c1932bc:  70% ▕████████████      ▏ 3.5 GB/4.9 GB   32 MB/s     44s[K[?25h[?2026l[?2026h[?25l[A[1Gpulling manifest [K
pulling 667b0c1932bc:  71% ▕████████████      ▏ 3.5 GB/4.9 GB   32 MB/s     44s[K[?25h[?2026l[?2026h[?25l[A[1Gpulling manifest [K
pulling 667b0c1932bc:  71% ▕████████████      ▏ 3.5 GB/4.9 GB   32 MB/s     44s[K[?25h[?2026l[?2026h[?25l[A[1Gpulling manifest [K
pulling 667b0c1932bc:  71% ▕████████████      ▏ 3.5 GB/4.9 GB   32 MB/s     44s[K[?25h[?2026l[?2026h[?25l[A[1Gpulling manifest [K
pulling 667b0c1932bc:  71% ▕████████████      ▏ 3.5 GB/4.9 GB   32 MB/s     44s[K[?25h[?2026l[?2026h[?25l[A[1Gpulling manifest [K
pulling 667b0c1932bc:  71% ▕████████████      ▏ 3.5 GB/4.9 GB   32 MB/s     43s[K[?25h[?2026l[?2026h[?25l[A[1Gpulling manifest [K
pulling 667b0c1932bc:  71% ▕████████████      ▏ 3.5 GB/4.9 GB   32 MB/s     43s[K[?25h[?2026l[?2026h[?25l[A[1Gpulling manifest [K
pulling 667b0c1932bc:  71% ▕████████████      ▏ 3.5 GB/4.9 GB   32 MB/s     43s[K[?25h[?2026l[?2026h[?25l[A[1Gpulling manifest [K
pulling 667b0c1932bc:  71% ▕████████████      ▏ 3.5 GB/4.9 GB   32 MB/s     43s[K[?25h[?2026l[?2026h[?25l[A[1Gpulling manifest [K
pulling 667b0c1932bc:  71% ▕████████████      ▏ 3.5 GB/4.9 GB   32 MB/s     43s[K[?25h[?2026l[?2026h[?25l[A[1Gpulling manifest [K
pulling 667b0c1932bc:  71% ▕████████████      ▏ 3.5 GB/4.9 GB   32 MB/s     43s[K[?25h[?2026l[?2026h[?25l[A[1Gpulling manifest [K
pulling 667b0c1932bc:  71% ▕████████████      ▏ 3.5 GB/4.9 GB   32 MB/s     43s[K[?25h[?2026l[?2026h[?25l[A[1Gpulling manifest [K
pulling 667b0c1932bc:  71% ▕████████████      ▏ 3.5 GB/4.9 GB   32 MB/s     43s[K[?25h[?2026l[?2026h[?25l[A[1Gpulling manifest [K
pulling 667b0c1932bc:  71% ▕████████████      ▏ 3.5 GB/4.9 GB   32 MB/s     43s[K[?25h[?2026l[?2026h[?25l[A[1Gpulling manifest [K
pulling 667b0c1932bc:  71% ▕████████████      ▏ 3.5 GB/4.9 GB   32 MB/s     43s[K[?25h[?2026l[?2026h[?25l[A[1Gpulling manifest [K
pulling 667b0c1932bc:  71% ▕████████████      ▏ 3.5 GB/4.9 GB   32 MB/s     43s[K[?25h[?2026l[?2026h[?25l[A[1Gpulling manifest [K
pulling 667b0c1932bc:  71% ▕████████████      ▏ 3.5 GB/4.9 GB   32 MB/s     43s[K[?25h[?2026l[?2026h[?25l[A[1Gpulling manifest [K
pulling 667b0c1932bc:  72% ▕████████████      ▏ 3.5 GB/4.9 GB   32 MB/s     43s[K[?25h[?2026l[?2026h[?25l[A[1Gpulling manifest [K
pulling 667b0c1932bc:  72% ▕████████████      ▏ 3.5 GB/4.9 GB   32 MB/s     42s[K[?25h[?2026l[?2026h[?25l[A[1Gpulling manifest [K
pulling 667b0c1932bc:  72% ▕████████████      ▏ 3.5 GB/4.9 GB   32 MB/s     42s[K[?25h[?2026l[?2026h[?25l[A[1Gpulling manifest [K
pulling 667b0c1932bc:  72% ▕████████████      ▏ 3.5 GB/4.9 GB   32 MB/s     42s[K[?25h[?2026l[?2026h[?25l[A[1Gpulling manifest [K
pulling 667b0c1932bc:  72% ▕████████████      ▏ 3.5 GB/4.9 GB   32 MB/s     42s[K[?25h[?2026l[?2026h[?25l[A[1Gpulling manifest [K
pulling 667b0c1932bc:  72% ▕████████████      ▏ 3.5 GB/4.9 GB   32 MB/s     42s[K[?25h[?2026l[?2026h[?25l[A[1Gpulling manifest [K
pulling 667b0c1932bc:  72% ▕████████████      ▏ 3.5 GB/4.9 GB   32 MB/s     42s[K[?25h[?2026l[?2026h[?25l[A[1Gpulling manifest [K
pulling 667b0c1932bc:  72% ▕████████████      ▏ 3.5 GB/4.9 GB   32 MB/s     42s[K[?25h[?2026l[?2026h[?25l[A[1Gpulling manifest [K
pulling 667b0c1932bc:  72% ▕████████████      ▏ 3.5 GB/4.9 GB   32 MB/s     42s[K[?25h[?2026l[?2026h[?25l[A[1Gpulling manifest [K
pulling 667b0c1932bc:  72% ▕████████████      ▏ 3.5 GB/4.9 GB   32 MB/s     42s[K[?25h[?2026l[?2026h[?25l[A[1Gpulling manifest [K
pulling 667b0c1932bc:  72% ▕████████████      ▏ 3.5 GB/4.9 GB   32 MB/s     42s[K[?25h[?2026l[?2026h[?25l[A[1Gpulling manifest [K
pulling 667b0c1932bc:  72% ▕████████████      ▏ 3.6 GB/4.9 GB   32 MB/s     42s[K[?25h[?2026l[?2026h[?25l[A[1Gpulling manifest [K
pulling 667b0c1932bc:  72% ▕█████████████     ▏ 3.6 GB/4.9 GB   32 MB/s     42s[K[?25h[?2026l[?2026h[?25l[A[1Gpulling manifest [K
pulling 667b0c1932bc:  72% ▕█████████████     ▏ 3.6 GB/4.9 GB   32 MB/s     42s[K[?25h[?2026l[?2026h[?25l[A[1Gpulling manifest [K
pulling 667b0c1932bc:  72% ▕█████████████     ▏ 3.6 GB/4.9 GB   32 MB/s     41s[K[?25h[?2026l[?2026h[?25l[A[1Gpulling manifest [K
pulling 667b0c1932bc:  72% ▕█████████████     ▏ 3.6 GB/4.9 GB   32 MB/s     41s[K[?25h[?2026l[?2026h[?25l[A[1Gpulling manifest [K
pulling 667b0c1932bc:  73% ▕█████████████     ▏ 3.6 GB/4.9 GB   32 MB/s     41s[K[?25h[?2026l[?2026h[?25l[A[1Gpulling manifest [K
pulling 667b0c1932bc:  73% ▕█████████████     ▏ 3.6 GB/4.9 GB   32 MB/s     42s[K[?25h[?2026l[?2026h[?25l[A[1Gpulling manifest [K
pulling 667b0c1932bc:  73% ▕█████████████     ▏ 3.6 GB/4.9 GB   32 MB/s     41s[K[?25h[?2026l[?2026h[?25l[A[1Gpulling manifest [K
pulling 667b0c1932bc:  73% ▕█████████████     ▏ 3.6 GB/4.9 GB   32 MB/s     41s[K[?25h[?2026l[?2026h[?25l[A[1Gpulling manifest [K
pulling 667b0c1932bc:  73% ▕█████████████     ▏ 3.6 GB/4.9 GB   32 MB/s     41s[K[?25h[?2026l[?2026h[?25l[A[1Gpulling manifest [K
pulling 667b0c1932bc:  73% ▕█████████████     ▏ 3.6 GB/4.9 GB   32 MB/s     41s[K[?25h[?2026l[?2026h[?25l[A[1Gpulling manifest [K
pulling 667b0c1932bc:  73% ▕█████████████     ▏ 3.6 GB/4.9 GB   32 MB/s     41s[K[?25h[?2026l[?2026h[?25l[A[1Gpulling manifest [K
pulling 667b0c1932bc:  73% ▕█████████████     ▏ 3.6 GB/4.9 GB   32 MB/s     41s[K[?25h[?2026l[?2026h[?25l[A[1Gpulling manifest [K
pulling 667b0c1932bc:  73% ▕█████████████     ▏ 3.6 GB/4.9 GB   32 MB/s     41s[K[?25h[?2026l[?2026h[?25l[A[1Gpulling manifest [K
pulling 667b0c1932bc:  73% ▕█████████████     ▏ 3.6 GB/4.9 GB   32 MB/s     41s[K[?25h[?2026l[?2026h[?25l[A[1Gpulling manifest [K
pulling 667b0c1932bc:  73% ▕█████████████     ▏ 3.6 GB/4.9 GB   32 MB/s     41s[K[?25h[?2026l[?2026h[?25l[A[1Gpulling manifest [K
pulling 667b0c1932bc:  73% ▕█████████████     ▏ 3.6 GB/4.9 GB   32 MB/s     41s[K[?25h[?2026l[?2026h[?25l[A[1Gpulling manifest [K
pulling 667b0c1932bc:  73% ▕█████████████     ▏ 3.6 GB/4.9 GB   32 MB/s     40s[K[?25h[?2026l[?2026h[?25l[A[1Gpulling manifest [K
pulling 667b0c1932bc:  73% ▕█████████████     ▏ 3.6 GB/4.9 GB   32 MB/s     40s[K[?25h[?2026l[?2026h[?25l[A[1Gpulling manifest [K
pulling 667b0c1932bc:  73% ▕█████████████     ▏ 3.6 GB/4.9 GB   32 MB/s     40s[K[?25h[?2026l[?2026h[?25l[A[1Gpulling manifest [K
pulling 667b0c1932bc:  74% ▕█████████████     ▏ 3.6 GB/4.9 GB   32 MB/s     40s[K[?25h[?2026l[?2026h[?25l[A[1Gpulling manifest [K
pulling 667b0c1932bc:  74% ▕█████████████     ▏ 3.6 GB/4.9 GB   32 MB/s     40s[K[?25h[?2026l[?2026h[?25l[A[1Gpulling manifest [K
pulling 667b0c1932bc:  74% ▕█████████████     ▏ 3.6 GB/4.9 GB   32 MB/s     40s[K[?25h[?2026l[?2026h[?25l[A[1Gpulling manifest [K
pulling 667b0c1932bc:  74% ▕█████████████     ▏ 3.6 GB/4.9 GB   32 MB/s     40s[K[?25h[?2026l[?2026h[?25l[A[1Gpulling manifest [K
pulling 667b0c1932bc:  74% ▕█████████████     ▏ 3.6 GB/4.9 GB   32 MB/s     40s[K[?25h[?2026l[?2026h[?25l[A[1Gpulling manifest [K
pulling 667b0c1932bc:  74% ▕█████████████     ▏ 3.6 GB/4.9 GB   32 MB/s     40s[K[?25h[?2026l[?2026h[?25l[A[1Gpulling manifest [K
pulling 667b0c1932bc:  74% ▕█████████████     ▏ 3.6 GB/4.9 GB   32 MB/s     39s[K[?25h[?2026l[?2026h[?25l[A[1Gpulling manifest [K
pulling 667b0c1932bc:  74% ▕█████████████     ▏ 3.6 GB/4.9 GB   32 MB/s     39s[K[?25h[?2026l[?2026h[?25l[A[1Gpulling manifest [K
pulling 667b0c1932bc:  74% ▕█████████████     ▏ 3.6 GB/4.9 GB   32 MB/s     39s[K[?25h[?2026l[?2026h[?25l[A[1Gpulling manifest [K
pulling 667b0c1932bc:  74% ▕█████████████     ▏ 3.6 GB/4.9 GB   32 MB/s     39s[K[?25h[?2026l[?2026h[?25l[A[1Gpulling manifest [K
pulling 667b0c1932bc:  74% ▕█████████████     ▏ 3.6 GB/4.9 GB   32 MB/s     39s[K[?25h[?2026l[?2026h[?25l[A[1Gpulling manifest [K
pulling 667b0c1932bc:  74% ▕█████████████     ▏ 3.7 GB/4.9 GB   32 MB/s     39s[K[?25h[?2026l[?2026h[?25l[A[1Gpulling manifest [K
pulling 667b0c1932bc:  74% ▕█████████████     ▏ 3.7 GB/4.9 GB   32 MB/s     39s[K[?25h[?2026l[?2026h[?25l[A[1Gpulling manifest [K
pulling 667b0c1932bc:  74% ▕█████████████     ▏ 3.7 GB/4.9 GB   32 MB/s     39s[K[?25h[?2026l[?2026h[?25l[A[1Gpulling manifest [K
pulling 667b0c1932bc:  74% ▕█████████████     ▏ 3.7 GB/4.9 GB   32 MB/s     39s[K[?25h[?2026l[?2026h[?25l[A[1Gpulling manifest [K
pulling 667b0c1932bc:  75% ▕█████████████     ▏ 3.7 GB/4.9 GB   32 MB/s     39s[K[?25h[?2026l[?2026h[?25l[A[1Gpulling manifest [K
pulling 667b0c1932bc:  75% ▕█████████████     ▏ 3.7 GB/4.9 GB   32 MB/s     38s[K[?25h[?2026l[?2026h[?25l[A[1Gpulling manifest [K
pulling 667b0c1932bc:  75% ▕█████████████     ▏ 3.7 GB/4.9 GB   32 MB/s     38s[K[?25h[?2026l[?2026h[?25l[A[1Gpulling manifest [K
pulling 667b0c1932bc:  75% ▕█████████████     ▏ 3.7 GB/4.9 GB   32 MB/s     38s[K[?25h[?2026l[?2026h[?25l[A[1Gpulling manifest [K
pulling 667b0c1932bc:  75% ▕█████████████     ▏ 3.7 GB/4.9 GB   32 MB/s     38s[K[?25h[?2026l[?2026h[?25l[A[1Gpulling manifest [K
pulling 667b0c1932bc:  75% ▕█████████████     ▏ 3.7 GB/4.9 GB   32 MB/s     38s[K[?25h[?2026l[?2026h[?25l[A[1Gpulling manifest [K
pulling 667b0c1932bc:  75% ▕█████████████     ▏ 3.7 GB/4.9 GB   32 MB/s     38s[K[?25h[?2026l[?2026h[?25l[A[1Gpulling manifest [K
pulling 667b0c1932bc:  75% ▕█████████████     ▏ 3.7 GB/4.9 GB   32 MB/s     38s[K[?25h[?2026l[?2026h[?25l[A[1Gpulling manifest [K
pulling 667b0c1932bc:  75% ▕█████████████     ▏ 3.7 GB/4.9 GB   32 MB/s     38s[K[?25h[?2026l[?2026h[?25l[A[1Gpulling manifest [K
pulling 667b0c1932bc:  75% ▕█████████████     ▏ 3.7 GB/4.9 GB   32 MB/s     38s[K[?25h[?2026l[?2026h[?25l[A[1Gpulling manifest [K
pulling 667b0c1932bc:  75% ▕█████████████     ▏ 3.7 GB/4.9 GB   32 MB/s     38s[K[?25h[?2026l[?2026h[?25l[A[1Gpulling manifest [K
pulling 667b0c1932bc:  75% ▕█████████████     ▏ 3.7 GB/4.9 GB   32 MB/s     37s[K[?25h[?2026l[?2026h[?25l[A[1Gpulling manifest [K
pulling 667b0c1932bc:  75% ▕█████████████     ▏ 3.7 GB/4.9 GB   32 MB/s     37s[K[?25h[?2026l[?2026h[?25l[A[1Gpulling manifest [K
pulling 667b0c1932bc:  75% ▕█████████████     ▏ 3.7 GB/4.9 GB   32 MB/s     37s[K[?25h[?2026l[?2026h[?25l[A[1Gpulling manifest [K
pulling 667b0c1932bc:  75% ▕█████████████     ▏ 3.7 GB/4.9 GB   32 MB/s     36s[K[?25h[?2026l[?2026h[?25l[A[1Gpulling manifest [K
pulling 667b0c1932bc:  76% ▕█████████████     ▏ 3.7 GB/4.9 GB   32 MB/s     36s[K[?25h[?2026l[?2026h[?25l[A[1Gpulling manifest [K
pulling 667b0c1932bc:  76% ▕█████████████     ▏ 3.7 GB/4.9 GB   32 MB/s     36s[K[?25h[?2026l[?2026h[?25l[A[1Gpulling manifest [K
pulling 667b0c1932bc:  76% ▕█████████████     ▏ 3.7 GB/4.9 GB   32 MB/s     36s[K[?25h[?2026l[?2026h[?25l[A[1Gpulling manifest [K
pulling 667b0c1932bc:  76% ▕█████████████     ▏ 3.7 GB/4.9 GB   32 MB/s     36s[K[?25h[?2026l[?2026h[?25l[A[1Gpulling manifest [K
pulling 667b0c1932bc:  76% ▕█████████████     ▏ 3.7 GB/4.9 GB   32 MB/s     36s[K[?25h[?2026l[?2026h[?25l[A[1Gpulling manifest [K
pulling 667b0c1932bc:  76% ▕█████████████     ▏ 3.7 GB/4.9 GB   32 MB/s     36s[K[?25h[?2026l[?2026h[?25l[A[1Gpulling manifest [K
pulling 667b0c1932bc:  76% ▕█████████████     ▏ 3.7 GB/4.9 GB   32 MB/s     36s[K[?25h[?2026l[?2026h[?25l[A[1Gpulling manifest [K
pulling 667b0c1932bc:  76% ▕█████████████     ▏ 3.7 GB/4.9 GB   31 MB/s     37s[K[?25h[?2026l[?2026h[?25l[A[1Gpulling manifest [K
pulling 667b0c1932bc:  76% ▕█████████████     ▏ 3.7 GB/4.9 GB   31 MB/s     37s[K[?25h[?2026l[?2026h[?25l[A[1Gpulling manifest [K
pulling 667b0c1932bc:  76% ▕█████████████     ▏ 3.7 GB/4.9 GB   31 MB/s     37s[K[?25h[?2026l[?2026h[?25l[A[1Gpulling manifest [K
pulling 667b0c1932bc:  76% ▕█████████████     ▏ 3.7 GB/4.9 GB   31 MB/s     37s[K[?25h[?2026l[?2026h[?25l[A[1Gpulling manifest [K
pulling 667b0c1932bc:  76% ▕█████████████     ▏ 3.7 GB/4.9 GB   31 MB/s     37s[K[?25h[?2026l[?2026h[?25l[A[1Gpulling manifest [K
pulling 667b0c1932bc:  76% ▕█████████████     ▏ 3.7 GB/4.9 GB   31 MB/s     37s[K[?25h[?2026l[?2026h[?25l[A[1Gpulling manifest [K
pulling 667b0c1932bc:  76% ▕█████████████     ▏ 3.7 GB/4.9 GB   31 MB/s     37s[K[?25h[?2026l[?2026h[?25l[A[1Gpulling manifest [K
pulling 667b0c1932bc:  76% ▕█████████████     ▏ 3.8 GB/4.9 GB   31 MB/s     36s[K[?25h[?2026l[?2026h[?25l[A[1Gpulling manifest [K
pulling 667b0c1932bc:  76% ▕█████████████     ▏ 3.8 GB/4.9 GB   31 MB/s     36s[K[?25h[?2026l[?2026h[?25l[A[1Gpulling manifest [K
pulling 667b0c1932bc:  76% ▕█████████████     ▏ 3.8 GB/4.9 GB   31 MB/s     36s[K[?25h[?2026l[?2026h[?25l[A[1Gpulling manifest [K
pulling 667b0c1932bc:  76% ▕█████████████     ▏ 3.8 GB/4.9 GB   31 MB/s     36s[K[?25h[?2026l[?2026h[?25l[A[1Gpulling manifest [K
pulling 667b0c1932bc:  77% ▕█████████████     ▏ 3.8 GB/4.9 GB   31 MB/s     36s[K[?25h[?2026l[?2026h[?25l[A[1Gpulling manifest [K
pulling 667b0c1932bc:  77% ▕█████████████     ▏ 3.8 GB/4.9 GB   31 MB/s     36s[K[?25h[?2026l[?2026h[?25l[A[1Gpulling manifest [K
pulling 667b0c1932bc:  77% ▕█████████████     ▏ 3.8 GB/4.9 GB   31 MB/s     36s[K[?25h[?2026l[?2026h[?25l[A[1Gpulling manifest [K
pulling 667b0c1932bc:  77% ▕█████████████     ▏ 3.8 GB/4.9 GB   31 MB/s     35s[K[?25h[?2026l[?2026h[?25l[A[1Gpulling manifest [K
pulling 667b0c1932bc:  77% ▕█████████████     ▏ 3.8 GB/4.9 GB   31 MB/s     35s[K[?25h[?2026l[?2026h[?25l[A[1Gpulling manifest [K
pulling 667b0c1932bc:  77% ▕█████████████     ▏ 3.8 GB/4.9 GB   31 MB/s     35s[K[?25h[?2026l[?2026h[?25l[A[1Gpulling manifest [K
pulling 667b0c1932bc:  77% ▕█████████████     ▏ 3.8 GB/4.9 GB   31 MB/s     35s[K[?25h[?2026l[?2026h[?25l[A[1Gpulling manifest [K
pulling 667b0c1932bc:  77% ▕█████████████     ▏ 3.8 GB/4.9 GB   31 MB/s     35s[K[?25h[?2026l[?2026h[?25l[A[1Gpulling manifest [K
pulling 667b0c1932bc:  77% ▕█████████████     ▏ 3.8 GB/4.9 GB   31 MB/s     35s[K[?25h[?2026l[?2026h[?25l[A[1Gpulling manifest [K
pulling 667b0c1932bc:  77% ▕█████████████     ▏ 3.8 GB/4.9 GB   32 MB/s     35s[K[?25h[?2026l[?2026h[?25l[A[1Gpulling manifest [K
pulling 667b0c1932bc:  77% ▕█████████████     ▏ 3.8 GB/4.9 GB   32 MB/s     35s[K[?25h[?2026l[?2026h[?25l[A[1Gpulling manifest [K
pulling 667b0c1932bc:  77% ▕█████████████     ▏ 3.8 GB/4.9 GB   32 MB/s     34s[K[?25h[?2026l[?2026h[?25l[A[1Gpulling manifest [K
pulling 667b0c1932bc:  77% ▕█████████████     ▏ 3.8 GB/4.9 GB   32 MB/s     34s[K[?25h[?2026l[?2026h[?25l[A[1Gpulling manifest [K
pulling 667b0c1932bc:  77% ▕█████████████     ▏ 3.8 GB/4.9 GB   32 MB/s     34s[K[?25h[?2026l[?2026h[?25l[A[1Gpulling manifest [K
pulling 667b0c1932bc:  77% ▕█████████████     ▏ 3.8 GB/4.9 GB   32 MB/s     34s[K[?25h[?2026l[?2026h[?25l[A[1Gpulling manifest [K
pulling 667b0c1932bc:  78% ▕█████████████     ▏ 3.8 GB/4.9 GB   32 MB/s     34s[K[?25h[?2026l[?2026h[?25l[A[1Gpulling manifest [K
pulling 667b0c1932bc:  78% ▕█████████████     ▏ 3.8 GB/4.9 GB   32 MB/s     34s[K[?25h[?2026l[?2026h[?25l[A[1Gpulling manifest [K
pulling 667b0c1932bc:  78% ▕█████████████     ▏ 3.8 GB/4.9 GB   32 MB/s     34s[K[?25h[?2026l[?2026h[?25l[A[1Gpulling manifest [K
pulling 667b0c1932bc:  78% ▕█████████████     ▏ 3.8 GB/4.9 GB   32 MB/s     34s[K[?25h[?2026l[?2026h[?25l[A[1Gpulling manifest [K
pulling 667b0c1932bc:  78% ▕██████████████    ▏ 3.8 GB/4.9 GB   32 MB/s     34s[K[?25h[?2026l[?2026h[?25l[A[1Gpulling manifest [K
pulling 667b0c1932bc:  78% ▕██████████████    ▏ 3.8 GB/4.9 GB   32 MB/s     33s[K[?25h[?2026l[?2026h[?25l[A[1Gpulling manifest [K
pulling 667b0c1932bc:  78% ▕██████████████    ▏ 3.8 GB/4.9 GB   32 MB/s     33s[K[?25h[?2026l[?2026h[?25l[A[1Gpulling manifest [K
pulling 667b0c1932bc:  78% ▕██████████████    ▏ 3.8 GB/4.9 GB   32 MB/s     33s[K[?25h[?2026l[?2026h[?25l[A[1Gpulling manifest [K
pulling 667b0c1932bc:  78% ▕██████████████    ▏ 3.8 GB/4.9 GB   32 MB/s     33s[K[?25h[?2026l[?2026h[?25l[A[1Gpulling manifest [K
pulling 667b0c1932bc:  78% ▕██████████████    ▏ 3.8 GB/4.9 GB   32 MB/s     33s[K[?25h[?2026l[?2026h[?25l[A[1Gpulling manifest [K
pulling 667b0c1932bc:  78% ▕██████████████    ▏ 3.8 GB/4.9 GB   32 MB/s     33s[K[?25h[?2026l[?2026h[?25l[A[1Gpulling manifest [K
pulling 667b0c1932bc:  78% ▕██████████████    ▏ 3.9 GB/4.9 GB   32 MB/s     33s[K[?25h[?2026l[?2026h[?25l[A[1Gpulling manifest [K
pulling 667b0c1932bc:  78% ▕██████████████    ▏ 3.9 GB/4.9 GB   32 MB/s     33s[K[?25h[?2026l[?2026h[?25l[A[1Gpulling manifest [K
pulling 667b0c1932bc:  78% ▕██████████████    ▏ 3.9 GB/4.9 GB   32 MB/s     32s[K[?25h[?2026l[?2026h[?25l[A[1Gpulling manifest [K
pulling 667b0c1932bc:  78% ▕██████████████    ▏ 3.9 GB/4.9 GB   32 MB/s     32s[K[?25h[?2026l[?2026h[?25l[A[1Gpulling manifest [K
pulling 667b0c1932bc:  79% ▕██████████████    ▏ 3.9 GB/4.9 GB   32 MB/s     32s[K[?25h[?2026l[?2026h[?25l[A[1Gpulling manifest [K
pulling 667b0c1932bc:  79% ▕██████████████    ▏ 3.9 GB/4.9 GB   32 MB/s     32s[K[?25h[?2026l[?2026h[?25l[A[1Gpulling manifest [K
pulling 667b0c1932bc:  79% ▕██████████████    ▏ 3.9 GB/4.9 GB   32 MB/s     32s[K[?25h[?2026l[?2026h[?25l[A[1Gpulling manifest [K
pulling 667b0c1932bc:  79% ▕██████████████    ▏ 3.9 GB/4.9 GB   32 MB/s     32s[K[?25h[?2026l[?2026h[?25l[A[1Gpulling manifest [K
pulling 667b0c1932bc:  79% ▕██████████████    ▏ 3.9 GB/4.9 GB   32 MB/s     32s[K[?25h[?2026l[?2026h[?25l[A[1Gpulling manifest [K
pulling 667b0c1932bc:  79% ▕██████████████    ▏ 3.9 GB/4.9 GB   32 MB/s     31s[K[?25h[?2026l[?2026h[?25l[A[1Gpulling manifest [K
pulling 667b0c1932bc:  79% ▕██████████████    ▏ 3.9 GB/4.9 GB   32 MB/s     31s[K[?25h[?2026l[?2026h[?25l[A[1Gpulling manifest [K
pulling 667b0c1932bc:  79% ▕██████████████    ▏ 3.9 GB/4.9 GB   32 MB/s     31s[K[?25h[?2026l[?2026h[?25l[A[1Gpulling manifest [K
pulling 667b0c1932bc:  79% ▕██████████████    ▏ 3.9 GB/4.9 GB   32 MB/s     31s[K[?25h[?2026l[?2026h[?25l[A[1Gpulling manifest [K
pulling 667b0c1932bc:  79% ▕██████████████    ▏ 3.9 GB/4.9 GB   32 MB/s     31s[K[?25h[?2026l[?2026h[?25l[A[1Gpulling manifest [K
pulling 667b0c1932bc:  79% ▕██████████████    ▏ 3.9 GB/4.9 GB   32 MB/s     31s[K[?25h[?2026l[?2026h[?25l[A[1Gpulling manifest [K
pulling 667b0c1932bc:  79% ▕██████████████    ▏ 3.9 GB/4.9 GB   32 MB/s     31s[K[?25h[?2026l[?2026h[?25l[A[1Gpulling manifest [K
pulling 667b0c1932bc:  79% ▕██████████████    ▏ 3.9 GB/4.9 GB   32 MB/s     31s[K[?25h[?2026l[?2026h[?25l[A[1Gpulling manifest [K
pulling 667b0c1932bc:  79% ▕██████████████    ▏ 3.9 GB/4.9 GB   32 MB/s     31s[K[?25h[?2026l[?2026h[?25l[A[1Gpulling manifest [K
pulling 667b0c1932bc:  79% ▕██████████████    ▏ 3.9 GB/4.9 GB   32 MB/s     31s[K[?25h[?2026l[?2026h[?25l[A[1Gpulling manifest [K
pulling 667b0c1932bc:  80% ▕██████████████    ▏ 3.9 GB/4.9 GB   32 MB/s     30s[K[?25h[?2026l[?2026h[?25l[A[1Gpulling manifest [K
pulling 667b0c1932bc:  80% ▕██████████████    ▏ 3.9 GB/4.9 GB   32 MB/s     30s[K[?25h[?2026l[?2026h[?25l[A[1Gpulling manifest [K
pulling 667b0c1932bc:  80% ▕██████████████    ▏ 3.9 GB/4.9 GB   32 MB/s     30s[K[?25h[?2026l[?2026h[?25l[A[1Gpulling manifest [K
pulling 667b0c1932bc:  80% ▕██████████████    ▏ 3.9 GB/4.9 GB   32 MB/s     30s[K[?25h[?2026l[?2026h[?25l[A[1Gpulling manifest [K
pulling 667b0c1932bc:  80% ▕██████████████    ▏ 3.9 GB/4.9 GB   32 MB/s     30s[K[?25h[?2026l[?2026h[?25l[A[1Gpulling manifest [K
pulling 667b0c1932bc:  80% ▕██████████████    ▏ 3.9 GB/4.9 GB   32 MB/s     30s[K[?25h[?2026l[?2026h[?25l[A[1Gpulling manifest [K
pulling 667b0c1932bc:  80% ▕██████████████    ▏ 3.9 GB/4.9 GB   32 MB/s     30s[K[?25h[?2026l[?2026h[?25l[A[1Gpulling manifest [K
pulling 667b0c1932bc:  80% ▕██████████████    ▏ 3.9 GB/4.9 GB   32 MB/s     30s[K[?25h[?2026l[?2026h[?25l[A[1Gpulling manifest [K
pulling 667b0c1932bc:  80% ▕██████████████    ▏ 3.9 GB/4.9 GB   32 MB/s     30s[K[?25h[?2026l[?2026h[?25l[A[1Gpulling manifest [K
pulling 667b0c1932bc:  80% ▕██████████████    ▏ 3.9 GB/4.9 GB   32 MB/s     30s[K[?25h[?2026l[?2026h[?25l[A[1Gpulling manifest [K
pulling 667b0c1932bc:  80% ▕██████████████    ▏ 3.9 GB/4.9 GB   32 MB/s     29s[K[?25h[?2026l[?2026h[?25l[A[1Gpulling manifest [K
pulling 667b0c1932bc:  80% ▕██████████████    ▏ 4.0 GB/4.9 GB   32 MB/s     29s[K[?25h[?2026l[?2026h[?25l[A[1Gpulling manifest [K
pulling 667b0c1932bc:  80% ▕██████████████    ▏ 4.0 GB/4.9 GB   32 MB/s     29s[K[?25h[?2026l[?2026h[?25l[A[1Gpulling manifest [K
pulling 667b0c1932bc:  80% ▕██████████████    ▏ 4.0 GB/4.9 GB   32 MB/s     29s[K[?25h[?2026l[?2026h[?25l[A[1Gpulling manifest [K
pulling 667b0c1932bc:  80% ▕██████████████    ▏ 4.0 GB/4.9 GB   32 MB/s     29s[K[?25h[?2026l[?2026h[?25l[A[1Gpulling manifest [K
pulling 667b0c1932bc:  81% ▕██████████████    ▏ 4.0 GB/4.9 GB   32 MB/s     29s[K[?25h[?2026l[?2026h[?25l[A[1Gpulling manifest [K
pulling 667b0c1932bc:  81% ▕██████████████    ▏ 4.0 GB/4.9 GB   32 MB/s     29s[K[?25h[?2026l[?2026h[?25l[A[1Gpulling manifest [K
pulling 667b0c1932bc:  81% ▕██████████████    ▏ 4.0 GB/4.9 GB   32 MB/s     29s[K[?25h[?2026l[?2026h[?25l[A[1Gpulling manifest [K
pulling 667b0c1932bc:  81% ▕██████████████    ▏ 4.0 GB/4.9 GB   32 MB/s     29s[K[?25h[?2026l[?2026h[?25l[A[1Gpulling manifest [K
pulling 667b0c1932bc:  81% ▕██████████████    ▏ 4.0 GB/4.9 GB   32 MB/s     29s[K[?25h[?2026l[?2026h[?25l[A[1Gpulling manifest [K
pulling 667b0c1932bc:  81% ▕██████████████    ▏ 4.0 GB/4.9 GB   32 MB/s     28s[K[?25h[?2026l[?2026h[?25l[A[1Gpulling manifest [K
pulling 667b0c1932bc:  81% ▕██████████████    ▏ 4.0 GB/4.9 GB   32 MB/s     28s[K[?25h[?2026l[?2026h[?25l[A[1Gpulling manifest [K
pulling 667b0c1932bc:  81% ▕██████████████    ▏ 4.0 GB/4.9 GB   32 MB/s     28s[K[?25h[?2026l[?2026h[?25l[A[1Gpulling manifest [K
pulling 667b0c1932bc:  81% ▕██████████████    ▏ 4.0 GB/4.9 GB   32 MB/s     28s[K[?25h[?2026l[?2026h[?25l[A[1Gpulling manifest [K
pulling 667b0c1932bc:  81% ▕██████████████    ▏ 4.0 GB/4.9 GB   32 MB/s     28s[K[?25h[?2026l[?2026h[?25l[A[1Gpulling manifest [K
pulling 667b0c1932bc:  81% ▕██████████████    ▏ 4.0 GB/4.9 GB   32 MB/s     28s[K[?25h[?2026l[?2026h[?25l[A[1Gpulling manifest [K
pulling 667b0c1932bc:  81% ▕██████████████    ▏ 4.0 GB/4.9 GB   32 MB/s     28s[K[?25h[?2026l[?2026h[?25l[A[1Gpulling manifest [K
pulling 667b0c1932bc:  81% ▕██████████████    ▏ 4.0 GB/4.9 GB   32 MB/s     28s[K[?25h[?2026l[?2026h[?25l[A[1Gpulling manifest [K
pulling 667b0c1932bc:  81% ▕██████████████    ▏ 4.0 GB/4.9 GB   32 MB/s     28s[K[?25h[?2026l[?2026h[?25l[A[1Gpulling manifest [K
pulling 667b0c1932bc:  81% ▕██████████████    ▏ 4.0 GB/4.9 GB   32 MB/s     28s[K[?25h[?2026l[?2026h[?25l[A[1Gpulling manifest [K
pulling 667b0c1932bc:  82% ▕██████████████    ▏ 4.0 GB/4.9 GB   32 MB/s     27s[K[?25h[?2026l[?2026h[?25l[A[1Gpulling manifest [K
pulling 667b0c1932bc:  82% ▕██████████████    ▏ 4.0 GB/4.9 GB   32 MB/s     27s[K[?25h[?2026l[?2026h[?25l[A[1Gpulling manifest [K
pulling 667b0c1932bc:  82% ▕██████████████    ▏ 4.0 GB/4.9 GB   32 MB/s     27s[K[?25h[?2026l[?2026h[?25l[A[1Gpulling manifest [K
pulling 667b0c1932bc:  82% ▕██████████████    ▏ 4.0 GB/4.9 GB   32 MB/s     27s[K[?25h[?2026l[?2026h[?25l[A[1Gpulling manifest [K
pulling 667b0c1932bc:  82% ▕██████████████    ▏ 4.0 GB/4.9 GB   32 MB/s     27s[K[?25h[?2026l[?2026h[?25l[A[1Gpulling manifest [K
pulling 667b0c1932bc:  82% ▕██████████████    ▏ 4.0 GB/4.9 GB   32 MB/s     27s[K[?25h[?2026l[?2026h[?25l[A[1Gpulling manifest [K
pulling 667b0c1932bc:  82% ▕██████████████    ▏ 4.0 GB/4.9 GB   33 MB/s     26s[K[?25h[?2026l[?2026h[?25l[A[1Gpulling manifest [K
pulling 667b0c1932bc:  82% ▕██████████████    ▏ 4.0 GB/4.9 GB   33 MB/s     26s[K[?25h[?2026l[?2026h[?25l[A[1Gpulling manifest [K
pulling 667b0c1932bc:  82% ▕██████████████    ▏ 4.0 GB/4.9 GB   33 MB/s     26s[K[?25h[?2026l[?2026h[?25l[A[1Gpulling manifest [K
pulling 667b0c1932bc:  82% ▕██████████████    ▏ 4.0 GB/4.9 GB   33 MB/s     26s[K[?25h[?2026l[?2026h[?25l[A[1Gpulling manifest [K
pulling 667b0c1932bc:  82% ▕██████████████    ▏ 4.0 GB/4.9 GB   33 MB/s     26s[K[?25h[?2026l[?2026h[?25l[A[1Gpulling manifest [K
pulling 667b0c1932bc:  82% ▕██████████████    ▏ 4.0 GB/4.9 GB   33 MB/s     26s[K[?25h[?2026l[?2026h[?25l[A[1Gpulling manifest [K
pulling 667b0c1932bc:  82% ▕██████████████    ▏ 4.1 GB/4.9 GB   33 MB/s     25s[K[?25h[?2026l[?2026h[?25l[A[1Gpulling manifest [K
pulling 667b0c1932bc:  82% ▕██████████████    ▏ 4.1 GB/4.9 GB   33 MB/s     25s[K[?25h[?2026l[?2026h[?25l[A[1Gpulling manifest [K
pulling 667b0c1932bc:  82% ▕██████████████    ▏ 4.1 GB/4.9 GB   33 MB/s     25s[K[?25h[?2026l[?2026h[?25l[A[1Gpulling manifest [K
pulling 667b0c1932bc:  82% ▕██████████████    ▏ 4.1 GB/4.9 GB   33 MB/s     25s[K[?25h[?2026l[?2026h[?25l[A[1Gpulling manifest [K
pulling 667b0c1932bc:  83% ▕██████████████    ▏ 4.1 GB/4.9 GB   33 MB/s     25s[K[?25h[?2026l[?2026h[?25l[A[1Gpulling manifest [K
pulling 667b0c1932bc:  83% ▕██████████████    ▏ 4.1 GB/4.9 GB   33 MB/s     25s[K[?25h[?2026l[?2026h[?25l[A[1Gpulling manifest [K
pulling 667b0c1932bc:  83% ▕██████████████    ▏ 4.1 GB/4.9 GB   33 MB/s     25s[K[?25h[?2026l[?2026h[?25l[A[1Gpulling manifest [K
pulling 667b0c1932bc:  83% ▕██████████████    ▏ 4.1 GB/4.9 GB   33 MB/s     25s[K[?25h[?2026l[?2026h[?25l[A[1Gpulling manifest [K
pulling 667b0c1932bc:  83% ▕██████████████    ▏ 4.1 GB/4.9 GB   33 MB/s     25s[K[?25h[?2026l[?2026h[?25l[A[1Gpulling manifest [K
pulling 667b0c1932bc:  83% ▕██████████████    ▏ 4.1 GB/4.9 GB   33 MB/s     25s[K[?25h[?2026l[?2026h[?25l[A[1Gpulling manifest [K
pulling 667b0c1932bc:  83% ▕██████████████    ▏ 4.1 GB/4.9 GB   33 MB/s     25s[K[?25h[?2026l[?2026h[?25l[A[1Gpulling manifest [K
pulling 667b0c1932bc:  83% ▕██████████████    ▏ 4.1 GB/4.9 GB   33 MB/s     25s[K[?25h[?2026l[?2026h[?25l[A[1Gpulling manifest [K
pulling 667b0c1932bc:  83% ▕██████████████    ▏ 4.1 GB/4.9 GB   33 MB/s     25s[K[?25h[?2026l[?2026h[?25l[A[1Gpulling manifest [K
pulling 667b0c1932bc:  83% ▕██████████████    ▏ 4.1 GB/4.9 GB   33 MB/s     24s[K[?25h[?2026l[?2026h[?25l[A[1Gpulling manifest [K
pulling 667b0c1932bc:  83% ▕██████████████    ▏ 4.1 GB/4.9 GB   33 MB/s     24s[K[?25h[?2026l[?2026h[?25l[A[1Gpulling manifest [K
pulling 667b0c1932bc:  83% ▕██████████████    ▏ 4.1 GB/4.9 GB   33 MB/s     24s[K[?25h[?2026l[?2026h[?25l[A[1Gpulling manifest [K
pulling 667b0c1932bc:  83% ▕███████████████   ▏ 4.1 GB/4.9 GB   33 MB/s     24s[K[?25h[?2026l[?2026h[?25l[A[1Gpulling manifest [K
pulling 667b0c1932bc:  83% ▕███████████████   ▏ 4.1 GB/4.9 GB   33 MB/s     24s[K[?25h[?2026l[?2026h[?25l[A[1Gpulling manifest [K
pulling 667b0c1932bc:  84% ▕███████████████   ▏ 4.1 GB/4.9 GB   33 MB/s     24s[K[?25h[?2026l[?2026h[?25l[A[1Gpulling manifest [K
pulling 667b0c1932bc:  84% ▕███████████████   ▏ 4.1 GB/4.9 GB   33 MB/s     24s[K[?25h[?2026l[?2026h[?25l[A[1Gpulling manifest [K
pulling 667b0c1932bc:  84% ▕███████████████   ▏ 4.1 GB/4.9 GB   33 MB/s     24s[K[?25h[?2026l[?2026h[?25l[A[1Gpulling manifest [K
pulling 667b0c1932bc:  84% ▕███████████████   ▏ 4.1 GB/4.9 GB   33 MB/s     24s[K[?25h[?2026l[?2026h[?25l[A[1Gpulling manifest [K
pulling 667b0c1932bc:  84% ▕███████████████   ▏ 4.1 GB/4.9 GB   33 MB/s     24s[K[?25h[?2026l[?2026h[?25l[A[1Gpulling manifest [K
pulling 667b0c1932bc:  84% ▕███████████████   ▏ 4.1 GB/4.9 GB   33 MB/s     23s[K[?25h[?2026l[?2026h[?25l[A[1Gpulling manifest [K
pulling 667b0c1932bc:  84% ▕███████████████   ▏ 4.1 GB/4.9 GB   33 MB/s     23s[K[?25h[?2026l[?2026h[?25l[A[1Gpulling manifest [K
pulling 667b0c1932bc:  84% ▕███████████████   ▏ 4.1 GB/4.9 GB   33 MB/s     23s[K[?25h[?2026l[?2026h[?25l[A[1Gpulling manifest [K
pulling 667b0c1932bc:  84% ▕███████████████   ▏ 4.1 GB/4.9 GB   33 MB/s     23s[K[?25h[?2026l[?2026h[?25l[A[1Gpulling manifest [K
pulling 667b0c1932bc:  84% ▕███████████████   ▏ 4.1 GB/4.9 GB   33 MB/s     23s[K[?25h[?2026l[?2026h[?25l[A[1Gpulling manifest [K
pulling 667b0c1932bc:  84% ▕███████████████   ▏ 4.1 GB/4.9 GB   33 MB/s     23s[K[?25h[?2026l[?2026h[?25l[A[1Gpulling manifest [K
pulling 667b0c1932bc:  84% ▕███████████████   ▏ 4.1 GB/4.9 GB   33 MB/s     23s[K[?25h[?2026l[?2026h[?25l[A[1Gpulling manifest [K
pulling 667b0c1932bc:  84% ▕███████████████   ▏ 4.1 GB/4.9 GB   33 MB/s     23s[K[?25h[?2026l[?2026h[?25l[A[1Gpulling manifest [K
pulling 667b0c1932bc:  84% ▕███████████████   ▏ 4.1 GB/4.9 GB   33 MB/s     23s[K[?25h[?2026l[?2026h[?25l[A[1Gpulling manifest [K
pulling 667b0c1932bc:  84% ▕███████████████   ▏ 4.2 GB/4.9 GB   33 MB/s     23s[K[?25h[?2026l[?2026h[?25l[A[1Gpulling manifest [K
pulling 667b0c1932bc:  84% ▕███████████████   ▏ 4.2 GB/4.9 GB   33 MB/s     23s[K[?25h[?2026l[?2026h[?25l[A[1Gpulling manifest [K
pulling 667b0c1932bc:  85% ▕███████████████   ▏ 4.2 GB/4.9 GB   33 MB/s     22s[K[?25h[?2026l[?2026h[?25l[A[1Gpulling manifest [K
pulling 667b0c1932bc:  85% ▕███████████████   ▏ 4.2 GB/4.9 GB   33 MB/s     22s[K[?25h[?2026l[?2026h[?25l[A[1Gpulling manifest [K
pulling 667b0c1932bc:  85% ▕███████████████   ▏ 4.2 GB/4.9 GB   33 MB/s     22s[K[?25h[?2026l[?2026h[?25l[A[1Gpulling manifest [K
pulling 667b0c1932bc:  85% ▕███████████████   ▏ 4.2 GB/4.9 GB   33 MB/s     22s[K[?25h[?2026l[?2026h[?25l[A[1Gpulling manifest [K
pulling 667b0c1932bc:  85% ▕███████████████   ▏ 4.2 GB/4.9 GB   33 MB/s     22s[K[?25h[?2026l[?2026h[?25l[A[1Gpulling manifest [K
pulling 667b0c1932bc:  85% ▕███████████████   ▏ 4.2 GB/4.9 GB   33 MB/s     22s[K[?25h[?2026l[?2026h[?25l[A[1Gpulling manifest [K
pulling 667b0c1932bc:  85% ▕███████████████   ▏ 4.2 GB/4.9 GB   33 MB/s     22s[K[?25h[?2026l[?2026h[?25l[A[1Gpulling manifest [K
pulling 667b0c1932bc:  85% ▕███████████████   ▏ 4.2 GB/4.9 GB   33 MB/s     22s[K[?25h[?2026l[?2026h[?25l[A[1Gpulling manifest [K
pulling 667b0c1932bc:  85% ▕███████████████   ▏ 4.2 GB/4.9 GB   33 MB/s     22s[K[?25h[?2026l[?2026h[?25l[A[1Gpulling manifest [K
pulling 667b0c1932bc:  85% ▕███████████████   ▏ 4.2 GB/4.9 GB   33 MB/s     22s[K[?25h[?2026l[?2026h[?25l[A[1Gpulling manifest [K
pulling 667b0c1932bc:  85% ▕███████████████   ▏ 4.2 GB/4.9 GB   33 MB/s     22s[K[?25h[?2026l[?2026h[?25l[A[1Gpulling manifest [K
pulling 667b0c1932bc:  85% ▕███████████████   ▏ 4.2 GB/4.9 GB   32 MB/s     21s[K[?25h[?2026l[?2026h[?25l[A[1Gpulling manifest [K
pulling 667b0c1932bc:  85% ▕███████████████   ▏ 4.2 GB/4.9 GB   32 MB/s     21s[K[?25h[?2026l[?2026h[?25l[A[1Gpulling manifest [K
pulling 667b0c1932bc:  85% ▕███████████████   ▏ 4.2 GB/4.9 GB   32 MB/s     21s[K[?25h[?2026l[?2026h[?25l[A[1Gpulling manifest [K
pulling 667b0c1932bc:  85% ▕███████████████   ▏ 4.2 GB/4.9 GB   32 MB/s     21s[K[?25h[?2026l[?2026h[?25l[A[1Gpulling manifest [K
pulling 667b0c1932bc:  86% ▕███████████████   ▏ 4.2 GB/4.9 GB   32 MB/s     21s[K[?25h[?2026l[?2026h[?25l[A[1Gpulling manifest [K
pulling 667b0c1932bc:  86% ▕███████████████   ▏ 4.2 GB/4.9 GB   32 MB/s     21s[K[?25h[?2026l[?2026h[?25l[A[1Gpulling manifest [K
pulling 667b0c1932bc:  86% ▕███████████████   ▏ 4.2 GB/4.9 GB   32 MB/s     21s[K[?25h[?2026l[?2026h[?25l[A[1Gpulling manifest [K
pulling 667b0c1932bc:  86% ▕███████████████   ▏ 4.2 GB/4.9 GB   32 MB/s     21s[K[?25h[?2026l[?2026h[?25l[A[1Gpulling manifest [K
pulling 667b0c1932bc:  86% ▕███████████████   ▏ 4.2 GB/4.9 GB   32 MB/s     21s[K[?25h[?2026l[?2026h[?25l[A[1Gpulling manifest [K
pulling 667b0c1932bc:  86% ▕███████████████   ▏ 4.2 GB/4.9 GB   32 MB/s     21s[K[?25h[?2026l[?2026h[?25l[A[1Gpulling manifest [K
pulling 667b0c1932bc:  86% ▕███████████████   ▏ 4.2 GB/4.9 GB   33 MB/s     20s[K[?25h[?2026l[?2026h[?25l[A[1Gpulling manifest [K
pulling 667b0c1932bc:  86% ▕███████████████   ▏ 4.2 GB/4.9 GB   33 MB/s     20s[K[?25h[?2026l[?2026h[?25l[A[1Gpulling manifest [K
pulling 667b0c1932bc:  86% ▕███████████████   ▏ 4.2 GB/4.9 GB   33 MB/s     20s[K[?25h[?2026l[?2026h[?25l[A[1Gpulling manifest [K
pulling 667b0c1932bc:  86% ▕███████████████   ▏ 4.2 GB/4.9 GB   33 MB/s     20s[K[?25h[?2026l[?2026h[?25l[A[1Gpulling manifest [K
pulling 667b0c1932bc:  86% ▕███████████████   ▏ 4.2 GB/4.9 GB   33 MB/s     20s[K[?25h[?2026l[?2026h[?25l[A[1Gpulling manifest [K
pulling 667b0c1932bc:  86% ▕███████████████   ▏ 4.2 GB/4.9 GB   33 MB/s     20s[K[?25h[?2026l[?2026h[?25l[A[1Gpulling manifest [K
pulling 667b0c1932bc:  86% ▕███████████████   ▏ 4.2 GB/4.9 GB   33 MB/s     20s[K[?25h[?2026l[?2026h[?25l[A[1Gpulling manifest [K
pulling 667b0c1932bc:  86% ▕███████████████   ▏ 4.3 GB/4.9 GB   33 MB/s     20s[K[?25h[?2026l[?2026h[?25l[A[1Gpulling manifest [K
pulling 667b0c1932bc:  86% ▕███████████████   ▏ 4.3 GB/4.9 GB   33 MB/s     20s[K[?25h[?2026l[?2026h[?25l[A[1Gpulling manifest [K
pulling 667b0c1932bc:  87% ▕███████████████   ▏ 4.3 GB/4.9 GB   33 MB/s     20s[K[?25h[?2026l[?2026h[?25l[A[1Gpulling manifest [K
pulling 667b0c1932bc:  87% ▕███████████████   ▏ 4.3 GB/4.9 GB   33 MB/s     19s[K[?25h[?2026l[?2026h[?25l[A[1Gpulling manifest [K
pulling 667b0c1932bc:  87% ▕███████████████   ▏ 4.3 GB/4.9 GB   33 MB/s     19s[K[?25h[?2026l[?2026h[?25l[A[1Gpulling manifest [K
pulling 667b0c1932bc:  87% ▕███████████████   ▏ 4.3 GB/4.9 GB   33 MB/s     19s[K[?25h[?2026l[?2026h[?25l[A[1Gpulling manifest [K
pulling 667b0c1932bc:  87% ▕███████████████   ▏ 4.3 GB/4.9 GB   33 MB/s     19s[K[?25h[?2026l[?2026h[?25l[A[1Gpulling manifest [K
pulling 667b0c1932bc:  87% ▕███████████████   ▏ 4.3 GB/4.9 GB   33 MB/s     19s[K[?25h[?2026l[?2026h[?25l[A[1Gpulling manifest [K
pulling 667b0c1932bc:  87% ▕███████████████   ▏ 4.3 GB/4.9 GB   33 MB/s     19s[K[?25h[?2026l[?2026h[?25l[A[1Gpulling manifest [K
pulling 667b0c1932bc:  87% ▕███████████████   ▏ 4.3 GB/4.9 GB   33 MB/s     19s[K[?25h[?2026l[?2026h[?25l[A[1Gpulling manifest [K
pulling 667b0c1932bc:  87% ▕███████████████   ▏ 4.3 GB/4.9 GB   33 MB/s     19s[K[?25h[?2026l[?2026h[?25l[A[1Gpulling manifest [K
pulling 667b0c1932bc:  87% ▕███████████████   ▏ 4.3 GB/4.9 GB   33 MB/s     19s[K[?25h[?2026l[?2026h[?25l[A[1Gpulling manifest [K
pulling 667b0c1932bc:  87% ▕███████████████   ▏ 4.3 GB/4.9 GB   33 MB/s     19s[K[?25h[?2026l[?2026h[?25l[A[1Gpulling manifest [K
pulling 667b0c1932bc:  87% ▕███████████████   ▏ 4.3 GB/4.9 GB   33 MB/s     18s[K[?25h[?2026l[?2026h[?25l[A[1Gpulling manifest [K
pulling 667b0c1932bc:  87% ▕███████████████   ▏ 4.3 GB/4.9 GB   33 MB/s     18s[K[?25h[?2026l[?2026h[?25l[A[1Gpulling manifest [K
pulling 667b0c1932bc:  87% ▕███████████████   ▏ 4.3 GB/4.9 GB   33 MB/s     18s[K[?25h[?2026l[?2026h[?25l[A[1Gpulling manifest [K
pulling 667b0c1932bc:  87% ▕███████████████   ▏ 4.3 GB/4.9 GB   33 MB/s     18s[K[?25h[?2026l[?2026h[?25l[A[1Gpulling manifest [K
pulling 667b0c1932bc:  88% ▕███████████████   ▏ 4.3 GB/4.9 GB   33 MB/s     18s[K[?25h[?2026l[?2026h[?25l[A[1Gpulling manifest [K
pulling 667b0c1932bc:  88% ▕███████████████   ▏ 4.3 GB/4.9 GB   33 MB/s     18s[K[?25h[?2026l[?2026h[?25l[A[1Gpulling manifest [K
pulling 667b0c1932bc:  88% ▕███████████████   ▏ 4.3 GB/4.9 GB   33 MB/s     18s[K[?25h[?2026l[?2026h[?25l[A[1Gpulling manifest [K
pulling 667b0c1932bc:  88% ▕███████████████   ▏ 4.3 GB/4.9 GB   33 MB/s     18s[K[?25h[?2026l[?2026h[?25l[A[1Gpulling manifest [K
pulling 667b0c1932bc:  88% ▕███████████████   ▏ 4.3 GB/4.9 GB   33 MB/s     18s[K[?25h[?2026l[?2026h[?25l[A[1Gpulling manifest [K
pulling 667b0c1932bc:  88% ▕███████████████   ▏ 4.3 GB/4.9 GB   33 MB/s     18s[K[?25h[?2026l[?2026h[?25l[A[1Gpulling manifest [K
pulling 667b0c1932bc:  88% ▕███████████████   ▏ 4.3 GB/4.9 GB   33 MB/s     17s[K[?25h[?2026l[?2026h[?25l[A[1Gpulling manifest [K
pulling 667b0c1932bc:  88% ▕███████████████   ▏ 4.3 GB/4.9 GB   33 MB/s     17s[K[?25h[?2026l[?2026h[?25l[A[1Gpulling manifest [K
pulling 667b0c1932bc:  88% ▕███████████████   ▏ 4.3 GB/4.9 GB   33 MB/s     17s[K[?25h[?2026l[?2026h[?25l[A[1Gpulling manifest [K
pulling 667b0c1932bc:  88% ▕███████████████   ▏ 4.3 GB/4.9 GB   33 MB/s     17s[K[?25h[?2026l[?2026h[?25l[A[1Gpulling manifest [K
pulling 667b0c1932bc:  88% ▕███████████████   ▏ 4.3 GB/4.9 GB   33 MB/s     17s[K[?25h[?2026l[?2026h[?25l[A[1Gpulling manifest [K
pulling 667b0c1932bc:  88% ▕███████████████   ▏ 4.3 GB/4.9 GB   33 MB/s     17s[K[?25h[?2026l[?2026h[?25l[A[1Gpulling manifest [K
pulling 667b0c1932bc:  88% ▕███████████████   ▏ 4.3 GB/4.9 GB   33 MB/s     17s[K[?25h[?2026l[?2026h[?25l[A[1Gpulling manifest [K
pulling 667b0c1932bc:  88% ▕███████████████   ▏ 4.3 GB/4.9 GB   33 MB/s     17s[K[?25h[?2026l[?2026h[?25l[A[1Gpulling manifest [K
pulling 667b0c1932bc:  88% ▕███████████████   ▏ 4.4 GB/4.9 GB   33 MB/s     17s[K[?25h[?2026l[?2026h[?25l[A[1Gpulling manifest [K
pulling 667b0c1932bc:  89% ▕███████████████   ▏ 4.4 GB/4.9 GB   33 MB/s     17s[K[?25h[?2026l[?2026h[?25l[A[1Gpulling manifest [K
pulling 667b0c1932bc:  89% ▕███████████████   ▏ 4.4 GB/4.9 GB   33 MB/s     16s[K[?25h[?2026l[?2026h[?25l[A[1Gpulling manifest [K
pulling 667b0c1932bc:  89% ▕███████████████   ▏ 4.4 GB/4.9 GB   33 MB/s     16s[K[?25h[?2026l[?2026h[?25l[A[1Gpulling manifest [K
pulling 667b0c1932bc:  89% ▕███████████████   ▏ 4.4 GB/4.9 GB   33 MB/s     16s[K[?25h[?2026l[?2026h[?25l[A[1Gpulling manifest [K
pulling 667b0c1932bc:  89% ▕███████████████   ▏ 4.4 GB/4.9 GB   33 MB/s     16s[K[?25h[?2026l[?2026h[?25l[A[1Gpulling manifest [K
pulling 667b0c1932bc:  89% ▕███████████████   ▏ 4.4 GB/4.9 GB   33 MB/s     16s[K[?25h[?2026l[?2026h[?25l[A[1Gpulling manifest [K
pulling 667b0c1932bc:  89% ▕████████████████  ▏ 4.4 GB/4.9 GB   33 MB/s     16s[K[?25h[?2026l[?2026h[?25l[A[1Gpulling manifest [K
pulling 667b0c1932bc:  89% ▕████████████████  ▏ 4.4 GB/4.9 GB   33 MB/s     16s[K[?25h[?2026l[?2026h[?25l[A[1Gpulling manifest [K
pulling 667b0c1932bc:  89% ▕████████████████  ▏ 4.4 GB/4.9 GB   33 MB/s     16s[K[?25h[?2026l[?2026h[?25l[A[1Gpulling manifest [K
pulling 667b0c1932bc:  89% ▕████████████████  ▏ 4.4 GB/4.9 GB   33 MB/s     16s[K[?25h[?2026l[?2026h[?25l[A[1Gpulling manifest [K
pulling 667b0c1932bc:  89% ▕████████████████  ▏ 4.4 GB/4.9 GB   33 MB/s     16s[K[?25h[?2026l[?2026h[?25l[A[1Gpulling manifest [K
pulling 667b0c1932bc:  89% ▕████████████████  ▏ 4.4 GB/4.9 GB   33 MB/s     16s[K[?25h[?2026l[?2026h[?25l[A[1Gpulling manifest [K
pulling 667b0c1932bc:  89% ▕████████████████  ▏ 4.4 GB/4.9 GB   32 MB/s     16s[K[?25h[?2026l[?2026h[?25l[A[1Gpulling manifest [K
pulling 667b0c1932bc:  89% ▕████████████████  ▏ 4.4 GB/4.9 GB   32 MB/s     16s[K[?25h[?2026l[?2026h[?25l[A[1Gpulling manifest [K
pulling 667b0c1932bc:  89% ▕████████████████  ▏ 4.4 GB/4.9 GB   32 MB/s     16s[K[?25h[?2026l[?2026h[?25l[A[1Gpulling manifest [K
pulling 667b0c1932bc:  89% ▕████████████████  ▏ 4.4 GB/4.9 GB   32 MB/s     16s[K[?25h[?2026l[?2026h[?25l[A[1Gpulling manifest [K
pulling 667b0c1932bc:  89% ▕████████████████  ▏ 4.4 GB/4.9 GB   32 MB/s     15s[K[?25h[?2026l[?2026h[?25l[A[1Gpulling manifest [K
pulling 667b0c1932bc:  90% ▕████████████████  ▏ 4.4 GB/4.9 GB   32 MB/s     15s[K[?25h[?2026l[?2026h[?25l[A[1Gpulling manifest [K
pulling 667b0c1932bc:  90% ▕████████████████  ▏ 4.4 GB/4.9 GB   32 MB/s     15s[K[?25h[?2026l[?2026h[?25l[A[1Gpulling manifest [K
pulling 667b0c1932bc:  90% ▕████████████████  ▏ 4.4 GB/4.9 GB   32 MB/s     15s[K[?25h[?2026l[?2026h[?25l[A[1Gpulling manifest [K
pulling 667b0c1932bc:  90% ▕████████████████  ▏ 4.4 GB/4.9 GB   32 MB/s     15s[K[?25h[?2026l[?2026h[?25l[A[1Gpulling manifest [K
pulling 667b0c1932bc:  90% ▕████████████████  ▏ 4.4 GB/4.9 GB   32 MB/s     15s[K[?25h[?2026l[?2026h[?25l[A[1Gpulling manifest [K
pulling 667b0c1932bc:  90% ▕████████████████  ▏ 4.4 GB/4.9 GB   32 MB/s     15s[K[?25h[?2026l[?2026h[?25l[A[1Gpulling manifest [K
pulling 667b0c1932bc:  90% ▕████████████████  ▏ 4.4 GB/4.9 GB   32 MB/s     15s[K[?25h[?2026l[?2026h[?25l[A[1Gpulling manifest [K
pulling 667b0c1932bc:  90% ▕████████████████  ▏ 4.4 GB/4.9 GB   32 MB/s     15s[K[?25h[?2026l[?2026h[?25l[A[1Gpulling manifest [K
pulling 667b0c1932bc:  90% ▕████████████████  ▏ 4.4 GB/4.9 GB   32 MB/s     14s[K[?25h[?2026l[?2026h[?25l[A[1Gpulling manifest [K
pulling 667b0c1932bc:  90% ▕████████████████  ▏ 4.4 GB/4.9 GB   32 MB/s     14s[K[?25h[?2026l[?2026h[?25l[A[1Gpulling manifest [K
pulling 667b0c1932bc:  90% ▕████████████████  ▏ 4.4 GB/4.9 GB   32 MB/s     14s[K[?25h[?2026l[?2026h[?25l[A[1Gpulling manifest [K
pulling 667b0c1932bc:  90% ▕████████████████  ▏ 4.4 GB/4.9 GB   32 MB/s     14s[K[?25h[?2026l[?2026h[?25l[A[1Gpulling manifest [K
pulling 667b0c1932bc:  90% ▕████████████████  ▏ 4.4 GB/4.9 GB   32 MB/s     14s[K[?25h[?2026l[?2026h[?25l[A[1Gpulling manifest [K
pulling 667b0c1932bc:  90% ▕████████████████  ▏ 4.4 GB/4.9 GB   32 MB/s     14s[K[?25h[?2026l[?2026h[?25l[A[1Gpulling manifest [K
pulling 667b0c1932bc:  90% ▕████████████████  ▏ 4.5 GB/4.9 GB   32 MB/s     14s[K[?25h[?2026l[?2026h[?25l[A[1Gpulling manifest [K
pulling 667b0c1932bc:  91% ▕████████████████  ▏ 4.5 GB/4.9 GB   32 MB/s     14s[K[?25h[?2026l[?2026h[?25l[A[1Gpulling manifest [K
pulling 667b0c1932bc:  91% ▕████████████████  ▏ 4.5 GB/4.9 GB   32 MB/s     14s[K[?25h[?2026l[?2026h[?25l[A[1Gpulling manifest [K
pulling 667b0c1932bc:  91% ▕████████████████  ▏ 4.5 GB/4.9 GB   32 MB/s     13s[K[?25h[?2026l[?2026h[?25l[A[1Gpulling manifest [K
pulling 667b0c1932bc:  91% ▕████████████████  ▏ 4.5 GB/4.9 GB   32 MB/s     13s[K[?25h[?2026l[?2026h[?25l[A[1Gpulling manifest [K
pulling 667b0c1932bc:  91% ▕████████████████  ▏ 4.5 GB/4.9 GB   32 MB/s     13s[K[?25h[?2026l[?2026h[?25l[A[1Gpulling manifest [K
pulling 667b0c1932bc:  91% ▕████████████████  ▏ 4.5 GB/4.9 GB   32 MB/s     13s[K[?25h[?2026l[?2026h[?25l[A[1Gpulling manifest [K
pulling 667b0c1932bc:  91% ▕████████████████  ▏ 4.5 GB/4.9 GB   32 MB/s     13s[K[?25h[?2026l[?2026h[?25l[A[1Gpulling manifest [K
pulling 667b0c1932bc:  91% ▕████████████████  ▏ 4.5 GB/4.9 GB   32 MB/s     13s[K[?25h[?2026l[?2026h[?25l[A[1Gpulling manifest [K
pulling 667b0c1932bc:  91% ▕████████████████  ▏ 4.5 GB/4.9 GB   32 MB/s     13s[K[?25h[?2026l[?2026h[?25l[A[1Gpulling manifest [K
pulling 667b0c1932bc:  91% ▕████████████████  ▏ 4.5 GB/4.9 GB   32 MB/s     13s[K[?25h[?2026l[?2026h[?25l[A[1Gpulling manifest [K
pulling 667b0c1932bc:  91% ▕████████████████  ▏ 4.5 GB/4.9 GB   32 MB/s     13s[K[?25h[?2026l[?2026h[?25l[A[1Gpulling manifest [K
pulling 667b0c1932bc:  91% ▕████████████████  ▏ 4.5 GB/4.9 GB   32 MB/s     13s[K[?25h[?2026l[?2026h[?25l[A[1Gpulling manifest [K
pulling 667b0c1932bc:  91% ▕████████████████  ▏ 4.5 GB/4.9 GB   32 MB/s     12s[K[?25h[?2026l[?2026h[?25l[A[1Gpulling manifest [K
pulling 667b0c1932bc:  91% ▕████████████████  ▏ 4.5 GB/4.9 GB   32 MB/s     12s[K[?25h[?2026l[?2026h[?25l[A[1Gpulling manifest [K
pulling 667b0c1932bc:  91% ▕████████████████  ▏ 4.5 GB/4.9 GB   32 MB/s     12s[K[?25h[?2026l[?2026h[?25l[A[1Gpulling manifest [K
pulling 667b0c1932bc:  92% ▕████████████████  ▏ 4.5 GB/4.9 GB   32 MB/s     12s[K[?25h[?2026l[?2026h[?25l[A[1Gpulling manifest [K
pulling 667b0c1932bc:  92% ▕████████████████  ▏ 4.5 GB/4.9 GB   32 MB/s     12s[K[?25h[?2026l[?2026h[?25l[A[1Gpulling manifest [K
pulling 667b0c1932bc:  92% ▕████████████████  ▏ 4.5 GB/4.9 GB   32 MB/s     12s[K[?25h[?2026l[?2026h[?25l[A[1Gpulling manifest [K
pulling 667b0c1932bc:  92% ▕████████████████  ▏ 4.5 GB/4.9 GB   32 MB/s     12s[K[?25h[?2026l[?2026h[?25l[A[1Gpulling manifest [K
pulling 667b0c1932bc:  92% ▕████████████████  ▏ 4.5 GB/4.9 GB   32 MB/s     12s[K[?25h[?2026l[?2026h[?25l[A[1Gpulling manifest [K
pulling 667b0c1932bc:  92% ▕████████████████  ▏ 4.5 GB/4.9 GB   32 MB/s     12s[K[?25h[?2026l[?2026h[?25l[A[1Gpulling manifest [K
pulling 667b0c1932bc:  92% ▕████████████████  ▏ 4.5 GB/4.9 GB   32 MB/s     12s[K[?25h[?2026l[?2026h[?25l[A[1Gpulling manifest [K
pulling 667b0c1932bc:  92% ▕████████████████  ▏ 4.5 GB/4.9 GB   32 MB/s     11s[K[?25h[?2026l[?2026h[?25l[A[1Gpulling manifest [K
pulling 667b0c1932bc:  92% ▕████████████████  ▏ 4.5 GB/4.9 GB   32 MB/s     11s[K[?25h[?2026l[?2026h[?25l[A[1Gpulling manifest [K
pulling 667b0c1932bc:  92% ▕████████████████  ▏ 4.5 GB/4.9 GB   32 MB/s     11s[K[?25h[?2026l[?2026h[?25l[A[1Gpulling manifest [K
pulling 667b0c1932bc:  92% ▕████████████████  ▏ 4.5 GB/4.9 GB   32 MB/s     11s[K[?25h[?2026l[?2026h[?25l[A[1Gpulling manifest [K
pulling 667b0c1932bc:  92% ▕████████████████  ▏ 4.5 GB/4.9 GB   32 MB/s     11s[K[?25h[?2026l[?2026h[?25l[A[1Gpulling manifest [K
pulling 667b0c1932bc:  92% ▕████████████████  ▏ 4.5 GB/4.9 GB   32 MB/s     11s[K[?25h[?2026l[?2026h[?25l[A[1Gpulling manifest [K
pulling 667b0c1932bc:  92% ▕████████████████  ▏ 4.5 GB/4.9 GB   32 MB/s     11s[K[?25h[?2026l[?2026h[?25l[A[1Gpulling manifest [K
pulling 667b0c1932bc:  92% ▕████████████████  ▏ 4.6 GB/4.9 GB   32 MB/s     11s[K[?25h[?2026l[?2026h[?25l[A[1Gpulling manifest [K
pulling 667b0c1932bc:  93% ▕████████████████  ▏ 4.6 GB/4.9 GB   32 MB/s     11s[K[?25h[?2026l[?2026h[?25l[A[1Gpulling manifest [K
pulling 667b0c1932bc:  93% ▕████████████████  ▏ 4.6 GB/4.9 GB   32 MB/s     11s[K[?25h[?2026l[?2026h[?25l[A[1Gpulling manifest [K
pulling 667b0c1932bc:  93% ▕████████████████  ▏ 4.6 GB/4.9 GB   32 MB/s     10s[K[?25h[?2026l[?2026h[?25l[A[1Gpulling manifest [K
pulling 667b0c1932bc:  93% ▕████████████████  ▏ 4.6 GB/4.9 GB   32 MB/s     10s[K[?25h[?2026l[?2026h[?25l[A[1Gpulling manifest [K
pulling 667b0c1932bc:  93% ▕████████████████  ▏ 4.6 GB/4.9 GB   32 MB/s     10s[K[?25h[?2026l[?2026h[?25l[A[1Gpulling manifest [K
pulling 667b0c1932bc:  93% ▕████████████████  ▏ 4.6 GB/4.9 GB   32 MB/s     10s[K[?25h[?2026l[?2026h[?25l[A[1Gpulling manifest [K
pulling 667b0c1932bc:  93% ▕████████████████  ▏ 4.6 GB/4.9 GB   32 MB/s     10s[K[?25h[?2026l[?2026h[?25l[A[1Gpulling manifest [K
pulling 667b0c1932bc:  93% ▕████████████████  ▏ 4.6 GB/4.9 GB   32 MB/s     10s[K[?25h[?2026l[?2026h[?25l[A[1Gpulling manifest [K
pulling 667b0c1932bc:  93% ▕████████████████  ▏ 4.6 GB/4.9 GB   32 MB/s     10s[K[?25h[?2026l[?2026h[?25l[A[1Gpulling manifest [K
pulling 667b0c1932bc:  93% ▕████████████████  ▏ 4.6 GB/4.9 GB   32 MB/s     10s[K[?25h[?2026l[?2026h[?25l[A[1Gpulling manifest [K
pulling 667b0c1932bc:  93% ▕████████████████  ▏ 4.6 GB/4.9 GB   32 MB/s     10s[K[?25h[?2026l[?2026h[?25l[A[1Gpulling manifest [K
pulling 667b0c1932bc:  93% ▕████████████████  ▏ 4.6 GB/4.9 GB   32 MB/s     10s[K[?25h[?2026l[?2026h[?25l[A[1Gpulling manifest [K
pulling 667b0c1932bc:  93% ▕████████████████  ▏ 4.6 GB/4.9 GB   32 MB/s      9s[K[?25h[?2026l[?2026h[?25l[A[1Gpulling manifest [K
pulling 667b0c1932bc:  93% ▕████████████████  ▏ 4.6 GB/4.9 GB   32 MB/s      9s[K[?25h[?2026l[?2026h[?25l[A[1Gpulling manifest [K
pulling 667b0c1932bc:  93% ▕████████████████  ▏ 4.6 GB/4.9 GB   32 MB/s      9s[K[?25h[?2026l[?2026h[?25l[A[1Gpulling manifest [K
pulling 667b0c1932bc:  94% ▕████████████████  ▏ 4.6 GB/4.9 GB   32 MB/s      9s[K[?25h[?2026l[?2026h[?25l[A[1Gpulling manifest [K
pulling 667b0c1932bc:  94% ▕████████████████  ▏ 4.6 GB/4.9 GB   32 MB/s      9s[K[?25h[?2026l[?2026h[?25l[A[1Gpulling manifest [K
pulling 667b0c1932bc:  94% ▕████████████████  ▏ 4.6 GB/4.9 GB   32 MB/s      9s[K[?25h[?2026l[?2026h[?25l[A[1Gpulling manifest [K
pulling 667b0c1932bc:  94% ▕████████████████  ▏ 4.6 GB/4.9 GB   32 MB/s      9s[K[?25h[?2026l[?2026h[?25l[A[1Gpulling manifest [K
pulling 667b0c1932bc:  94% ▕████████████████  ▏ 4.6 GB/4.9 GB   32 MB/s      9s[K[?25h[?2026l[?2026h[?25l[A[1Gpulling manifest [K
pulling 667b0c1932bc:  94% ▕████████████████  ▏ 4.6 GB/4.9 GB   32 MB/s      9s[K[?25h[?2026l[?2026h[?25l[A[1Gpulling manifest [K
pulling 667b0c1932bc:  94% ▕████████████████  ▏ 4.6 GB/4.9 GB   32 MB/s      9s[K[?25h[?2026l[?2026h[?25l[A[1Gpulling manifest [K
pulling 667b0c1932bc:  94% ▕████████████████  ▏ 4.6 GB/4.9 GB   32 MB/s      8s[K[?25h[?2026l[?2026h[?25l[A[1Gpulling manifest [K
pulling 667b0c1932bc:  94% ▕████████████████  ▏ 4.6 GB/4.9 GB   32 MB/s      8s[K[?25h[?2026l[?2026h[?25l[A[1Gpulling manifest [K
pulling 667b0c1932bc:  94% ▕████████████████  ▏ 4.6 GB/4.9 GB   32 MB/s      8s[K[?25h[?2026l[?2026h[?25l[A[1Gpulling manifest [K
pulling 667b0c1932bc:  94% ▕████████████████  ▏ 4.6 GB/4.9 GB   32 MB/s      8s[K[?25h[?2026l[?2026h[?25l[A[1Gpulling manifest [K
pulling 667b0c1932bc:  94% ▕████████████████  ▏ 4.6 GB/4.9 GB   32 MB/s      8s[K[?25h[?2026l[?2026h[?25l[A[1Gpulling manifest [K
pulling 667b0c1932bc:  94% ▕████████████████  ▏ 4.6 GB/4.9 GB   32 MB/s      8s[K[?25h[?2026l[?2026h[?25l[A[1Gpulling manifest [K
pulling 667b0c1932bc:  94% ▕████████████████  ▏ 4.6 GB/4.9 GB   32 MB/s      8s[K[?25h[?2026l[?2026h[?25l[A[1Gpulling manifest [K
pulling 667b0c1932bc:  94% ▕█████████████████ ▏ 4.6 GB/4.9 GB   32 MB/s      8s[K[?25h[?2026l[?2026h[?25l[A[1Gpulling manifest [K
pulling 667b0c1932bc:  95% ▕█████████████████ ▏ 4.7 GB/4.9 GB   32 MB/s      8s[K[?25h[?2026l[?2026h[?25l[A[1Gpulling manifest [K
pulling 667b0c1932bc:  95% ▕█████████████████ ▏ 4.7 GB/4.9 GB   32 MB/s      8s[K[?25h[?2026l[?2026h[?25l[A[1Gpulling manifest [K
pulling 667b0c1932bc:  95% ▕█████████████████ ▏ 4.7 GB/4.9 GB   32 MB/s      7s[K[?25h[?2026l[?2026h[?25l[A[1Gpulling manifest [K
pulling 667b0c1932bc:  95% ▕█████████████████ ▏ 4.7 GB/4.9 GB   32 MB/s      7s[K[?25h[?2026l[?2026h[?25l[A[1Gpulling manifest [K
pulling 667b0c1932bc:  95% ▕█████████████████ ▏ 4.7 GB/4.9 GB   32 MB/s      7s[K[?25h[?2026l[?2026h[?25l[A[1Gpulling manifest [K
pulling 667b0c1932bc:  95% ▕█████████████████ ▏ 4.7 GB/4.9 GB   32 MB/s      7s[K[?25h[?2026l[?2026h[?25l[A[1Gpulling manifest [K
pulling 667b0c1932bc:  95% ▕█████████████████ ▏ 4.7 GB/4.9 GB   32 MB/s      7s[K[?25h[?2026l[?2026h[?25l[A[1Gpulling manifest [K
pulling 667b0c1932bc:  95% ▕█████████████████ ▏ 4.7 GB/4.9 GB   32 MB/s      7s[K[?25h[?2026l[?2026h[?25l[A[1Gpulling manifest [K
pulling 667b0c1932bc:  95% ▕█████████████████ ▏ 4.7 GB/4.9 GB   32 MB/s      7s[K[?25h[?2026l[?2026h[?25l[A[1Gpulling manifest [K
pulling 667b0c1932bc:  95% ▕█████████████████ ▏ 4.7 GB/4.9 GB   32 MB/s      7s[K[?25h[?2026l[?2026h[?25l[A[1Gpulling manifest [K
pulling 667b0c1932bc:  95% ▕█████████████████ ▏ 4.7 GB/4.9 GB   32 MB/s      7s[K[?25h[?2026l[?2026h[?25l[A[1Gpulling manifest [K
pulling 667b0c1932bc:  95% ▕█████████████████ ▏ 4.7 GB/4.9 GB   32 MB/s      7s[K[?25h[?2026l[?2026h[?25l[A[1Gpulling manifest [K
pulling 667b0c1932bc:  95% ▕█████████████████ ▏ 4.7 GB/4.9 GB   33 MB/s      6s[K[?25h[?2026l[?2026h[?25l[A[1Gpulling manifest [K
pulling 667b0c1932bc:  95% ▕█████████████████ ▏ 4.7 GB/4.9 GB   33 MB/s      6s[K[?25h[?2026l[?2026h[?25l[A[1Gpulling manifest [K
pulling 667b0c1932bc:  95% ▕█████████████████ ▏ 4.7 GB/4.9 GB   33 MB/s      6s[K[?25h[?2026l[?2026h[?25l[A[1Gpulling manifest [K
pulling 667b0c1932bc:  96% ▕█████████████████ ▏ 4.7 GB/4.9 GB   33 MB/s      6s[K[?25h[?2026l[?2026h[?25l[A[1Gpulling manifest [K
pulling 667b0c1932bc:  96% ▕█████████████████ ▏ 4.7 GB/4.9 GB   33 MB/s      6s[K[?25h[?2026l[?2026h[?25l[A[1Gpulling manifest [K
pulling 667b0c1932bc:  96% ▕█████████████████ ▏ 4.7 GB/4.9 GB   33 MB/s      6s[K[?25h[?2026l[?2026h[?25l[A[1Gpulling manifest [K
pulling 667b0c1932bc:  96% ▕█████████████████ ▏ 4.7 GB/4.9 GB   33 MB/s      6s[K[?25h[?2026l[?2026h[?25l[A[1Gpulling manifest [K
pulling 667b0c1932bc:  96% ▕█████████████████ ▏ 4.7 GB/4.9 GB   33 MB/s      6s[K[?25h[?2026l[?2026h[?25l[A[1Gpulling manifest [K
pulling 667b0c1932bc:  96% ▕█████████████████ ▏ 4.7 GB/4.9 GB   33 MB/s      6s[K[?25h[?2026l[?2026h[?25l[A[1Gpulling manifest [K
pulling 667b0c1932bc:  96% ▕█████████████████ ▏ 4.7 GB/4.9 GB   33 MB/s      6s[K[?25h[?2026l[?2026h[?25l[A[1Gpulling manifest [K
pulling 667b0c1932bc:  96% ▕█████████████████ ▏ 4.7 GB/4.9 GB   32 MB/s      6s[K[?25h[?2026l[?2026h[?25l[A[1Gpulling manifest [K
pulling 667b0c1932bc:  96% ▕█████████████████ ▏ 4.7 GB/4.9 GB   32 MB/s      6s[K[?25h[?2026l[?2026h[?25l[A[1Gpulling manifest [K
pulling 667b0c1932bc:  96% ▕█████████████████ ▏ 4.7 GB/4.9 GB   32 MB/s      5s[K[?25h[?2026l[?2026h[?25l[A[1Gpulling manifest [K
pulling 667b0c1932bc:  96% ▕█████████████████ ▏ 4.7 GB/4.9 GB   32 MB/s      5s[K[?25h[?2026l[?2026h[?25l[A[1Gpulling manifest [K
pulling 667b0c1932bc:  96% ▕█████████████████ ▏ 4.7 GB/4.9 GB   32 MB/s      5s[K[?25h[?2026l[?2026h[?25l[A[1Gpulling manifest [K
pulling 667b0c1932bc:  96% ▕█████████████████ ▏ 4.7 GB/4.9 GB   32 MB/s      5s[K[?25h[?2026l[?2026h[?25l[A[1Gpulling manifest [K
pulling 667b0c1932bc:  96% ▕█████████████████ ▏ 4.7 GB/4.9 GB   32 MB/s      5s[K[?25h[?2026l[?2026h[?25l[A[1Gpulling manifest [K
pulling 667b0c1932bc:  96% ▕█████████████████ ▏ 4.7 GB/4.9 GB   32 MB/s      5s[K[?25h[?2026l[?2026h[?25l[A[1Gpulling manifest [K
pulling 667b0c1932bc:  96% ▕█████████████████ ▏ 4.7 GB/4.9 GB   32 MB/s      5s[K[?25h[?2026l[?2026h[?25l[A[1Gpulling manifest [K
pulling 667b0c1932bc:  96% ▕█████████████████ ▏ 4.7 GB/4.9 GB   32 MB/s      5s[K[?25h[?2026l[?2026h[?25l[A[1Gpulling manifest [K
pulling 667b0c1932bc:  97% ▕█████████████████ ▏ 4.8 GB/4.9 GB   32 MB/s      5s[K[?25h[?2026l[?2026h[?25l[A[1Gpulling manifest [K
pulling 667b0c1932bc:  97% ▕█████████████████ ▏ 4.8 GB/4.9 GB   32 MB/s      5s[K[?25h[?2026l[?2026h[?25l[A[1Gpulling manifest [K
pulling 667b0c1932bc:  97% ▕█████████████████ ▏ 4.8 GB/4.9 GB   32 MB/s      5s[K[?25h[?2026l[?2026h[?25l[A[1Gpulling manifest [K
pulling 667b0c1932bc:  97% ▕█████████████████ ▏ 4.8 GB/4.9 GB   32 MB/s      4s[K[?25h[?2026l[?2026h[?25l[A[1Gpulling manifest [K
pulling 667b0c1932bc:  97% ▕█████████████████ ▏ 4.8 GB/4.9 GB   32 MB/s      4s[K[?25h[?2026l[?2026h[?25l[A[1Gpulling manifest [K
pulling 667b0c1932bc:  97% ▕█████████████████ ▏ 4.8 GB/4.9 GB   32 MB/s      4s[K[?25h[?2026l[?2026h[?25l[A[1Gpulling manifest [K
pulling 667b0c1932bc:  97% ▕█████████████████ ▏ 4.8 GB/4.9 GB   32 MB/s      4s[K[?25h[?2026l[?2026h[?25l[A[1Gpulling manifest [K
pulling 667b0c1932bc:  97% ▕█████████████████ ▏ 4.8 GB/4.9 GB   32 MB/s      4s[K[?25h[?2026l[?2026h[?25l[A[1Gpulling manifest [K
pulling 667b0c1932bc:  97% ▕█████████████████ ▏ 4.8 GB/4.9 GB   32 MB/s      4s[K[?25h[?2026l[?2026h[?25l[A[1Gpulling manifest [K
pulling 667b0c1932bc:  97% ▕█████████████████ ▏ 4.8 GB/4.9 GB   32 MB/s      4s[K[?25h[?2026l[?2026h[?25l[A[1Gpulling manifest [K
pulling 667b0c1932bc:  97% ▕█████████████████ ▏ 4.8 GB/4.9 GB   32 MB/s      4s[K[?25h[?2026l[?2026h[?25l[A[1Gpulling manifest [K
pulling 667b0c1932bc:  97% ▕█████████████████ ▏ 4.8 GB/4.9 GB   32 MB/s      4s[K[?25h[?2026l[?2026h[?25l[A[1Gpulling manifest [K
pulling 667b0c1932bc:  97% ▕█████████████████ ▏ 4.8 GB/4.9 GB   32 MB/s      4s[K[?25h[?2026l[?2026h[?25l[A[1Gpulling manifest [K
pulling 667b0c1932bc:  97% ▕█████████████████ ▏ 4.8 GB/4.9 GB   32 MB/s      3s[K[?25h[?2026l[?2026h[?25l[A[1Gpulling manifest [K
pulling 667b0c1932bc:  97% ▕█████████████████ ▏ 4.8 GB/4.9 GB   32 MB/s      3s[K[?25h[?2026l[?2026h[?25l[A[1Gpulling manifest [K
pulling 667b0c1932bc:  98% ▕█████████████████ ▏ 4.8 GB/4.9 GB   32 MB/s      3s[K[?25h[?2026l[?2026h[?25l[A[1Gpulling manifest [K
pulling 667b0c1932bc:  98% ▕█████████████████ ▏ 4.8 GB/4.9 GB   32 MB/s      3s[K[?25h[?2026l[?2026h[?25l[A[1Gpulling manifest [K
pulling 667b0c1932bc:  98% ▕█████████████████ ▏ 4.8 GB/4.9 GB   32 MB/s      3s[K[?25h[?2026l[?2026h[?25l[A[1Gpulling manifest [K
pulling 667b0c1932bc:  98% ▕█████████████████ ▏ 4.8 GB/4.9 GB   32 MB/s      3s[K[?25h[?2026l[?2026h[?25l[A[1Gpulling manifest [K
pulling 667b0c1932bc:  98% ▕█████████████████ ▏ 4.8 GB/4.9 GB   32 MB/s      3s[K[?25h[?2026l[?2026h[?25l[A[1Gpulling manifest [K
pulling 667b0c1932bc:  98% ▕█████████████████ ▏ 4.8 GB/4.9 GB   32 MB/s      3s[K[?25h[?2026l[?2026h[?25l[A[1Gpulling manifest [K
pulling 667b0c1932bc:  98% ▕█████████████████ ▏ 4.8 GB/4.9 GB   32 MB/s      3s[K[?25h[?2026l[?2026h[?25l[A[1Gpulling manifest [K
pulling 667b0c1932bc:  98% ▕█████████████████ ▏ 4.8 GB/4.9 GB   32 MB/s      2s[K[?25h[?2026l[?2026h[?25l[A[1Gpulling manifest [K
pulling 667b0c1932bc:  98% ▕█████████████████ ▏ 4.8 GB/4.9 GB   32 MB/s      2s[K[?25h[?2026l[?2026h[?25l[A[1Gpulling manifest [K
pulling 667b0c1932bc:  98% ▕█████████████████ ▏ 4.8 GB/4.9 GB   32 MB/s      2s[K[?25h[?2026l[?2026h[?25l[A[1Gpulling manifest [K
pulling 667b0c1932bc:  98% ▕█████████████████ ▏ 4.8 GB/4.9 GB   32 MB/s      2s[K[?25h[?2026l[?2026h[?25l[A[1Gpulling manifest [K
pulling 667b0c1932bc:  98% ▕█████████████████ ▏ 4.8 GB/4.9 GB   32 MB/s      2s[K[?25h[?2026l[?2026h[?25l[A[1Gpulling manifest [K
pulling 667b0c1932bc:  98% ▕█████████████████ ▏ 4.8 GB/4.9 GB   32 MB/s      2s[K[?25h[?2026l[?2026h[?25l[A[1Gpulling manifest [K
pulling 667b0c1932bc:  98% ▕█████████████████ ▏ 4.8 GB/4.9 GB   32 MB/s      2s[K[?25h[?2026l[?2026h[?25l[A[1Gpulling manifest [K
pulling 667b0c1932bc:  98% ▕█████████████████ ▏ 4.8 GB/4.9 GB   32 MB/s      2s[K[?25h[?2026l[?2026h[?25l[A[1Gpulling manifest [K
pulling 667b0c1932bc:  99% ▕█████████████████ ▏ 4.8 GB/4.9 GB   32 MB/s      2s[K[?25h[?2026l[?2026h[?25l[A[1Gpulling manifest [K
pulling 667b0c1932bc:  99% ▕█████████████████ ▏ 4.9 GB/4.9 GB   32 MB/s      2s[K[?25h[?2026l[?2026h[?25l[A[1Gpulling manifest [K
pulling 667b0c1932bc:  99% ▕█████████████████ ▏ 4.9 GB/4.9 GB   32 MB/s      2s[K[?25h[?2026l[?2026h[?25l[A[1Gpulling manifest [K
pulling 667b0c1932bc:  99% ▕█████████████████ ▏ 4.9 GB/4.9 GB   32 MB/s      1s[K[?25h[?2026l[?2026h[?25l[A[1Gpulling manifest [K
pulling 667b0c1932bc:  99% ▕█████████████████ ▏ 4.9 GB/4.9 GB   32 MB/s      1s[K[?25h[?2026l[?2026h[?25l[A[1Gpulling manifest [K
pulling 667b0c1932bc:  99% ▕█████████████████ ▏ 4.9 GB/4.9 GB   32 MB/s      1s[K[?25h[?2026l[?2026h[?25l[A[1Gpulling manifest [K
pulling 667b0c1932bc:  99% ▕█████████████████ ▏ 4.9 GB/4.9 GB   32 MB/s      1s[K[?25h[?2026l[?2026h[?25l[A[1Gpulling manifest [K
pulling 667b0c1932bc:  99% ▕█████████████████ ▏ 4.9 GB/4.9 GB   32 MB/s      1s[K[?25h[?2026l[?2026h[?25l[A[1Gpulling manifest [K
pulling 667b0c1932bc:  99% ▕█████████████████ ▏ 4.9 GB/4.9 GB   32 MB/s      1s[K[?25h[?2026l[?2026h[?25l[A[1Gpulling manifest [K
pulling 667b0c1932bc:  99% ▕█████████████████ ▏ 4.9 GB/4.9 GB   32 MB/s      1s[K[?25h[?2026l[?2026h[?25l[A[1Gpulling manifest [K
pulling 667b0c1932bc:  99% ▕█████████████████ ▏ 4.9 GB/4.9 GB   32 MB/s      1s[K[?25h[?2026l[?2026h[?25l[A[1Gpulling manifest [K
pulling 667b0c1932bc:  99% ▕█████████████████ ▏ 4.9 GB/4.9 GB   32 MB/s      1s[K[?25h[?2026l[?2026h[?25l[A[1Gpulling manifest [K
pulling 667b0c1932bc:  99% ▕█████████████████ ▏ 4.9 GB/4.9 GB   32 MB/s      0s[K[?25h[?2026l[?2026h[?25l[A[1Gpulling manifest [K
pulling 667b0c1932bc:  99% ▕█████████████████ ▏ 4.9 GB/4.9 GB   32 MB/s      0s[K[?25h[?2026l[?2026h[?25l[A[1Gpulling manifest [K
pulling 667b0c1932bc:  99% ▕█████████████████ ▏ 4.9 GB/4.9 GB   32 MB/s      0s[K[?25h[?2026l[?2026h[?25l[A[1Gpulling manifest [K
pulling 667b0c1932bc: 100% ▕█████████████████ ▏ 4.9 GB/4.9 GB   32 MB/s      0s[K[?25h[?2026l[?2026h[?25l[A[1Gpulling manifest [K
pulling 667b0c1932bc: 100% ▕█████████████████ ▏ 4.9 GB/4.9 GB   32 MB/s      0s[K[?25h[?2026l[?2026h[?25l[A[1Gpulling manifest [K
pulling 667b0c1932bc: 100% ▕█████████████████ ▏ 4.9 GB/4.9 GB   32 MB/s      0s[K[?25h[?2026l[?2026h[?25l[A[1Gpulling manifest [K
pulling 667b0c1932bc: 100% ▕█████████████████ ▏ 4.9 GB/4.9 GB   32 MB/s      0s[K[?25h[?2026l[?2026h[?25l[A[1Gpulling manifest [K
pulling 667b0c1932bc: 100% ▕█████████████████ ▏ 4.9 GB/4.9 GB   32 MB/s      0s[K[?25h[?2026l[?2026h[?25l[A[1Gpulling manifest [K
pulling 667b0c1932bc: 100% ▕█████████████████ ▏ 4.9 GB/4.9 GB   32 MB/s      0s[K[?25h[?2026l[?2026h[?25l[A[1Gpulling manifest [K
pulling 667b0c1932bc: 100% ▕█████████████████ ▏ 4.9 GB/4.9 GB   32 MB/s      0s[K[?25h[?2026l[?2026h[?25l[A[1Gpulling manifest [K
pulling 667b0c1932bc: 100% ▕█████████████████ ▏ 4.9 GB/4.9 GB   32 MB/s      0s[K[?25h[?2026l[?2026h[?25l[A[1Gpulling manifest [K
pulling 667b0c1932bc: 100% ▕█████████████████ ▏ 4.9 GB/4.9 GB   32 MB/s      0s[K[?25h[?2026l[?2026h[?25l[A[1Gpulling manifest [K
pulling 667b0c1932bc: 100% ▕██████████████████▏ 4.9 GB                         [K[?25h[?2026l[?2026h[?25l[A[1Gpulling manifest [K
pulling 667b0c1932bc: 100% ▕██████████████████▏ 4.9 GB                         [K[?25h[?2026l[?2026h[?25l[A[1Gpulling manifest [K
pulling 667b0c1932bc: 100% ▕██████████████████▏ 4.9 GB                         [K[?25h[?2026l[?2026h[?25l[A[1Gpulling manifest [K
pulling 667b0c1932bc: 100% ▕██████████████████▏ 4.9 GB                         [K[?25h[?2026l[?2026h[?25l[A[1Gpulling manifest [K
pulling 667b0c1932bc: 100% ▕██████████████████▏ 4.9 GB                         [K[?25h[?2026l[?2026h[?25l[A[1Gpulling manifest [K
pulling 667b0c1932bc: 100% ▕██████████████████▏ 4.9 GB                         [K[?25h[?2026l[?2026h[?25l[A[1Gpulling manifest [K
pulling 667b0c1932bc: 100% ▕██████████████████▏ 4.9 GB                         [K[?25h[?2026l[?2026h[?25l[A[1Gpulling manifest [K
pulling 667b0c1932bc: 100% ▕██████████████████▏ 4.9 GB                         [K[?25h[?2026l[?2026h[?25l[A[1Gpulling manifest [K
pulling 667b0c1932bc: 100% ▕██████████████████▏ 4.9 GB                         [K[?25h[?2026l[?2026h[?25l[A[1Gpulling manifest [K
pulling 667b0c1932bc: 100% ▕██████████████████▏ 4.9 GB                         [K[?25h[?2026l[?2026h[?25l[A[1Gpulling manifest [K
pulling 667b0c1932bc: 100% ▕██████████████████▏ 4.9 GB                         [K[?25h[?2026l[?2026h[?25l[A[1Gpulling manifest [K
pulling 667b0c1932bc: 100% ▕██████████████████▏ 4.9 GB                         [K[?25h[?2026l[?2026h[?25l[A[1Gpulling manifest [K
pulling 667b0c1932bc: 100% ▕██████████████████▏ 4.9 GB                         [K[?25h[?2026l[?2026h[?25l[A[1Gpulling manifest [K
pulling 667b0c1932bc: 100% ▕██████████████████▏ 4.9 GB                         [K[?25h[?2026l[?2026h[?25l[A[1Gpulling manifest [K
pulling 667b0c1932bc: 100% ▕██████████████████▏ 4.9 GB                         [K[?25h[?2026l[?2026h[?25l[A[1Gpulling manifest [K
pulling 667b0c1932bc: 100% ▕██████████████████▏ 4.9 GB                         [K[?25h[?2026l[?2026h[?25l[A[1Gpulling manifest [K
pulling 667b0c1932bc: 100% ▕██████████████████▏ 4.9 GB                         [K[?25h[?2026l[?2026h[?25l[A[1Gpulling manifest [K
pulling 667b0c1932bc: 100% ▕██████████████████▏ 4.9 GB                         [K[?25h[?2026l[?2026h[?25l[A[1Gpulling manifest [K
pulling 667b0c1932bc: 100% ▕██████████████████▏ 4.9 GB                         [K[?25h[?2026l[?2026h[?25l[A[1Gpulling manifest [K
pulling 667b0c1932bc: 100% ▕██████████████████▏ 4.9 GB                         [K[?25h[?2026l[?2026h[?25l[A[1Gpulling manifest [K
pulling 667b0c1932bc: 100% ▕██████████████████▏ 4.9 GB                         [K[?25h[?2026l[?2026h[?25l[A[1Gpulling manifest [K
pulling 667b0c1932bc: 100% ▕██████████████████▏ 4.9 GB                         [K[?25h[?2026l[?2026h[?25l[A[1Gpulling manifest [K
pulling 667b0c1932bc: 100% ▕██████████████████▏ 4.9 GB                         [K
verifying sha256 digest ⠋ [K[?25h[?2026l[?2026h[?25l[A[A[1Gpulling manifest [K
pulling 667b0c1932bc: 100% ▕██████████████████▏ 4.9 GB                         [K
verifying sha256 digest ⠙ [K[?25h[?2026l[?2026h[?25l[A[A[1Gpulling manifest [K
pulling 667b0c1932bc: 100% ▕██████████████████▏ 4.9 GB                         [K
verifying sha256 digest ⠹ [K[?25h[?2026l[?2026h[?25l[A[A[1Gpulling manifest [K
pulling 667b0c1932bc: 100% ▕██████████████████▏ 4.9 GB                         [K
verifying sha256 digest ⠸ [K[?25h[?2026l[?2026h[?25l[A[A[1Gpulling manifest [K
pulling 667b0c1932bc: 100% ▕██████████████████▏ 4.9 GB                         [K
verifying sha256 digest ⠼ [K[?25h[?2026l[?2026h[?25l[A[A[1Gpulling manifest [K
pulling 667b0c1932bc: 100% ▕██████████████████▏ 4.9 GB                         [K
verifying sha256 digest ⠴ [K[?25h[?2026l[?2026h[?25l[A[A[1Gpulling manifest [K
pulling 667b0c1932bc: 100% ▕██████████████████▏ 4.9 GB                         [K
verifying sha256 digest ⠦ [K[?25h[?2026l[?2026h[?25l[A[A[1Gpulling manifest [K
pulling 667b0c1932bc: 100% ▕██████████████████▏ 4.9 GB                         [K
verifying sha256 digest ⠧ [K[?25h[?2026l[?2026h[?25l[A[A[1Gpulling manifest [K
pulling 667b0c1932bc: 100% ▕██████████████████▏ 4.9 GB                         [K
verifying sha256 digest ⠇ [K[?25h[?2026l[?2026h[?25l[A[A[1Gpulling manifest [K
pulling 667b0c1932bc: 100% ▕██████████████████▏ 4.9 GB                         [K
verifying sha256 digest ⠏ [K[?25h[?2026l[?2026h[?25l[A[A[1Gpulling manifest [K
pulling 667b0c1932bc: 100% ▕██████████████████▏ 4.9 GB                         [K
verifying sha256 digest ⠋ [K[?25h[?2026l[?2026h[?25l[A[A[1Gpulling manifest [K
pulling 667b0c1932bc: 100% ▕██████████████████▏ 4.9 GB                         [K
verifying sha256 digest ⠙ [K[?25h[?2026l[?2026h[?25l[A[A[1Gpulling manifest [K
pulling 667b0c1932bc: 100% ▕██████████████████▏ 4.9 GB                         [K
verifying sha256 digest ⠹ [K[?25h[?2026l[?2026h[?25l[A[A[1Gpulling manifest [K
pulling 667b0c1932bc: 100% ▕██████████████████▏ 4.9 GB                         [K
verifying sha256 digest ⠸ [K[?25h[?2026l[?2026h[?25l[A[A[1Gpulling manifest [K
pulling 667b0c1932bc: 100% ▕██████████████████▏ 4.9 GB                         [K
verifying sha256 digest ⠼ [K[?25h[?2026l[?2026h[?25l[A[A[1Gpulling manifest [K
pulling 667b0c1932bc: 100% ▕██████████████████▏ 4.9 GB                         [K
verifying sha256 digest ⠴ [K[?25h[?2026l[?2026h[?25l[A[A[1Gpulling manifest [K
pulling 667b0c1932bc: 100% ▕██████████████████▏ 4.9 GB                         [K
verifying sha256 digest ⠦ [K[?25h[?2026l[?2026h[?25l[A[A[1Gpulling manifest [K
pulling 667b0c1932bc: 100% ▕██████████████████▏ 4.9 GB                         [K
verifying sha256 digest ⠧ [K[?25h[?2026l[?2026h[?25l[A[A[1Gpulling manifest [K
pulling 667b0c1932bc: 100% ▕██████████████████▏ 4.9 GB                         [K
verifying sha256 digest ⠇ [K[?25h[?2026l[?2026h[?25l[A[A[1Gpulling manifest [K
pulling 667b0c1932bc: 100% ▕██████████████████▏ 4.9 GB                         [K
verifying sha256 digest [K
writing manifest [K
success [K[?25h[?2026l
