2026-02-19 11:49:59,992 | INFO | [1/4500 |   0.0% | 0.13 it/s] model=ollama-qwen2.5-3b-instruct task=seds_f3_C2_r20_001 family=family3_forecast rep=0 lat_total_ms=7581.2 err=None
2026-02-19 11:50:46,690 | INFO | [11/4500 |   0.2% | 0.20 it/s] model=ollama-qwen2.5-3b-instruct task=seds_f3_C2_r20_004 family=family3_forecast rep=1 lat_total_ms=3384.4 err=None
2026-02-19 11:51:22,324 | INFO | [21/4500 |   0.5% | 0.23 it/s] model=ollama-qwen2.5-3b-instruct task=seds_f3_C2_r20_007 family=family3_forecast rep=2 lat_total_ms=869.6 err=None
2026-02-19 11:52:16,082 | INFO | [31/4500 |   0.7% | 0.22 it/s] model=ollama-qwen2.5-3b-instruct task=seds_f3_C2_r20_011 family=family3_forecast rep=0 lat_total_ms=7039.6 err=None
2026-02-19 11:53:21,708 | INFO | [41/4500 |   0.9% | 0.20 it/s] model=ollama-qwen2.5-3b-instruct task=seds_f3_C2_r20_014 family=family3_forecast rep=1 lat_total_ms=6412.8 err=None
2026-02-19 11:54:20,246 | INFO | [51/4500 |   1.1% | 0.19 it/s] model=ollama-qwen2.5-3b-instruct task=seds_f3_C2_r20_017 family=family3_forecast rep=2 lat_total_ms=3556.4 err=None
2026-02-19 11:55:20,067 | INFO | [61/4500 |   1.4% | 0.19 it/s] model=ollama-qwen2.5-3b-instruct task=seds_f3_C2_r20_021 family=family3_forecast rep=0 lat_total_ms=5906.9 err=None
2026-02-19 11:56:17,322 | INFO | [71/4500 |   1.6% | 0.18 it/s] model=ollama-qwen2.5-3b-instruct task=seds_f3_C2_r20_024 family=family3_forecast rep=1 lat_total_ms=981.1 err=None
2026-02-19 11:57:27,240 | INFO | [81/4500 |   1.8% | 0.18 it/s] model=ollama-qwen2.5-3b-instruct task=seds_f3_C2_r20_027 family=family3_forecast rep=2 lat_total_ms=7243.5 err=None
2026-02-19 11:58:28,215 | INFO | [91/4500 |   2.0% | 0.18 it/s] model=ollama-qwen2.5-3b-instruct task=seds_f3_C2_r100_001 family=family3_forecast rep=0 lat_total_ms=11942.0 err=None
2026-02-19 11:59:35,489 | INFO | [101/4500 |   2.2% | 0.17 it/s] model=ollama-qwen2.5-3b-instruct task=seds_f3_C2_r100_004 family=family3_forecast rep=1 lat_total_ms=4284.9 err=None
2026-02-19 12:00:53,052 | INFO | [111/4500 |   2.5% | 0.17 it/s] model=ollama-qwen2.5-3b-instruct task=seds_f3_C2_r100_007 family=family3_forecast rep=2 lat_total_ms=7598.2 err=None
2026-02-19 12:02:24,302 | INFO | [121/4500 |   2.7% | 0.16 it/s] model=ollama-qwen2.5-3b-instruct task=seds_f3_C2_r100_011 family=family3_forecast rep=0 lat_total_ms=8369.6 err=None
2026-02-19 12:03:24,781 | INFO | [131/4500 |   2.9% | 0.16 it/s] model=ollama-qwen2.5-3b-instruct task=seds_f3_C2_r100_014 family=family3_forecast rep=1 lat_total_ms=7807.8 err=None
2026-02-19 12:04:44,929 | INFO | [141/4500 |   3.1% | 0.16 it/s] model=ollama-qwen2.5-3b-instruct task=seds_f3_C2_r100_017 family=family3_forecast rep=2 lat_total_ms=6233.7 err=None
2026-02-19 12:06:02,225 | INFO | [151/4500 |   3.4% | 0.16 it/s] model=ollama-qwen2.5-3b-instruct task=seds_f3_C2_r100_021 family=family3_forecast rep=0 lat_total_ms=7744.7 err=None
2026-02-19 12:07:14,636 | INFO | [161/4500 |   3.6% | 0.15 it/s] model=ollama-qwen2.5-3b-instruct task=seds_f3_C2_r100_024 family=family3_forecast rep=1 lat_total_ms=5534.0 err=None
2026-02-19 12:08:39,646 | INFO | [171/4500 |   3.8% | 0.15 it/s] model=ollama-qwen2.5-3b-instruct task=seds_f3_C2_r100_027 family=family3_forecast rep=2 lat_total_ms=6184.2 err=None
2026-02-19 12:10:02,454 | INFO | [181/4500 |   4.0% | 0.15 it/s] model=ollama-qwen2.5-3b-instruct task=seds_f3_C2_r250_001 family=family3_forecast rep=0 lat_total_ms=8251.6 err=None
2026-02-19 12:11:33,335 | INFO | [191/4500 |   4.2% | 0.15 it/s] model=ollama-qwen2.5-3b-instruct task=seds_f3_C2_r250_004 family=family3_forecast rep=1 lat_total_ms=9075.6 err=None
2026-02-19 12:13:07,377 | INFO | [201/4500 |   4.5% | 0.14 it/s] model=ollama-qwen2.5-3b-instruct task=seds_f3_C2_r250_007 family=family3_forecast rep=2 lat_total_ms=9080.9 err=None
2026-02-19 12:14:43,120 | INFO | [211/4500 |   4.7% | 0.14 it/s] model=ollama-qwen2.5-3b-instruct task=seds_f3_C2_r250_011 family=family3_forecast rep=0 lat_total_ms=9373.1 err=None
2026-02-19 12:16:17,612 | INFO | [221/4500 |   4.9% | 0.14 it/s] model=ollama-qwen2.5-3b-instruct task=seds_f3_C2_r250_014 family=family3_forecast rep=1 lat_total_ms=8943.4 err=None
2026-02-19 12:17:49,115 | INFO | [231/4500 |   5.1% | 0.14 it/s] model=ollama-qwen2.5-3b-instruct task=seds_f3_C2_r250_017 family=family3_forecast rep=2 lat_total_ms=9468.3 err=None
2026-02-19 12:19:23,949 | INFO | [241/4500 |   5.4% | 0.14 it/s] model=ollama-qwen2.5-3b-instruct task=seds_f3_C2_r250_021 family=family3_forecast rep=0 lat_total_ms=9426.5 err=None
2026-02-19 12:20:56,626 | INFO | [251/4500 |   5.6% | 0.13 it/s] model=ollama-qwen2.5-3b-instruct task=seds_f3_C2_r250_024 family=family3_forecast rep=1 lat_total_ms=9378.2 err=None
2026-02-19 12:22:35,137 | INFO | [261/4500 |   5.8% | 0.13 it/s] model=ollama-qwen2.5-3b-instruct task=seds_f3_C2_r250_027 family=family3_forecast rep=2 lat_total_ms=9838.9 err=None
2026-02-19 12:24:04,838 | INFO | [271/4500 |   6.0% | 0.13 it/s] model=ollama-qwen2.5-3b-instruct task=seds_f3_C2_r500_001 family=family3_forecast rep=0 lat_total_ms=8790.6 err=None
2026-02-19 12:25:37,384 | INFO | [281/4500 |   6.2% | 0.13 it/s] model=ollama-qwen2.5-3b-instruct task=seds_f3_C2_r500_004 family=family3_forecast rep=1 lat_total_ms=9132.2 err=None
2026-02-19 12:27:04,755 | INFO | [291/4500 |   6.5% | 0.13 it/s] model=ollama-qwen2.5-3b-instruct task=seds_f3_C2_r500_007 family=family3_forecast rep=2 lat_total_ms=8436.6 err=None
2026-02-19 12:28:35,012 | INFO | [301/4500 |   6.7% | 0.13 it/s] model=ollama-qwen2.5-3b-instruct task=seds_f3_C2_r500_011 family=family3_forecast rep=0 lat_total_ms=9442.6 err=None
2026-02-19 12:30:05,661 | INFO | [311/4500 |   6.9% | 0.13 it/s] model=ollama-qwen2.5-3b-instruct task=seds_f3_C2_r500_014 family=family3_forecast rep=1 lat_total_ms=9118.9 err=None
2026-02-19 12:31:40,831 | INFO | [321/4500 |   7.1% | 0.13 it/s] model=ollama-qwen2.5-3b-instruct task=seds_f3_C2_r500_017 family=family3_forecast rep=2 lat_total_ms=9315.7 err=None
2026-02-19 12:33:11,691 | INFO | [331/4500 |   7.4% | 0.13 it/s] model=ollama-qwen2.5-3b-instruct task=seds_f3_C2_r500_021 family=family3_forecast rep=0 lat_total_ms=9492.3 err=None
2026-02-19 12:34:43,581 | INFO | [341/4500 |   7.6% | 0.13 it/s] model=ollama-qwen2.5-3b-instruct task=seds_f3_C2_r500_024 family=family3_forecast rep=1 lat_total_ms=9486.1 err=None
2026-02-19 12:36:20,647 | INFO | [351/4500 |   7.8% | 0.13 it/s] model=ollama-qwen2.5-3b-instruct task=seds_f3_C2_r500_027 family=family3_forecast rep=2 lat_total_ms=9860.2 err=None
2026-02-19 12:37:57,242 | INFO | [361/4500 |   8.0% | 0.13 it/s] model=ollama-qwen2.5-3b-instruct task=seds_f3_C2_r1000_001 family=family3_forecast rep=0 lat_total_ms=10993.5 err=None
2026-02-19 12:39:36,519 | INFO | [371/4500 |   8.2% | 0.12 it/s] model=ollama-qwen2.5-3b-instruct task=seds_f3_C2_r1000_004 family=family3_forecast rep=1 lat_total_ms=9944.1 err=None
2026-02-19 12:41:12,947 | INFO | [381/4500 |   8.5% | 0.12 it/s] model=ollama-qwen2.5-3b-instruct task=seds_f3_C2_r1000_007 family=family3_forecast rep=2 lat_total_ms=8705.7 err=None
2026-02-19 12:42:46,856 | INFO | [391/4500 |   8.7% | 0.12 it/s] model=ollama-qwen2.5-3b-instruct task=seds_f3_C2_r1000_011 family=family3_forecast rep=0 lat_total_ms=9433.4 err=None
2026-02-19 12:44:24,650 | INFO | [401/4500 |   8.9% | 0.12 it/s] model=ollama-qwen2.5-3b-instruct task=seds_f3_C2_r1000_014 family=family3_forecast rep=1 lat_total_ms=11504.1 err=None
2026-02-19 12:46:02,516 | INFO | [411/4500 |   9.1% | 0.12 it/s] model=ollama-qwen2.5-3b-instruct task=seds_f3_C2_r1000_017 family=family3_forecast rep=2 lat_total_ms=9779.2 err=None
2026-02-19 12:47:40,844 | INFO | [421/4500 |   9.4% | 0.12 it/s] model=ollama-qwen2.5-3b-instruct task=seds_f3_C2_r1000_021 family=family3_forecast rep=0 lat_total_ms=8658.7 err=None
2026-02-19 12:49:12,005 | INFO | [431/4500 |   9.6% | 0.12 it/s] model=ollama-qwen2.5-3b-instruct task=seds_f3_C2_r1000_024 family=family3_forecast rep=1 lat_total_ms=9297.3 err=None
2026-02-19 12:50:48,682 | INFO | [441/4500 |   9.8% | 0.12 it/s] model=ollama-qwen2.5-3b-instruct task=seds_f3_C2_r1000_027 family=family3_forecast rep=2 lat_total_ms=9569.1 err=None
2026-02-19 12:52:26,738 | INFO | [451/4500 |  10.0% | 0.12 it/s] model=ollama-qwen2.5-7b-instruct task=seds_f3_C2_r20_001 family=family3_forecast rep=0 lat_total_ms=12469.2 err=None
2026-02-19 12:53:37,330 | INFO | [461/4500 |  10.2% | 0.12 it/s] model=ollama-qwen2.5-7b-instruct task=seds_f3_C2_r20_004 family=family3_forecast rep=1 lat_total_ms=6750.8 err=None
2026-02-19 12:54:56,629 | INFO | [471/4500 |  10.5% | 0.12 it/s] model=ollama-qwen2.5-7b-instruct task=seds_f3_C2_r20_007 family=family3_forecast rep=2 lat_total_ms=7633.1 err=None
2026-02-19 12:56:15,749 | INFO | [481/4500 |  10.7% | 0.12 it/s] model=ollama-qwen2.5-7b-instruct task=seds_f3_C2_r20_011 family=family3_forecast rep=0 lat_total_ms=9896.5 err=None
2026-02-19 12:57:38,754 | INFO | [491/4500 |  10.9% | 0.12 it/s] model=ollama-qwen2.5-7b-instruct task=seds_f3_C2_r20_014 family=family3_forecast rep=1 lat_total_ms=7424.1 err=None
2026-02-19 12:59:06,359 | INFO | [501/4500 |  11.1% | 0.12 it/s] model=ollama-qwen2.5-7b-instruct task=seds_f3_C2_r20_017 family=family3_forecast rep=2 lat_total_ms=6793.9 err=None
2026-02-19 13:00:34,379 | INFO | [511/4500 |  11.4% | 0.12 it/s] model=ollama-qwen2.5-7b-instruct task=seds_f3_C2_r20_021 family=family3_forecast rep=0 lat_total_ms=10753.2 err=None
2026-02-19 13:02:02,521 | INFO | [521/4500 |  11.6% | 0.12 it/s] model=ollama-qwen2.5-7b-instruct task=seds_f3_C2_r20_024 family=family3_forecast rep=1 lat_total_ms=6837.6 err=None
2026-02-19 13:03:23,014 | INFO | [531/4500 |  11.8% | 0.12 it/s] model=ollama-qwen2.5-7b-instruct task=seds_f3_C2_r20_027 family=family3_forecast rep=2 lat_total_ms=7866.3 err=None
2026-02-19 13:05:07,538 | INFO | [541/4500 |  12.0% | 0.12 it/s] model=ollama-qwen2.5-7b-instruct task=seds_f3_C2_r100_001 family=family3_forecast rep=0 lat_total_ms=18870.9 err=None
2026-02-19 13:07:09,285 | INFO | [551/4500 |  12.2% | 0.12 it/s] model=ollama-qwen2.5-7b-instruct task=seds_f3_C2_r100_004 family=family3_forecast rep=1 lat_total_ms=11505.4 err=None
2026-02-19 13:09:14,757 | INFO | [561/4500 |  12.5% | 0.12 it/s] model=ollama-qwen2.5-7b-instruct task=seds_f3_C2_r100_007 family=family3_forecast rep=2 lat_total_ms=8214.7 err=None
2026-02-19 13:11:23,299 | INFO | [571/4500 |  12.7% | 0.12 it/s] model=ollama-qwen2.5-7b-instruct task=seds_f3_C2_r100_011 family=family3_forecast rep=0 lat_total_ms=19464.2 err=None
2026-02-19 13:13:36,758 | INFO | [581/4500 |  12.9% | 0.12 it/s] model=ollama-qwen2.5-7b-instruct task=seds_f3_C2_r100_014 family=family3_forecast rep=1 lat_total_ms=7934.2 err=None
2026-02-19 13:15:27,147 | INFO | [591/4500 |  13.1% | 0.12 it/s] model=ollama-qwen2.5-7b-instruct task=seds_f3_C2_r100_017 family=family3_forecast rep=2 lat_total_ms=8739.6 err=None
2026-02-19 13:18:00,099 | INFO | [601/4500 |  13.4% | 0.11 it/s] model=ollama-qwen2.5-7b-instruct task=seds_f3_C2_r100_021 family=family3_forecast rep=0 lat_total_ms=20582.4 err=None
2026-02-19 13:20:17,899 | INFO | [611/4500 |  13.6% | 0.11 it/s] model=ollama-qwen2.5-7b-instruct task=seds_f3_C2_r100_024 family=family3_forecast rep=1 lat_total_ms=7411.8 err=None
2026-02-19 13:22:26,047 | INFO | [621/4500 |  13.8% | 0.11 it/s] model=ollama-qwen2.5-7b-instruct task=seds_f3_C2_r100_027 family=family3_forecast rep=2 lat_total_ms=7864.7 err=None
2026-02-19 13:24:25,929 | INFO | [631/4500 |  14.0% | 0.11 it/s] model=ollama-qwen2.5-7b-instruct task=seds_f3_C2_r250_001 family=family3_forecast rep=0 lat_total_ms=20839.1 err=None
2026-02-19 13:28:18,226 | INFO | [641/4500 |  14.2% | 0.11 it/s] model=ollama-qwen2.5-7b-instruct task=seds_f3_C2_r250_004 family=family3_forecast rep=1 lat_total_ms=21761.9 err=None
2026-02-19 13:32:17,017 | INFO | [651/4500 |  14.5% | 0.11 it/s] model=ollama-qwen2.5-7b-instruct task=seds_f3_C2_r250_007 family=family3_forecast rep=2 lat_total_ms=27674.2 err=None
2026-02-19 13:35:39,285 | INFO | [661/4500 |  14.7% | 0.10 it/s] model=ollama-qwen2.5-7b-instruct task=seds_f3_C2_r250_011 family=family3_forecast rep=0 lat_total_ms=20255.9 err=None
2026-02-19 13:38:44,443 | INFO | [671/4500 |  14.9% | 0.10 it/s] model=ollama-qwen2.5-7b-instruct task=seds_f3_C2_r250_014 family=family3_forecast rep=1 lat_total_ms=18618.0 err=None
2026-02-19 13:41:45,671 | INFO | [681/4500 |  15.1% | 0.10 it/s] model=ollama-qwen2.5-7b-instruct task=seds_f3_C2_r250_017 family=family3_forecast rep=2 lat_total_ms=18704.6 err=None
2026-02-19 13:45:11,286 | INFO | [691/4500 |  15.4% | 0.10 it/s] model=ollama-qwen2.5-7b-instruct task=seds_f3_C2_r250_021 family=family3_forecast rep=0 lat_total_ms=20649.4 err=None
2026-02-19 13:48:51,011 | INFO | [701/4500 |  15.6% | 0.10 it/s] model=ollama-qwen2.5-7b-instruct task=seds_f3_C2_r250_024 family=family3_forecast rep=1 lat_total_ms=18229.9 err=None
2026-02-19 13:52:16,078 | INFO | [711/4500 |  15.8% | 0.10 it/s] model=ollama-qwen2.5-7b-instruct task=seds_f3_C2_r250_027 family=family3_forecast rep=2 lat_total_ms=19884.9 err=None
2026-02-19 13:55:37,308 | INFO | [721/4500 |  16.0% | 0.10 it/s] model=ollama-qwen2.5-7b-instruct task=seds_f3_C2_r500_001 family=family3_forecast rep=0 lat_total_ms=18665.8 err=None
2026-02-19 13:59:02,893 | INFO | [731/4500 |  16.2% | 0.09 it/s] model=ollama-qwen2.5-7b-instruct task=seds_f3_C2_r500_004 family=family3_forecast rep=1 lat_total_ms=21540.7 err=None
2026-02-19 14:02:21,686 | INFO | [741/4500 |  16.5% | 0.09 it/s] model=ollama-qwen2.5-7b-instruct task=seds_f3_C2_r500_007 family=family3_forecast rep=2 lat_total_ms=18423.5 err=None
2026-02-19 14:05:24,953 | INFO | [751/4500 |  16.7% | 0.09 it/s] model=ollama-qwen2.5-7b-instruct task=seds_f3_C2_r500_011 family=family3_forecast rep=0 lat_total_ms=19000.7 err=None
2026-02-19 14:08:51,121 | INFO | [761/4500 |  16.9% | 0.09 it/s] model=ollama-qwen2.5-7b-instruct task=seds_f3_C2_r500_014 family=family3_forecast rep=1 lat_total_ms=20928.1 err=None
2026-02-19 14:12:26,081 | INFO | [771/4500 |  17.1% | 0.09 it/s] model=ollama-qwen2.5-7b-instruct task=seds_f3_C2_r500_017 family=family3_forecast rep=2 lat_total_ms=21610.5 err=None
2026-02-19 14:15:39,862 | INFO | [781/4500 |  17.4% | 0.09 it/s] model=ollama-qwen2.5-7b-instruct task=seds_f3_C2_r500_021 family=family3_forecast rep=0 lat_total_ms=19178.7 err=None
2026-02-19 14:18:43,265 | INFO | [791/4500 |  17.6% | 0.09 it/s] model=ollama-qwen2.5-7b-instruct task=seds_f3_C2_r500_024 family=family3_forecast rep=1 lat_total_ms=17146.4 err=None
2026-02-19 14:22:03,719 | INFO | [801/4500 |  17.8% | 0.09 it/s] model=ollama-qwen2.5-7b-instruct task=seds_f3_C2_r500_027 family=family3_forecast rep=2 lat_total_ms=18199.3 err=None
2026-02-19 14:25:42,418 | INFO | [811/4500 |  18.0% | 0.09 it/s] model=ollama-qwen2.5-7b-instruct task=seds_f3_C2_r1000_001 family=family3_forecast rep=0 lat_total_ms=25847.5 err=None
2026-02-19 14:28:52,963 | INFO | [821/4500 |  18.2% | 0.09 it/s] model=ollama-qwen2.5-7b-instruct task=seds_f3_C2_r1000_004 family=family3_forecast rep=1 lat_total_ms=16789.3 err=None
2026-02-19 14:32:18,616 | INFO | [831/4500 |  18.5% | 0.09 it/s] model=ollama-qwen2.5-7b-instruct task=seds_f3_C2_r1000_007 family=family3_forecast rep=2 lat_total_ms=17455.7 err=None
2026-02-19 14:35:55,706 | INFO | [841/4500 |  18.7% | 0.08 it/s] model=ollama-qwen2.5-7b-instruct task=seds_f3_C2_r1000_011 family=family3_forecast rep=0 lat_total_ms=18685.1 err=None
2026-02-19 14:39:20,143 | INFO | [851/4500 |  18.9% | 0.08 it/s] model=ollama-qwen2.5-7b-instruct task=seds_f3_C2_r1000_014 family=family3_forecast rep=1 lat_total_ms=20159.5 err=None
2026-02-19 14:42:28,580 | INFO | [861/4500 |  19.1% | 0.08 it/s] model=ollama-qwen2.5-7b-instruct task=seds_f3_C2_r1000_017 family=family3_forecast rep=2 lat_total_ms=18075.7 err=None
2026-02-19 14:45:53,655 | INFO | [871/4500 |  19.4% | 0.08 it/s] model=ollama-qwen2.5-7b-instruct task=seds_f3_C2_r1000_021 family=family3_forecast rep=0 lat_total_ms=22468.2 err=None
2026-02-19 14:52:42,428 | INFO | [881/4500 |  19.6% | 0.08 it/s] model=ollama-qwen2.5-7b-instruct task=seds_f3_C2_r1000_024 family=family3_forecast rep=1 lat_total_ms=52829.4 err=None
2026-02-19 15:08:56,025 | INFO | [891/4500 |  19.8% | 0.08 it/s] model=ollama-qwen2.5-7b-instruct task=seds_f3_C2_r1000_027 family=family3_forecast rep=2 lat_total_ms=50662.0 err=None
2026-02-19 15:12:54,823 | INFO | [901/4500 |  20.0% | 0.08 it/s] model=ollama-mistral-7b-instruct task=seds_f3_C2_r20_001 family=family3_forecast rep=0 lat_total_ms=30376.7 err=None
2026-02-19 15:14:08,865 | INFO | [911/4500 |  20.2% | 0.08 it/s] model=ollama-mistral-7b-instruct task=seds_f3_C2_r20_004 family=family3_forecast rep=1 lat_total_ms=4147.9 err=None
2026-02-19 15:15:06,742 | INFO | [921/4500 |  20.5% | 0.08 it/s] model=ollama-mistral-7b-instruct task=seds_f3_C2_r20_007 family=family3_forecast rep=2 lat_total_ms=7340.1 err=None
2026-02-19 15:16:09,209 | INFO | [931/4500 |  20.7% | 0.08 it/s] model=ollama-mistral-7b-instruct task=seds_f3_C2_r20_011 family=family3_forecast rep=0 lat_total_ms=7849.5 err=None
2026-02-19 15:17:13,005 | INFO | [941/4500 |  20.9% | 0.08 it/s] model=ollama-mistral-7b-instruct task=seds_f3_C2_r20_014 family=family3_forecast rep=1 lat_total_ms=3509.0 err=None
2026-02-19 15:18:26,038 | INFO | [951/4500 |  21.1% | 0.08 it/s] model=ollama-mistral-7b-instruct task=seds_f3_C2_r20_017 family=family3_forecast rep=2 lat_total_ms=8756.2 err=None
2026-02-19 15:19:32,744 | INFO | [961/4500 |  21.4% | 0.08 it/s] model=ollama-mistral-7b-instruct task=seds_f3_C2_r20_021 family=family3_forecast rep=0 lat_total_ms=8516.9 err=None
2026-02-19 15:20:38,427 | INFO | [971/4500 |  21.6% | 0.08 it/s] model=ollama-mistral-7b-instruct task=seds_f3_C2_r20_024 family=family3_forecast rep=1 lat_total_ms=5845.8 err=None
2026-02-19 15:21:50,243 | INFO | [981/4500 |  21.8% | 0.08 it/s] model=ollama-mistral-7b-instruct task=seds_f3_C2_r20_027 family=family3_forecast rep=2 lat_total_ms=5682.4 err=None
2026-02-19 15:23:00,668 | INFO | [991/4500 |  22.0% | 0.08 it/s] model=ollama-mistral-7b-instruct task=seds_f3_C2_r100_001 family=family3_forecast rep=0 lat_total_ms=14347.6 err=None
2026-02-19 15:24:18,393 | INFO | [1001/4500 |  22.2% | 0.08 it/s] model=ollama-mistral-7b-instruct task=seds_f3_C2_r100_004 family=family3_forecast rep=1 lat_total_ms=5123.2 err=None
2026-02-19 15:25:39,038 | INFO | [1011/4500 |  22.5% | 0.08 it/s] model=ollama-mistral-7b-instruct task=seds_f3_C2_r100_007 family=family3_forecast rep=2 lat_total_ms=4952.6 err=None
2026-02-19 15:27:09,328 | INFO | [1021/4500 |  22.7% | 0.08 it/s] model=ollama-mistral-7b-instruct task=seds_f3_C2_r100_011 family=family3_forecast rep=0 lat_total_ms=15609.9 err=None
2026-02-19 15:29:03,933 | INFO | [1031/4500 |  22.9% | 0.08 it/s] model=ollama-mistral-7b-instruct task=seds_f3_C2_r100_014 family=family3_forecast rep=1 lat_total_ms=12321.6 err=None
2026-02-19 15:30:45,888 | INFO | [1041/4500 |  23.1% | 0.08 it/s] model=ollama-mistral-7b-instruct task=seds_f3_C2_r100_017 family=family3_forecast rep=2 lat_total_ms=5278.4 err=None
2026-02-19 15:32:33,128 | INFO | [1051/4500 |  23.4% | 0.08 it/s] model=ollama-mistral-7b-instruct task=seds_f3_C2_r100_021 family=family3_forecast rep=0 lat_total_ms=15385.5 err=None
2026-02-19 15:34:00,692 | INFO | [1061/4500 |  23.6% | 0.08 it/s] model=ollama-mistral-7b-instruct task=seds_f3_C2_r100_024 family=family3_forecast rep=1 lat_total_ms=5967.2 err=None
2026-02-19 15:35:47,693 | INFO | [1071/4500 |  23.8% | 0.08 it/s] model=ollama-mistral-7b-instruct task=seds_f3_C2_r100_027 family=family3_forecast rep=2 lat_total_ms=5413.8 err=None
2026-02-19 15:37:45,716 | INFO | [1081/4500 |  24.0% | 0.08 it/s] model=ollama-mistral-7b-instruct task=seds_f3_C2_r250_001 family=family3_forecast rep=0 lat_total_ms=26754.8 err=None
2026-02-19 15:41:35,418 | INFO | [1091/4500 |  24.2% | 0.08 it/s] model=ollama-mistral-7b-instruct task=seds_f3_C2_r250_004 family=family3_forecast rep=1 lat_total_ms=19788.4 err=None
2026-02-19 15:44:47,700 | INFO | [1101/4500 |  24.5% | 0.08 it/s] model=ollama-mistral-7b-instruct task=seds_f3_C2_r250_007 family=family3_forecast rep=2 lat_total_ms=18128.5 err=None
2026-02-19 15:48:05,409 | INFO | [1111/4500 |  24.7% | 0.08 it/s] model=ollama-mistral-7b-instruct task=seds_f3_C2_r250_011 family=family3_forecast rep=0 lat_total_ms=20519.5 err=None
2026-02-19 15:52:05,937 | INFO | [1121/4500 |  24.9% | 0.08 it/s] model=ollama-mistral-7b-instruct task=seds_f3_C2_r250_014 family=family3_forecast rep=1 lat_total_ms=28667.2 err=None
2026-02-19 15:55:42,322 | INFO | [1131/4500 |  25.1% | 0.08 it/s] model=ollama-mistral-7b-instruct task=seds_f3_C2_r250_017 family=family3_forecast rep=2 lat_total_ms=19270.7 err=None
2026-02-19 15:58:29,015 | INFO | [1141/4500 |  25.4% | 0.08 it/s] model=ollama-mistral-7b-instruct task=seds_f3_C2_r250_021 family=family3_forecast rep=0 lat_total_ms=14695.1 err=None
2026-02-19 16:01:46,613 | INFO | [1151/4500 |  25.6% | 0.08 it/s] model=ollama-mistral-7b-instruct task=seds_f3_C2_r250_024 family=family3_forecast rep=1 lat_total_ms=28639.7 err=None
2026-02-19 16:05:07,102 | INFO | [1161/4500 |  25.8% | 0.08 it/s] model=ollama-mistral-7b-instruct task=seds_f3_C2_r250_027 family=family3_forecast rep=2 lat_total_ms=18430.2 err=None
2026-02-19 16:08:33,301 | INFO | [1171/4500 |  26.0% | 0.08 it/s] model=ollama-mistral-7b-instruct task=seds_f3_C2_r500_001 family=family3_forecast rep=0 lat_total_ms=19946.9 err=None
2026-02-19 16:12:13,553 | INFO | [1181/4500 |  26.2% | 0.08 it/s] model=ollama-mistral-7b-instruct task=seds_f3_C2_r500_004 family=family3_forecast rep=1 lat_total_ms=22027.6 err=None
2026-02-19 16:16:04,778 | INFO | [1191/4500 |  26.5% | 0.08 it/s] model=ollama-mistral-7b-instruct task=seds_f3_C2_r500_007 family=family3_forecast rep=2 lat_total_ms=20983.0 err=None
2026-02-19 16:19:58,599 | INFO | [1201/4500 |  26.7% | 0.08 it/s] model=ollama-mistral-7b-instruct task=seds_f3_C2_r500_011 family=family3_forecast rep=0 lat_total_ms=20997.4 err=None
2026-02-19 16:24:00,244 | INFO | [1211/4500 |  26.9% | 0.08 it/s] model=ollama-mistral-7b-instruct task=seds_f3_C2_r500_014 family=family3_forecast rep=1 lat_total_ms=34346.9 err=None
2026-02-19 16:29:46,053 | INFO | [1221/4500 |  27.1% | 0.07 it/s] model=ollama-mistral-7b-instruct task=seds_f3_C2_r500_017 family=family3_forecast rep=2 lat_total_ms=45136.7 err=None
2026-02-19 16:53:58,387 | INFO | [1231/4500 |  27.4% | 0.07 it/s] model=ollama-mistral-7b-instruct task=seds_f3_C2_r500_021 family=family3_forecast rep=0 lat_total_ms=53420.2 err=None
2026-02-19 16:57:35,280 | INFO | [1241/4500 |  27.6% | 0.07 it/s] model=ollama-mistral-7b-instruct task=seds_f3_C2_r500_024 family=family3_forecast rep=1 lat_total_ms=15890.7 err=None
2026-02-19 17:00:45,702 | INFO | [1251/4500 |  27.8% | 0.07 it/s] model=ollama-mistral-7b-instruct task=seds_f3_C2_r500_027 family=family3_forecast rep=2 lat_total_ms=18197.0 err=None
2026-02-19 17:03:47,735 | INFO | [1261/4500 |  28.0% | 0.07 it/s] model=ollama-mistral-7b-instruct task=seds_f3_C2_r1000_001 family=family3_forecast rep=0 lat_total_ms=21769.4 err=None
2026-02-19 17:07:52,977 | INFO | [1271/4500 |  28.2% | 0.07 it/s] model=ollama-mistral-7b-instruct task=seds_f3_C2_r1000_004 family=family3_forecast rep=1 lat_total_ms=19283.2 err=None
2026-02-19 17:11:06,743 | INFO | [1281/4500 |  28.5% | 0.07 it/s] model=ollama-mistral-7b-instruct task=seds_f3_C2_r1000_007 family=family3_forecast rep=2 lat_total_ms=19695.5 err=None
2026-02-19 17:14:39,438 | INFO | [1291/4500 |  28.7% | 0.07 it/s] model=ollama-mistral-7b-instruct task=seds_f3_C2_r1000_011 family=family3_forecast rep=0 lat_total_ms=24870.2 err=None
2026-02-19 17:18:21,496 | INFO | [1301/4500 |  28.9% | 0.07 it/s] model=ollama-mistral-7b-instruct task=seds_f3_C2_r1000_014 family=family3_forecast rep=1 lat_total_ms=28809.3 err=None
2026-02-19 17:21:57,176 | INFO | [1311/4500 |  29.1% | 0.07 it/s] model=ollama-mistral-7b-instruct task=seds_f3_C2_r1000_017 family=family3_forecast rep=2 lat_total_ms=17942.8 err=None
2026-02-19 17:25:17,092 | INFO | [1321/4500 |  29.4% | 0.07 it/s] model=ollama-mistral-7b-instruct task=seds_f3_C2_r1000_021 family=family3_forecast rep=0 lat_total_ms=22884.9 err=None
2026-02-19 17:28:58,472 | INFO | [1331/4500 |  29.6% | 0.07 it/s] model=ollama-mistral-7b-instruct task=seds_f3_C2_r1000_024 family=family3_forecast rep=1 lat_total_ms=25583.0 err=None
2026-02-19 17:32:55,749 | INFO | [1341/4500 |  29.8% | 0.07 it/s] model=ollama-mistral-7b-instruct task=seds_f3_C2_r1000_027 family=family3_forecast rep=2 lat_total_ms=28646.4 err=None
2026-02-19 17:36:11,089 | INFO | [1351/4500 |  30.0% | 0.07 it/s] model=ollama-llama3-latest task=seds_f3_C2_r20_001 family=family3_forecast rep=0 lat_total_ms=10416.5 err=None
2026-02-19 17:40:17,448 | INFO | [1361/4500 |  30.2% | 0.07 it/s] model=ollama-llama3-latest task=seds_f3_C2_r20_004 family=family3_forecast rep=1 lat_total_ms=2862.0 err=None
2026-02-19 18:01:07,490 | INFO | [1371/4500 |  30.5% | 0.07 it/s] model=ollama-llama3-latest task=seds_f3_C2_r20_007 family=family3_forecast rep=2 lat_total_ms=3478.4 err=None
2026-02-19 18:01:52,970 | INFO | [1381/4500 |  30.7% | 0.07 it/s] model=ollama-llama3-latest task=seds_f3_C2_r20_011 family=family3_forecast rep=0 lat_total_ms=5644.3 err=None
2026-02-19 18:02:39,661 | INFO | [1391/4500 |  30.9% | 0.07 it/s] model=ollama-llama3-latest task=seds_f3_C2_r20_014 family=family3_forecast rep=1 lat_total_ms=4313.4 err=None
2026-02-19 18:03:28,455 | INFO | [1401/4500 |  31.1% | 0.07 it/s] model=ollama-llama3-latest task=seds_f3_C2_r20_017 family=family3_forecast rep=2 lat_total_ms=4479.4 err=None
2026-02-19 18:04:13,659 | INFO | [1411/4500 |  31.4% | 0.07 it/s] model=ollama-llama3-latest task=seds_f3_C2_r20_021 family=family3_forecast rep=0 lat_total_ms=4987.1 err=None
2026-02-19 18:04:52,408 | INFO | [1421/4500 |  31.6% | 0.07 it/s] model=ollama-llama3-latest task=seds_f3_C2_r20_024 family=family3_forecast rep=1 lat_total_ms=3471.7 err=None
2026-02-19 18:05:33,732 | INFO | [1431/4500 |  31.8% | 0.07 it/s] model=ollama-llama3-latest task=seds_f3_C2_r20_027 family=family3_forecast rep=2 lat_total_ms=2993.1 err=None
2026-02-19 18:06:24,584 | INFO | [1441/4500 |  32.0% | 0.07 it/s] model=ollama-llama3-latest task=seds_f3_C2_r100_001 family=family3_forecast rep=0 lat_total_ms=10989.2 err=None
2026-02-19 18:07:31,183 | INFO | [1451/4500 |  32.2% | 0.07 it/s] model=ollama-llama3-latest task=seds_f3_C2_r100_004 family=family3_forecast rep=1 lat_total_ms=4420.9 err=None
2026-02-19 18:08:23,562 | INFO | [1461/4500 |  32.5% | 0.07 it/s] model=ollama-llama3-latest task=seds_f3_C2_r100_007 family=family3_forecast rep=2 lat_total_ms=3907.7 err=None
2026-02-19 18:09:40,472 | INFO | [1471/4500 |  32.7% | 0.07 it/s] model=ollama-llama3-latest task=seds_f3_C2_r100_011 family=family3_forecast rep=0 lat_total_ms=8279.7 err=None
2026-02-19 18:10:44,319 | INFO | [1481/4500 |  32.9% | 0.07 it/s] model=ollama-llama3-latest task=seds_f3_C2_r100_014 family=family3_forecast rep=1 lat_total_ms=5023.5 err=None
2026-02-19 18:11:33,041 | INFO | [1491/4500 |  33.1% | 0.07 it/s] model=ollama-llama3-latest task=seds_f3_C2_r100_017 family=family3_forecast rep=2 lat_total_ms=2992.6 err=None
2026-02-19 18:12:47,152 | INFO | [1501/4500 |  33.4% | 0.07 it/s] model=ollama-llama3-latest task=seds_f3_C2_r100_021 family=family3_forecast rep=0 lat_total_ms=8846.7 err=None
2026-02-19 18:13:42,616 | INFO | [1511/4500 |  33.6% | 0.07 it/s] model=ollama-llama3-latest task=seds_f3_C2_r100_024 family=family3_forecast rep=1 lat_total_ms=2666.3 err=None
2026-02-19 18:14:32,278 | INFO | [1521/4500 |  33.8% | 0.07 it/s] model=ollama-llama3-latest task=seds_f3_C2_r100_027 family=family3_forecast rep=2 lat_total_ms=2965.4 err=None
2026-02-19 18:15:42,745 | INFO | [1531/4500 |  34.0% | 0.07 it/s] model=ollama-llama3-latest task=seds_f3_C2_r250_001 family=family3_forecast rep=0 lat_total_ms=14305.0 err=None
2026-02-19 18:18:10,854 | INFO | [1541/4500 |  34.2% | 0.07 it/s] model=ollama-llama3-latest task=seds_f3_C2_r250_004 family=family3_forecast rep=1 lat_total_ms=15768.7 err=None
2026-02-19 18:20:47,646 | INFO | [1551/4500 |  34.5% | 0.07 it/s] model=ollama-llama3-latest task=seds_f3_C2_r250_007 family=family3_forecast rep=2 lat_total_ms=15264.3 err=None
2026-02-19 18:23:41,228 | INFO | [1561/4500 |  34.7% | 0.07 it/s] model=ollama-llama3-latest task=seds_f3_C2_r250_011 family=family3_forecast rep=0 lat_total_ms=18375.0 err=None
2026-02-19 18:26:24,958 | INFO | [1571/4500 |  34.9% | 0.07 it/s] model=ollama-llama3-latest task=seds_f3_C2_r250_014 family=family3_forecast rep=1 lat_total_ms=16058.7 err=None
2026-02-19 18:29:08,417 | INFO | [1581/4500 |  35.1% | 0.07 it/s] model=ollama-llama3-latest task=seds_f3_C2_r250_017 family=family3_forecast rep=2 lat_total_ms=16148.1 err=None
2026-02-19 18:31:46,367 | INFO | [1591/4500 |  35.4% | 0.07 it/s] model=ollama-llama3-latest task=seds_f3_C2_r250_021 family=family3_forecast rep=0 lat_total_ms=15884.5 err=None
2026-02-19 18:34:28,678 | INFO | [1601/4500 |  35.6% | 0.07 it/s] model=ollama-llama3-latest task=seds_f3_C2_r250_024 family=family3_forecast rep=1 lat_total_ms=16574.4 err=None
2026-02-19 18:37:18,622 | INFO | [1611/4500 |  35.8% | 0.07 it/s] model=ollama-llama3-latest task=seds_f3_C2_r250_027 family=family3_forecast rep=2 lat_total_ms=21150.6 err=None
2026-02-19 18:40:03,514 | INFO | [1621/4500 |  36.0% | 0.07 it/s] model=ollama-llama3-latest task=seds_f3_C2_r500_001 family=family3_forecast rep=0 lat_total_ms=16247.9 err=None
2026-02-19 18:42:49,955 | INFO | [1631/4500 |  36.2% | 0.07 it/s] model=ollama-llama3-latest task=seds_f3_C2_r500_004 family=family3_forecast rep=1 lat_total_ms=16909.0 err=None
2026-02-19 18:45:53,639 | INFO | [1641/4500 |  36.5% | 0.07 it/s] model=ollama-llama3-latest task=seds_f3_C2_r500_007 family=family3_forecast rep=2 lat_total_ms=23422.0 err=None
2026-02-19 18:48:36,821 | INFO | [1651/4500 |  36.7% | 0.07 it/s] model=ollama-llama3-latest task=seds_f3_C2_r500_011 family=family3_forecast rep=0 lat_total_ms=16651.8 err=None
2026-02-19 18:51:25,741 | INFO | [1661/4500 |  36.9% | 0.07 it/s] model=ollama-llama3-latest task=seds_f3_C2_r500_014 family=family3_forecast rep=1 lat_total_ms=21839.1 err=None
2026-02-19 18:54:10,950 | INFO | [1671/4500 |  37.1% | 0.07 it/s] model=ollama-llama3-latest task=seds_f3_C2_r500_017 family=family3_forecast rep=2 lat_total_ms=15742.0 err=None
2026-02-19 18:56:55,084 | INFO | [1681/4500 |  37.4% | 0.07 it/s] model=ollama-llama3-latest task=seds_f3_C2_r500_021 family=family3_forecast rep=0 lat_total_ms=19925.8 err=None
2026-02-19 18:59:43,864 | INFO | [1691/4500 |  37.6% | 0.07 it/s] model=ollama-llama3-latest task=seds_f3_C2_r500_024 family=family3_forecast rep=1 lat_total_ms=15656.3 err=None
2026-02-19 19:02:35,770 | INFO | [1701/4500 |  37.8% | 0.07 it/s] model=ollama-llama3-latest task=seds_f3_C2_r500_027 family=family3_forecast rep=2 lat_total_ms=15953.0 err=None
2026-02-19 19:05:18,394 | INFO | [1711/4500 |  38.0% | 0.07 it/s] model=ollama-llama3-latest task=seds_f3_C2_r1000_001 family=family3_forecast rep=0 lat_total_ms=16042.3 err=None
2026-02-19 19:08:03,927 | INFO | [1721/4500 |  38.2% | 0.07 it/s] model=ollama-llama3-latest task=seds_f3_C2_r1000_004 family=family3_forecast rep=1 lat_total_ms=16639.3 err=None
2026-02-19 19:10:53,293 | INFO | [1731/4500 |  38.5% | 0.07 it/s] model=ollama-llama3-latest task=seds_f3_C2_r1000_007 family=family3_forecast rep=2 lat_total_ms=16750.2 err=None
2026-02-19 19:13:40,537 | INFO | [1741/4500 |  38.7% | 0.07 it/s] model=ollama-llama3-latest task=seds_f3_C2_r1000_011 family=family3_forecast rep=0 lat_total_ms=15962.0 err=None
2026-02-19 19:16:25,776 | INFO | [1751/4500 |  38.9% | 0.07 it/s] model=ollama-llama3-latest task=seds_f3_C2_r1000_014 family=family3_forecast rep=1 lat_total_ms=16327.3 err=None
2026-02-19 19:19:21,729 | INFO | [1761/4500 |  39.1% | 0.07 it/s] model=ollama-llama3-latest task=seds_f3_C2_r1000_017 family=family3_forecast rep=2 lat_total_ms=18171.4 err=None
2026-02-19 19:22:07,723 | INFO | [1771/4500 |  39.4% | 0.07 it/s] model=ollama-llama3-latest task=seds_f3_C2_r1000_021 family=family3_forecast rep=0 lat_total_ms=16029.3 err=None
2026-02-19 19:24:53,804 | INFO | [1781/4500 |  39.6% | 0.07 it/s] model=ollama-llama3-latest task=seds_f3_C2_r1000_024 family=family3_forecast rep=1 lat_total_ms=16328.8 err=None
2026-02-19 19:27:55,764 | INFO | [1791/4500 |  39.8% | 0.07 it/s] model=ollama-llama3-latest task=seds_f3_C2_r1000_027 family=family3_forecast rep=2 lat_total_ms=16737.1 err=None
2026-02-19 19:30:44,515 | INFO | [1801/4500 |  40.0% | 0.07 it/s] model=ollama-mistral-latest task=seds_f3_C2_r20_001 family=family3_forecast rep=0 lat_total_ms=11590.2 err=None
2026-02-19 19:32:12,325 | INFO | [1811/4500 |  40.2% | 0.07 it/s] model=ollama-mistral-latest task=seds_f3_C2_r20_004 family=family3_forecast rep=1 lat_total_ms=4850.8 err=None
2026-02-19 19:33:20,969 | INFO | [1821/4500 |  40.5% | 0.07 it/s] model=ollama-mistral-latest task=seds_f3_C2_r20_007 family=family3_forecast rep=2 lat_total_ms=8554.8 err=None
2026-02-19 19:34:35,282 | INFO | [1831/4500 |  40.7% | 0.07 it/s] model=ollama-mistral-latest task=seds_f3_C2_r20_011 family=family3_forecast rep=0 lat_total_ms=9478.9 err=None
2026-02-19 19:35:49,015 | INFO | [1841/4500 |  40.9% | 0.07 it/s] model=ollama-mistral-latest task=seds_f3_C2_r20_014 family=family3_forecast rep=1 lat_total_ms=3957.9 err=None
2026-02-19 19:37:12,862 | INFO | [1851/4500 |  41.1% | 0.07 it/s] model=ollama-mistral-latest task=seds_f3_C2_r20_017 family=family3_forecast rep=2 lat_total_ms=10042.4 err=None
2026-02-19 19:38:29,666 | INFO | [1861/4500 |  41.4% | 0.07 it/s] model=ollama-mistral-latest task=seds_f3_C2_r20_021 family=family3_forecast rep=0 lat_total_ms=9932.7 err=None
2026-02-19 19:39:43,955 | INFO | [1871/4500 |  41.6% | 0.07 it/s] model=ollama-mistral-latest task=seds_f3_C2_r20_024 family=family3_forecast rep=1 lat_total_ms=6450.2 err=None
2026-02-19 19:41:03,057 | INFO | [1881/4500 |  41.8% | 0.07 it/s] model=ollama-mistral-latest task=seds_f3_C2_r20_027 family=family3_forecast rep=2 lat_total_ms=6269.6 err=None
2026-02-19 19:42:21,480 | INFO | [1891/4500 |  42.0% | 0.07 it/s] model=ollama-mistral-latest task=seds_f3_C2_r100_001 family=family3_forecast rep=0 lat_total_ms=15981.7 err=None
2026-02-19 19:43:45,602 | INFO | [1901/4500 |  42.2% | 0.07 it/s] model=ollama-mistral-latest task=seds_f3_C2_r100_004 family=family3_forecast rep=1 lat_total_ms=5514.8 err=None
2026-02-19 19:45:12,911 | INFO | [1911/4500 |  42.5% | 0.07 it/s] model=ollama-mistral-latest task=seds_f3_C2_r100_007 family=family3_forecast rep=2 lat_total_ms=5124.6 err=None
2026-02-19 19:46:43,576 | INFO | [1921/4500 |  42.7% | 0.07 it/s] model=ollama-mistral-latest task=seds_f3_C2_r100_011 family=family3_forecast rep=0 lat_total_ms=15087.0 err=None
2026-02-19 19:48:37,908 | INFO | [1931/4500 |  42.9% | 0.07 it/s] model=ollama-mistral-latest task=seds_f3_C2_r100_014 family=family3_forecast rep=1 lat_total_ms=12457.0 err=None
2026-02-19 19:50:20,736 | INFO | [1941/4500 |  43.1% | 0.07 it/s] model=ollama-mistral-latest task=seds_f3_C2_r100_017 family=family3_forecast rep=2 lat_total_ms=5384.8 err=None
2026-02-19 19:52:05,580 | INFO | [1951/4500 |  43.4% | 0.07 it/s] model=ollama-mistral-latest task=seds_f3_C2_r100_021 family=family3_forecast rep=0 lat_total_ms=14587.7 err=None
2026-02-19 19:53:30,473 | INFO | [1961/4500 |  43.6% | 0.07 it/s] model=ollama-mistral-latest task=seds_f3_C2_r100_024 family=family3_forecast rep=1 lat_total_ms=5827.2 err=None
2026-02-19 19:55:11,976 | INFO | [1971/4500 |  43.8% | 0.07 it/s] model=ollama-mistral-latest task=seds_f3_C2_r100_027 family=family3_forecast rep=2 lat_total_ms=5178.8 err=None
2026-02-19 19:57:02,409 | INFO | [1981/4500 |  44.0% | 0.07 it/s] model=ollama-mistral-latest task=seds_f3_C2_r250_001 family=family3_forecast rep=0 lat_total_ms=24846.8 err=None
2026-02-19 20:00:46,375 | INFO | [1991/4500 |  44.2% | 0.07 it/s] model=ollama-mistral-latest task=seds_f3_C2_r250_004 family=family3_forecast rep=1 lat_total_ms=19095.1 err=None
2026-02-19 20:03:47,529 | INFO | [2001/4500 |  44.5% | 0.07 it/s] model=ollama-mistral-latest task=seds_f3_C2_r250_007 family=family3_forecast rep=2 lat_total_ms=17295.2 err=None
2026-02-19 20:06:52,700 | INFO | [2011/4500 |  44.7% | 0.07 it/s] model=ollama-mistral-latest task=seds_f3_C2_r250_011 family=family3_forecast rep=0 lat_total_ms=19156.9 err=None
2026-02-19 20:10:29,357 | INFO | [2021/4500 |  44.9% | 0.07 it/s] model=ollama-mistral-latest task=seds_f3_C2_r250_014 family=family3_forecast rep=1 lat_total_ms=25743.9 err=None
2026-02-19 20:13:51,853 | INFO | [2031/4500 |  45.1% | 0.07 it/s] model=ollama-mistral-latest task=seds_f3_C2_r250_017 family=family3_forecast rep=2 lat_total_ms=19667.4 err=None
2026-02-19 20:16:56,117 | INFO | [2041/4500 |  45.4% | 0.07 it/s] model=ollama-mistral-latest task=seds_f3_C2_r250_021 family=family3_forecast rep=0 lat_total_ms=15834.5 err=None
2026-02-19 20:20:17,314 | INFO | [2051/4500 |  45.6% | 0.07 it/s] model=ollama-mistral-latest task=seds_f3_C2_r250_024 family=family3_forecast rep=1 lat_total_ms=28575.2 err=None
2026-02-19 20:23:34,145 | INFO | [2061/4500 |  45.8% | 0.07 it/s] model=ollama-mistral-latest task=seds_f3_C2_r250_027 family=family3_forecast rep=2 lat_total_ms=17931.1 err=None
2026-02-19 20:26:53,919 | INFO | [2071/4500 |  46.0% | 0.07 it/s] model=ollama-mistral-latest task=seds_f3_C2_r500_001 family=family3_forecast rep=0 lat_total_ms=18919.4 err=None
2026-02-19 20:29:57,915 | INFO | [2081/4500 |  46.2% | 0.07 it/s] model=ollama-mistral-latest task=seds_f3_C2_r500_004 family=family3_forecast rep=1 lat_total_ms=17801.7 err=None
2026-02-19 20:33:15,690 | INFO | [2091/4500 |  46.5% | 0.07 it/s] model=ollama-mistral-latest task=seds_f3_C2_r500_007 family=family3_forecast rep=2 lat_total_ms=18167.7 err=None
2026-02-19 20:36:36,606 | INFO | [2101/4500 |  46.7% | 0.07 it/s] model=ollama-mistral-latest task=seds_f3_C2_r500_011 family=family3_forecast rep=0 lat_total_ms=17496.5 err=None
2026-02-19 20:39:54,984 | INFO | [2111/4500 |  46.9% | 0.07 it/s] model=ollama-mistral-latest task=seds_f3_C2_r500_014 family=family3_forecast rep=1 lat_total_ms=28315.5 err=None
2026-02-19 20:43:06,474 | INFO | [2121/4500 |  47.1% | 0.07 it/s] model=ollama-mistral-latest task=seds_f3_C2_r500_017 family=family3_forecast rep=2 lat_total_ms=18486.0 err=None
2026-02-19 20:46:32,626 | INFO | [2131/4500 |  47.4% | 0.07 it/s] model=ollama-mistral-latest task=seds_f3_C2_r500_021 family=family3_forecast rep=0 lat_total_ms=19303.3 err=None
2026-02-19 20:49:46,191 | INFO | [2141/4500 |  47.6% | 0.07 it/s] model=ollama-mistral-latest task=seds_f3_C2_r500_024 family=family3_forecast rep=1 lat_total_ms=18369.2 err=None
2026-02-19 20:53:13,550 | INFO | [2151/4500 |  47.8% | 0.07 it/s] model=ollama-mistral-latest task=seds_f3_C2_r500_027 family=family3_forecast rep=2 lat_total_ms=19813.9 err=None
2026-02-19 20:56:15,391 | INFO | [2161/4500 |  48.0% | 0.07 it/s] model=ollama-mistral-latest task=seds_f3_C2_r1000_001 family=family3_forecast rep=0 lat_total_ms=20867.4 err=None
2026-02-19 21:00:12,282 | INFO | [2171/4500 |  48.2% | 0.07 it/s] model=ollama-mistral-latest task=seds_f3_C2_r1000_004 family=family3_forecast rep=1 lat_total_ms=18261.2 err=None
2026-02-19 21:03:12,468 | INFO | [2181/4500 |  48.5% | 0.07 it/s] model=ollama-mistral-latest task=seds_f3_C2_r1000_007 family=family3_forecast rep=2 lat_total_ms=18017.6 err=None
2026-02-19 21:06:29,336 | INFO | [2191/4500 |  48.7% | 0.07 it/s] model=ollama-mistral-latest task=seds_f3_C2_r1000_011 family=family3_forecast rep=0 lat_total_ms=23153.4 err=None
2026-02-19 21:09:57,297 | INFO | [2201/4500 |  48.9% | 0.07 it/s] model=ollama-mistral-latest task=seds_f3_C2_r1000_014 family=family3_forecast rep=1 lat_total_ms=26804.7 err=None
2026-02-19 21:13:23,870 | INFO | [2211/4500 |  49.1% | 0.07 it/s] model=ollama-mistral-latest task=seds_f3_C2_r1000_017 family=family3_forecast rep=2 lat_total_ms=17543.3 err=None
2026-02-19 21:16:33,049 | INFO | [2221/4500 |  49.4% | 0.07 it/s] model=ollama-mistral-latest task=seds_f3_C2_r1000_021 family=family3_forecast rep=0 lat_total_ms=20820.6 err=None
2026-02-19 21:20:01,566 | INFO | [2231/4500 |  49.6% | 0.07 it/s] model=ollama-mistral-latest task=seds_f3_C2_r1000_024 family=family3_forecast rep=1 lat_total_ms=23512.8 err=None
2026-02-19 21:23:41,445 | INFO | [2241/4500 |  49.8% | 0.07 it/s] model=ollama-mistral-latest task=seds_f3_C2_r1000_027 family=family3_forecast rep=2 lat_total_ms=27059.3 err=None
2026-02-19 21:26:40,347 | INFO | [2251/4500 |  50.0% | 0.07 it/s] model=ollama-gemma-latest task=seds_f3_C2_r20_001 family=family3_forecast rep=0 lat_total_ms=7805.0 err=None
2026-02-19 21:27:16,273 | INFO | [2261/4500 |  50.2% | 0.07 it/s] model=ollama-gemma-latest task=seds_f3_C2_r20_004 family=family3_forecast rep=1 lat_total_ms=2949.9 err=None
2026-02-19 21:27:53,554 | INFO | [2271/4500 |  50.5% | 0.07 it/s] model=ollama-gemma-latest task=seds_f3_C2_r20_007 family=family3_forecast rep=2 lat_total_ms=2688.2 err=None
2026-02-19 21:28:39,030 | INFO | [2281/4500 |  50.7% | 0.07 it/s] model=ollama-gemma-latest task=seds_f3_C2_r20_011 family=family3_forecast rep=0 lat_total_ms=5552.0 err=None
2026-02-19 21:29:16,480 | INFO | [2291/4500 |  50.9% | 0.07 it/s] model=ollama-gemma-latest task=seds_f3_C2_r20_014 family=family3_forecast rep=1 lat_total_ms=2853.6 err=None
2026-02-19 21:29:55,255 | INFO | [2301/4500 |  51.1% | 0.07 it/s] model=ollama-gemma-latest task=seds_f3_C2_r20_017 family=family3_forecast rep=2 lat_total_ms=3295.6 err=None
2026-02-19 21:30:37,763 | INFO | [2311/4500 |  51.4% | 0.07 it/s] model=ollama-gemma-latest task=seds_f3_C2_r20_021 family=family3_forecast rep=0 lat_total_ms=5160.2 err=None
2026-02-19 21:31:17,928 | INFO | [2321/4500 |  51.6% | 0.07 it/s] model=ollama-gemma-latest task=seds_f3_C2_r20_024 family=family3_forecast rep=1 lat_total_ms=2817.1 err=None
2026-02-19 21:32:01,802 | INFO | [2331/4500 |  51.8% | 0.07 it/s] model=ollama-gemma-latest task=seds_f3_C2_r20_027 family=family3_forecast rep=2 lat_total_ms=2753.4 err=None
2026-02-19 21:32:58,585 | INFO | [2341/4500 |  52.0% | 0.07 it/s] model=ollama-gemma-latest task=seds_f3_C2_r100_001 family=family3_forecast rep=0 lat_total_ms=15074.6 err=None
2026-02-19 21:34:25,623 | INFO | [2351/4500 |  52.2% | 0.07 it/s] model=ollama-gemma-latest task=seds_f3_C2_r100_004 family=family3_forecast rep=1 lat_total_ms=5983.5 err=None
2026-02-19 21:35:39,552 | INFO | [2361/4500 |  52.5% | 0.07 it/s] model=ollama-gemma-latest task=seds_f3_C2_r100_007 family=family3_forecast rep=2 lat_total_ms=7204.7 err=None
2026-02-19 21:36:55,658 | INFO | [2371/4500 |  52.7% | 0.07 it/s] model=ollama-gemma-latest task=seds_f3_C2_r100_011 family=family3_forecast rep=0 lat_total_ms=15494.1 err=None
2026-02-19 21:38:17,045 | INFO | [2381/4500 |  52.9% | 0.07 it/s] model=ollama-gemma-latest task=seds_f3_C2_r100_014 family=family3_forecast rep=1 lat_total_ms=6602.3 err=None
2026-02-19 21:39:22,615 | INFO | [2391/4500 |  53.1% | 0.07 it/s] model=ollama-gemma-latest task=seds_f3_C2_r100_017 family=family3_forecast rep=2 lat_total_ms=3034.7 err=None
2026-02-19 21:40:54,693 | INFO | [2401/4500 |  53.4% | 0.07 it/s] model=ollama-gemma-latest task=seds_f3_C2_r100_021 family=family3_forecast rep=0 lat_total_ms=13480.3 err=None
2026-02-19 21:42:05,375 | INFO | [2411/4500 |  53.6% | 0.07 it/s] model=ollama-gemma-latest task=seds_f3_C2_r100_024 family=family3_forecast rep=1 lat_total_ms=2841.5 err=None
2026-02-19 21:43:30,129 | INFO | [2421/4500 |  53.8% | 0.07 it/s] model=ollama-gemma-latest task=seds_f3_C2_r100_027 family=family3_forecast rep=2 lat_total_ms=6726.3 err=None
2026-02-19 21:44:48,237 | INFO | [2431/4500 |  54.0% | 0.07 it/s] model=ollama-gemma-latest task=seds_f3_C2_r250_001 family=family3_forecast rep=0 lat_total_ms=15363.1 err=None
2026-02-19 21:47:30,036 | INFO | [2441/4500 |  54.2% | 0.07 it/s] model=ollama-gemma-latest task=seds_f3_C2_r250_004 family=family3_forecast rep=1 lat_total_ms=18091.9 err=None
2026-02-19 21:50:13,674 | INFO | [2451/4500 |  54.5% | 0.07 it/s] model=ollama-gemma-latest task=seds_f3_C2_r250_007 family=family3_forecast rep=2 lat_total_ms=16173.5 err=None
2026-02-19 21:53:03,231 | INFO | [2461/4500 |  54.7% | 0.07 it/s] model=ollama-gemma-latest task=seds_f3_C2_r250_011 family=family3_forecast rep=0 lat_total_ms=15731.9 err=None
2026-02-19 21:55:45,918 | INFO | [2471/4500 |  54.9% | 0.07 it/s] model=ollama-gemma-latest task=seds_f3_C2_r250_014 family=family3_forecast rep=1 lat_total_ms=16005.7 err=None
2026-02-19 21:58:25,891 | INFO | [2481/4500 |  55.1% | 0.07 it/s] model=ollama-gemma-latest task=seds_f3_C2_r250_017 family=family3_forecast rep=2 lat_total_ms=15642.0 err=None
2026-02-19 22:01:13,307 | INFO | [2491/4500 |  55.4% | 0.07 it/s] model=ollama-gemma-latest task=seds_f3_C2_r250_021 family=family3_forecast rep=0 lat_total_ms=20104.0 err=None
2026-02-19 22:04:01,338 | INFO | [2501/4500 |  55.6% | 0.07 it/s] model=ollama-gemma-latest task=seds_f3_C2_r250_024 family=family3_forecast rep=1 lat_total_ms=15737.9 err=None
2026-02-19 22:06:52,199 | INFO | [2511/4500 |  55.8% | 0.07 it/s] model=ollama-gemma-latest task=seds_f3_C2_r250_027 family=family3_forecast rep=2 lat_total_ms=15556.1 err=None
2026-02-19 22:09:38,744 | INFO | [2521/4500 |  56.0% | 0.07 it/s] model=ollama-gemma-latest task=seds_f3_C2_r500_001 family=family3_forecast rep=0 lat_total_ms=16720.0 err=None
2026-02-19 22:12:27,636 | INFO | [2531/4500 |  56.2% | 0.07 it/s] model=ollama-gemma-latest task=seds_f3_C2_r500_004 family=family3_forecast rep=1 lat_total_ms=16743.9 err=None
2026-02-19 22:15:10,612 | INFO | [2541/4500 |  56.5% | 0.07 it/s] model=ollama-gemma-latest task=seds_f3_C2_r500_007 family=family3_forecast rep=2 lat_total_ms=17017.2 err=None
2026-02-19 22:18:05,563 | INFO | [2551/4500 |  56.7% | 0.07 it/s] model=ollama-gemma-latest task=seds_f3_C2_r500_011 family=family3_forecast rep=0 lat_total_ms=16472.6 err=None
2026-02-19 22:20:53,771 | INFO | [2561/4500 |  56.9% | 0.07 it/s] model=ollama-gemma-latest task=seds_f3_C2_r500_014 family=family3_forecast rep=1 lat_total_ms=17381.7 err=None
2026-02-19 22:23:45,955 | INFO | [2571/4500 |  57.1% | 0.07 it/s] model=ollama-gemma-latest task=seds_f3_C2_r500_017 family=family3_forecast rep=2 lat_total_ms=16792.8 err=None
2026-02-19 22:26:37,527 | INFO | [2581/4500 |  57.4% | 0.07 it/s] model=ollama-gemma-latest task=seds_f3_C2_r500_021 family=family3_forecast rep=0 lat_total_ms=17483.2 err=None
2026-02-19 22:29:36,182 | INFO | [2591/4500 |  57.6% | 0.07 it/s] model=ollama-gemma-latest task=seds_f3_C2_r500_024 family=family3_forecast rep=1 lat_total_ms=19072.5 err=None
2026-02-19 22:32:45,248 | INFO | [2601/4500 |  57.8% | 0.07 it/s] model=ollama-gemma-latest task=seds_f3_C2_r500_027 family=family3_forecast rep=2 lat_total_ms=17195.5 err=None
2026-02-19 22:35:38,629 | INFO | [2611/4500 |  58.0% | 0.07 it/s] model=ollama-gemma-latest task=seds_f3_C2_r1000_001 family=family3_forecast rep=0 lat_total_ms=17008.6 err=None
2026-02-19 22:38:25,101 | INFO | [2621/4500 |  58.2% | 0.07 it/s] model=ollama-gemma-latest task=seds_f3_C2_r1000_004 family=family3_forecast rep=1 lat_total_ms=17043.9 err=None
2026-02-19 22:41:17,894 | INFO | [2631/4500 |  58.5% | 0.07 it/s] model=ollama-gemma-latest task=seds_f3_C2_r1000_007 family=family3_forecast rep=2 lat_total_ms=18266.4 err=None
2026-02-19 22:44:23,364 | INFO | [2641/4500 |  58.7% | 0.07 it/s] model=ollama-gemma-latest task=seds_f3_C2_r1000_011 family=family3_forecast rep=0 lat_total_ms=19495.1 err=None
2026-02-19 22:47:23,260 | INFO | [2651/4500 |  58.9% | 0.07 it/s] model=ollama-gemma-latest task=seds_f3_C2_r1000_014 family=family3_forecast rep=1 lat_total_ms=18143.9 err=None
2026-02-19 22:50:33,023 | INFO | [2661/4500 |  59.1% | 0.07 it/s] model=ollama-gemma-latest task=seds_f3_C2_r1000_017 family=family3_forecast rep=2 lat_total_ms=19497.6 err=None
2026-02-19 22:53:32,353 | INFO | [2671/4500 |  59.4% | 0.07 it/s] model=ollama-gemma-latest task=seds_f3_C2_r1000_021 family=family3_forecast rep=0 lat_total_ms=17123.7 err=None
2026-02-19 22:56:30,226 | INFO | [2681/4500 |  59.6% | 0.07 it/s] model=ollama-gemma-latest task=seds_f3_C2_r1000_024 family=family3_forecast rep=1 lat_total_ms=18417.5 err=None
2026-02-19 22:59:32,359 | INFO | [2691/4500 |  59.8% | 0.07 it/s] model=ollama-gemma-latest task=seds_f3_C2_r1000_027 family=family3_forecast rep=2 lat_total_ms=15958.7 err=None
2026-02-19 23:02:10,852 | INFO | [2701/4500 |  60.0% | 0.07 it/s] model=ollama-deepseek-coder-latest task=seds_f3_C2_r20_001 family=family3_forecast rep=0 lat_total_ms=4330.7 err=None
2026-02-19 23:02:37,547 | INFO | [2711/4500 |  60.2% | 0.07 it/s] model=ollama-deepseek-coder-latest task=seds_f3_C2_r20_004 family=family3_forecast rep=1 lat_total_ms=721.7 err=None
2026-02-19 23:02:55,555 | INFO | [2721/4500 |  60.5% | 0.07 it/s] model=ollama-deepseek-coder-latest task=seds_f3_C2_r20_007 family=family3_forecast rep=2 lat_total_ms=1232.7 err=None
2026-02-19 23:03:23,516 | INFO | [2731/4500 |  60.7% | 0.07 it/s] model=ollama-deepseek-coder-latest task=seds_f3_C2_r20_011 family=family3_forecast rep=0 lat_total_ms=2797.9 err=None
2026-02-19 23:03:46,617 | INFO | [2741/4500 |  60.9% | 0.07 it/s] model=ollama-deepseek-coder-latest task=seds_f3_C2_r20_014 family=family3_forecast rep=1 lat_total_ms=3045.5 err=None
2026-02-19 23:04:15,762 | INFO | [2751/4500 |  61.1% | 0.07 it/s] model=ollama-deepseek-coder-latest task=seds_f3_C2_r20_017 family=family3_forecast rep=2 lat_total_ms=1849.4 err=None
2026-02-19 23:04:41,157 | INFO | [2761/4500 |  61.4% | 0.07 it/s] model=ollama-deepseek-coder-latest task=seds_f3_C2_r20_021 family=family3_forecast rep=0 lat_total_ms=3267.4 err=None
2026-02-19 23:05:11,527 | INFO | [2771/4500 |  61.6% | 0.07 it/s] model=ollama-deepseek-coder-latest task=seds_f3_C2_r20_024 family=family3_forecast rep=1 lat_total_ms=3010.4 err=None
2026-02-19 23:05:34,889 | INFO | [2781/4500 |  61.8% | 0.07 it/s] model=ollama-deepseek-coder-latest task=seds_f3_C2_r20_027 family=family3_forecast rep=2 lat_total_ms=1106.6 err=None
2026-02-19 23:06:04,985 | INFO | [2791/4500 |  62.0% | 0.07 it/s] model=ollama-deepseek-coder-latest task=seds_f3_C2_r100_001 family=family3_forecast rep=0 lat_total_ms=6554.5 err=None
2026-02-19 23:06:37,444 | INFO | [2801/4500 |  62.2% | 0.07 it/s] model=ollama-deepseek-coder-latest task=seds_f3_C2_r100_004 family=family3_forecast rep=1 lat_total_ms=4261.2 err=None
2026-02-19 23:07:15,623 | INFO | [2811/4500 |  62.5% | 0.07 it/s] model=ollama-deepseek-coder-latest task=seds_f3_C2_r100_007 family=family3_forecast rep=2 lat_total_ms=561.8 err=None
2026-02-19 23:07:44,430 | INFO | [2821/4500 |  62.7% | 0.07 it/s] model=ollama-deepseek-coder-latest task=seds_f3_C2_r100_011 family=family3_forecast rep=0 lat_total_ms=5343.6 err=None
2026-02-19 23:08:13,363 | INFO | [2831/4500 |  62.9% | 0.07 it/s] model=ollama-deepseek-coder-latest task=seds_f3_C2_r100_014 family=family3_forecast rep=1 lat_total_ms=705.0 err=None
2026-02-19 23:08:49,439 | INFO | [2841/4500 |  63.1% | 0.07 it/s] model=ollama-deepseek-coder-latest task=seds_f3_C2_r100_017 family=family3_forecast rep=2 lat_total_ms=3655.8 err=None
2026-02-19 23:09:28,414 | INFO | [2851/4500 |  63.4% | 0.07 it/s] model=ollama-deepseek-coder-latest task=seds_f3_C2_r100_021 family=family3_forecast rep=0 lat_total_ms=3520.8 err=None
2026-02-19 23:10:05,452 | INFO | [2861/4500 |  63.6% | 0.07 it/s] model=ollama-deepseek-coder-latest task=seds_f3_C2_r100_024 family=family3_forecast rep=1 lat_total_ms=1501.2 err=None
2026-02-19 23:10:28,258 | INFO | [2871/4500 |  63.8% | 0.08 it/s] model=ollama-deepseek-coder-latest task=seds_f3_C2_r100_027 family=family3_forecast rep=2 lat_total_ms=2745.4 err=None
2026-02-19 23:11:02,660 | INFO | [2881/4500 |  64.0% | 0.08 it/s] model=ollama-deepseek-coder-latest task=seds_f3_C2_r250_001 family=family3_forecast rep=0 lat_total_ms=3787.1 err=None
2026-02-19 23:11:37,962 | INFO | [2891/4500 |  64.2% | 0.08 it/s] model=ollama-deepseek-coder-latest task=seds_f3_C2_r250_004 family=family3_forecast rep=1 lat_total_ms=3911.9 err=None
2026-02-19 23:12:13,773 | INFO | [2901/4500 |  64.5% | 0.08 it/s] model=ollama-deepseek-coder-latest task=seds_f3_C2_r250_007 family=family3_forecast rep=2 lat_total_ms=3857.3 err=None
2026-02-19 23:12:53,233 | INFO | [2911/4500 |  64.7% | 0.08 it/s] model=ollama-deepseek-coder-latest task=seds_f3_C2_r250_011 family=family3_forecast rep=0 lat_total_ms=3373.8 err=None
2026-02-19 23:13:28,620 | INFO | [2921/4500 |  64.9% | 0.08 it/s] model=ollama-deepseek-coder-latest task=seds_f3_C2_r250_014 family=family3_forecast rep=1 lat_total_ms=4167.4 err=None
2026-02-19 23:14:18,561 | INFO | [2931/4500 |  65.1% | 0.08 it/s] model=ollama-deepseek-coder-latest task=seds_f3_C2_r250_017 family=family3_forecast rep=2 lat_total_ms=4856.2 err=None
2026-02-19 23:15:04,410 | INFO | [2941/4500 |  65.4% | 0.08 it/s] model=ollama-deepseek-coder-latest task=seds_f3_C2_r250_021 family=family3_forecast rep=0 lat_total_ms=3656.4 err=None
2026-02-19 23:15:41,929 | INFO | [2951/4500 |  65.6% | 0.08 it/s] model=ollama-deepseek-coder-latest task=seds_f3_C2_r250_024 family=family3_forecast rep=1 lat_total_ms=4076.5 err=None
2026-02-19 23:16:18,339 | INFO | [2961/4500 |  65.8% | 0.08 it/s] model=ollama-deepseek-coder-latest task=seds_f3_C2_r250_027 family=family3_forecast rep=2 lat_total_ms=3524.3 err=None
2026-02-19 23:17:09,671 | INFO | [2971/4500 |  66.0% | 0.08 it/s] model=ollama-deepseek-coder-latest task=seds_f3_C2_r500_001 family=family3_forecast rep=0 lat_total_ms=4203.0 err=None
2026-02-19 23:17:49,598 | INFO | [2981/4500 |  66.2% | 0.08 it/s] model=ollama-deepseek-coder-latest task=seds_f3_C2_r500_004 family=family3_forecast rep=1 lat_total_ms=3430.7 err=None
2026-02-19 23:18:28,695 | INFO | [2991/4500 |  66.5% | 0.08 it/s] model=ollama-deepseek-coder-latest task=seds_f3_C2_r500_007 family=family3_forecast rep=2 lat_total_ms=3388.1 err=None
2026-02-19 23:19:10,448 | INFO | [3001/4500 |  66.7% | 0.08 it/s] model=ollama-deepseek-coder-latest task=seds_f3_C2_r500_011 family=family3_forecast rep=0 lat_total_ms=4120.6 err=None
2026-02-19 23:19:58,049 | INFO | [3011/4500 |  66.9% | 0.08 it/s] model=ollama-deepseek-coder-latest task=seds_f3_C2_r500_014 family=family3_forecast rep=1 lat_total_ms=3599.9 err=None
2026-02-19 23:20:48,784 | INFO | [3021/4500 |  67.1% | 0.08 it/s] model=ollama-deepseek-coder-latest task=seds_f3_C2_r500_017 family=family3_forecast rep=2 lat_total_ms=6356.5 err=None
2026-02-19 23:21:33,845 | INFO | [3031/4500 |  67.4% | 0.08 it/s] model=ollama-deepseek-coder-latest task=seds_f3_C2_r500_021 family=family3_forecast rep=0 lat_total_ms=5493.5 err=None
2026-02-19 23:22:20,654 | INFO | [3041/4500 |  67.6% | 0.08 it/s] model=ollama-deepseek-coder-latest task=seds_f3_C2_r500_024 family=family3_forecast rep=1 lat_total_ms=3434.3 err=None
2026-02-19 23:23:01,282 | INFO | [3051/4500 |  67.8% | 0.08 it/s] model=ollama-deepseek-coder-latest task=seds_f3_C2_r500_027 family=family3_forecast rep=2 lat_total_ms=4061.5 err=None
2026-02-19 23:23:41,759 | INFO | [3061/4500 |  68.0% | 0.08 it/s] model=ollama-deepseek-coder-latest task=seds_f3_C2_r1000_001 family=family3_forecast rep=0 lat_total_ms=5043.9 err=None
2026-02-19 23:24:29,003 | INFO | [3071/4500 |  68.2% | 0.08 it/s] model=ollama-deepseek-coder-latest task=seds_f3_C2_r1000_004 family=family3_forecast rep=1 lat_total_ms=3233.9 err=None
2026-02-19 23:25:14,849 | INFO | [3081/4500 |  68.5% | 0.08 it/s] model=ollama-deepseek-coder-latest task=seds_f3_C2_r1000_007 family=family3_forecast rep=2 lat_total_ms=3770.7 err=None
2026-02-19 23:25:56,426 | INFO | [3091/4500 |  68.7% | 0.08 it/s] model=ollama-deepseek-coder-latest task=seds_f3_C2_r1000_011 family=family3_forecast rep=0 lat_total_ms=3253.4 err=None
2026-02-19 23:26:32,769 | INFO | [3101/4500 |  68.9% | 0.08 it/s] model=ollama-deepseek-coder-latest task=seds_f3_C2_r1000_014 family=family3_forecast rep=1 lat_total_ms=3778.9 err=None
2026-02-19 23:27:22,448 | INFO | [3111/4500 |  69.1% | 0.08 it/s] model=ollama-deepseek-coder-latest task=seds_f3_C2_r1000_017 family=family3_forecast rep=2 lat_total_ms=6529.4 err=None
2026-02-19 23:28:04,681 | INFO | [3121/4500 |  69.4% | 0.08 it/s] model=ollama-deepseek-coder-latest task=seds_f3_C2_r1000_021 family=family3_forecast rep=0 lat_total_ms=4158.3 err=None
2026-02-19 23:28:50,636 | INFO | [3131/4500 |  69.6% | 0.08 it/s] model=ollama-deepseek-coder-latest task=seds_f3_C2_r1000_024 family=family3_forecast rep=1 lat_total_ms=3627.1 err=None
2026-02-19 23:29:36,692 | INFO | [3141/4500 |  69.8% | 0.08 it/s] model=ollama-deepseek-coder-latest task=seds_f3_C2_r1000_027 family=family3_forecast rep=2 lat_total_ms=4011.8 err=None
2026-02-19 23:30:30,236 | INFO | [3151/4500 |  70.0% | 0.08 it/s] model=ollama-codellama-latest task=seds_f3_C2_r20_001 family=family3_forecast rep=0 lat_total_ms=8814.5 err=None
2026-02-19 23:31:24,344 | INFO | [3161/4500 |  70.2% | 0.08 it/s] model=ollama-codellama-latest task=seds_f3_C2_r20_004 family=family3_forecast rep=1 lat_total_ms=4378.2 err=None
2026-02-19 23:32:24,952 | INFO | [3171/4500 |  70.5% | 0.08 it/s] model=ollama-codellama-latest task=seds_f3_C2_r20_007 family=family3_forecast rep=2 lat_total_ms=4749.4 err=None
2026-02-19 23:33:22,500 | INFO | [3181/4500 |  70.7% | 0.08 it/s] model=ollama-codellama-latest task=seds_f3_C2_r20_011 family=family3_forecast rep=0 lat_total_ms=7415.7 err=None
2026-02-19 23:34:14,949 | INFO | [3191/4500 |  70.9% | 0.08 it/s] model=ollama-codellama-latest task=seds_f3_C2_r20_014 family=family3_forecast rep=1 lat_total_ms=4522.2 err=None
2026-02-19 23:35:02,312 | INFO | [3201/4500 |  71.1% | 0.08 it/s] model=ollama-codellama-latest task=seds_f3_C2_r20_017 family=family3_forecast rep=2 lat_total_ms=4484.5 err=None
2026-02-19 23:35:50,708 | INFO | [3211/4500 |  71.4% | 0.08 it/s] model=ollama-codellama-latest task=seds_f3_C2_r20_021 family=family3_forecast rep=0 lat_total_ms=5230.0 err=None
2026-02-19 23:36:53,487 | INFO | [3221/4500 |  71.6% | 0.08 it/s] model=ollama-codellama-latest task=seds_f3_C2_r20_024 family=family3_forecast rep=1 lat_total_ms=4530.6 err=None
2026-02-19 23:37:42,881 | INFO | [3231/4500 |  71.8% | 0.08 it/s] model=ollama-codellama-latest task=seds_f3_C2_r20_027 family=family3_forecast rep=2 lat_total_ms=4304.4 err=None
2026-02-19 23:38:38,641 | INFO | [3241/4500 |  72.0% | 0.08 it/s] model=ollama-codellama-latest task=seds_f3_C2_r100_001 family=family3_forecast rep=0 lat_total_ms=16563.1 err=None
2026-02-19 23:40:22,595 | INFO | [3251/4500 |  72.2% | 0.08 it/s] model=ollama-codellama-latest task=seds_f3_C2_r100_004 family=family3_forecast rep=1 lat_total_ms=8864.1 err=None
2026-02-19 23:41:37,021 | INFO | [3261/4500 |  72.5% | 0.08 it/s] model=ollama-codellama-latest task=seds_f3_C2_r100_007 family=family3_forecast rep=2 lat_total_ms=4833.8 err=None
2026-02-19 23:43:20,798 | INFO | [3271/4500 |  72.7% | 0.08 it/s] model=ollama-codellama-latest task=seds_f3_C2_r100_011 family=family3_forecast rep=0 lat_total_ms=12514.2 err=None
2026-02-19 23:44:44,851 | INFO | [3281/4500 |  72.9% | 0.08 it/s] model=ollama-codellama-latest task=seds_f3_C2_r100_014 family=family3_forecast rep=1 lat_total_ms=8644.4 err=None
2026-02-19 23:46:34,772 | INFO | [3291/4500 |  73.1% | 0.08 it/s] model=ollama-codellama-latest task=seds_f3_C2_r100_017 family=family3_forecast rep=2 lat_total_ms=5194.8 err=None
2026-02-19 23:48:10,992 | INFO | [3301/4500 |  73.4% | 0.08 it/s] model=ollama-codellama-latest task=seds_f3_C2_r100_021 family=family3_forecast rep=0 lat_total_ms=15035.6 err=None
2026-02-19 23:49:32,299 | INFO | [3311/4500 |  73.6% | 0.08 it/s] model=ollama-codellama-latest task=seds_f3_C2_r100_024 family=family3_forecast rep=1 lat_total_ms=8757.5 err=None
2026-02-19 23:50:48,460 | INFO | [3321/4500 |  73.8% | 0.08 it/s] model=ollama-codellama-latest task=seds_f3_C2_r100_027 family=family3_forecast rep=2 lat_total_ms=3426.3 err=None
2026-02-19 23:52:22,733 | INFO | [3331/4500 |  74.0% | 0.08 it/s] model=ollama-codellama-latest task=seds_f3_C2_r250_001 family=family3_forecast rep=0 lat_total_ms=21582.5 err=None
2026-02-19 23:55:25,873 | INFO | [3341/4500 |  74.2% | 0.08 it/s] model=ollama-codellama-latest task=seds_f3_C2_r250_004 family=family3_forecast rep=1 lat_total_ms=20116.9 err=None
2026-02-19 23:59:18,364 | INFO | [3351/4500 |  74.5% | 0.08 it/s] model=ollama-codellama-latest task=seds_f3_C2_r250_007 family=family3_forecast rep=2 lat_total_ms=18387.1 err=None
2026-02-20 00:03:22,131 | INFO | [3361/4500 |  74.7% | 0.08 it/s] model=ollama-codellama-latest task=seds_f3_C2_r250_011 family=family3_forecast rep=0 lat_total_ms=18785.0 err=None
2026-02-20 00:06:49,096 | INFO | [3371/4500 |  74.9% | 0.08 it/s] model=ollama-codellama-latest task=seds_f3_C2_r250_014 family=family3_forecast rep=1 lat_total_ms=18936.2 err=None
2026-02-20 00:10:14,615 | INFO | [3381/4500 |  75.1% | 0.08 it/s] model=ollama-codellama-latest task=seds_f3_C2_r250_017 family=family3_forecast rep=2 lat_total_ms=18334.2 err=None
2026-02-20 00:14:08,654 | INFO | [3391/4500 |  75.4% | 0.08 it/s] model=ollama-codellama-latest task=seds_f3_C2_r250_021 family=family3_forecast rep=0 lat_total_ms=16395.3 err=None
2026-02-20 00:17:48,373 | INFO | [3401/4500 |  75.6% | 0.08 it/s] model=ollama-codellama-latest task=seds_f3_C2_r250_024 family=family3_forecast rep=1 lat_total_ms=28633.6 err=None
2026-02-20 00:21:42,852 | INFO | [3411/4500 |  75.8% | 0.08 it/s] model=ollama-codellama-latest task=seds_f3_C2_r250_027 family=family3_forecast rep=2 lat_total_ms=25808.5 err=None
2026-02-20 00:24:53,344 | INFO | [3421/4500 |  76.0% | 0.08 it/s] model=ollama-codellama-latest task=seds_f3_C2_r500_001 family=family3_forecast rep=0 lat_total_ms=27799.1 err=None
2026-02-20 00:28:19,362 | INFO | [3431/4500 |  76.2% | 0.08 it/s] model=ollama-codellama-latest task=seds_f3_C2_r500_004 family=family3_forecast rep=1 lat_total_ms=17986.7 err=None
2026-02-20 00:31:40,865 | INFO | [3441/4500 |  76.5% | 0.08 it/s] model=ollama-codellama-latest task=seds_f3_C2_r500_007 family=family3_forecast rep=2 lat_total_ms=25022.9 err=None
2026-02-20 00:35:00,829 | INFO | [3451/4500 |  76.7% | 0.08 it/s] model=ollama-codellama-latest task=seds_f3_C2_r500_011 family=family3_forecast rep=0 lat_total_ms=20185.6 err=None
2026-02-20 00:38:22,133 | INFO | [3461/4500 |  76.9% | 0.08 it/s] model=ollama-codellama-latest task=seds_f3_C2_r500_014 family=family3_forecast rep=1 lat_total_ms=25349.2 err=None
2026-02-20 00:41:24,949 | INFO | [3471/4500 |  77.1% | 0.08 it/s] model=ollama-codellama-latest task=seds_f3_C2_r500_017 family=family3_forecast rep=2 lat_total_ms=19011.4 err=None
2026-02-20 00:44:59,259 | INFO | [3481/4500 |  77.4% | 0.08 it/s] model=ollama-codellama-latest task=seds_f3_C2_r500_021 family=family3_forecast rep=0 lat_total_ms=17573.3 err=None
2026-02-20 00:48:45,973 | INFO | [3491/4500 |  77.6% | 0.08 it/s] model=ollama-codellama-latest task=seds_f3_C2_r500_024 family=family3_forecast rep=1 lat_total_ms=18951.9 err=None
2026-02-20 00:51:46,551 | INFO | [3501/4500 |  77.8% | 0.08 it/s] model=ollama-codellama-latest task=seds_f3_C2_r500_027 family=family3_forecast rep=2 lat_total_ms=17331.9 err=None
2026-02-20 00:55:00,157 | INFO | [3511/4500 |  78.0% | 0.08 it/s] model=ollama-codellama-latest task=seds_f3_C2_r1000_001 family=family3_forecast rep=0 lat_total_ms=24399.8 err=None
2026-02-20 00:58:30,730 | INFO | [3521/4500 |  78.2% | 0.08 it/s] model=ollama-codellama-latest task=seds_f3_C2_r1000_004 family=family3_forecast rep=1 lat_total_ms=20534.1 err=None
2026-02-20 01:01:20,526 | INFO | [3531/4500 |  78.5% | 0.08 it/s] model=ollama-codellama-latest task=seds_f3_C2_r1000_007 family=family3_forecast rep=2 lat_total_ms=16205.5 err=None
2026-02-20 01:04:29,494 | INFO | [3541/4500 |  78.7% | 0.08 it/s] model=ollama-codellama-latest task=seds_f3_C2_r1000_011 family=family3_forecast rep=0 lat_total_ms=25847.2 err=None
2026-02-20 01:08:55,344 | INFO | [3551/4500 |  78.9% | 0.08 it/s] model=ollama-codellama-latest task=seds_f3_C2_r1000_014 family=family3_forecast rep=1 lat_total_ms=26382.0 err=None
2026-02-20 01:12:54,278 | INFO | [3561/4500 |  79.1% | 0.08 it/s] model=ollama-codellama-latest task=seds_f3_C2_r1000_017 family=family3_forecast rep=2 lat_total_ms=26030.5 err=None
2026-02-20 01:16:27,496 | INFO | [3571/4500 |  79.4% | 0.08 it/s] model=ollama-codellama-latest task=seds_f3_C2_r1000_021 family=family3_forecast rep=0 lat_total_ms=16963.3 err=None
2026-02-20 01:19:40,347 | INFO | [3581/4500 |  79.6% | 0.08 it/s] model=ollama-codellama-latest task=seds_f3_C2_r1000_024 family=family3_forecast rep=1 lat_total_ms=16910.8 err=None
2026-02-20 01:22:49,615 | INFO | [3591/4500 |  79.8% | 0.08 it/s] model=ollama-codellama-latest task=seds_f3_C2_r1000_027 family=family3_forecast rep=2 lat_total_ms=24119.8 err=None
2026-02-20 01:26:01,921 | INFO | [3601/4500 |  80.0% | 0.08 it/s] model=ollama-llama2-latest task=seds_f3_C2_r20_001 family=family3_forecast rep=0 lat_total_ms=10872.3 err=None
2026-02-20 01:27:13,187 | INFO | [3611/4500 |  80.2% | 0.08 it/s] model=ollama-llama2-latest task=seds_f3_C2_r20_004 family=family3_forecast rep=1 lat_total_ms=6972.5 err=None
2026-02-20 01:28:27,754 | INFO | [3621/4500 |  80.5% | 0.08 it/s] model=ollama-llama2-latest task=seds_f3_C2_r20_007 family=family3_forecast rep=2 lat_total_ms=5763.0 err=None
2026-02-20 01:29:40,136 | INFO | [3631/4500 |  80.7% | 0.08 it/s] model=ollama-llama2-latest task=seds_f3_C2_r20_011 family=family3_forecast rep=0 lat_total_ms=10929.5 err=None
2026-02-20 01:31:02,205 | INFO | [3641/4500 |  80.9% | 0.08 it/s] model=ollama-llama2-latest task=seds_f3_C2_r20_014 family=family3_forecast rep=1 lat_total_ms=6294.7 err=None
2026-02-20 01:32:14,023 | INFO | [3651/4500 |  81.1% | 0.08 it/s] model=ollama-llama2-latest task=seds_f3_C2_r20_017 family=family3_forecast rep=2 lat_total_ms=5360.5 err=None
2026-02-20 01:33:33,091 | INFO | [3661/4500 |  81.4% | 0.08 it/s] model=ollama-llama2-latest task=seds_f3_C2_r20_021 family=family3_forecast rep=0 lat_total_ms=13662.0 err=None
2026-02-20 01:34:48,427 | INFO | [3671/4500 |  81.6% | 0.08 it/s] model=ollama-llama2-latest task=seds_f3_C2_r20_024 family=family3_forecast rep=1 lat_total_ms=5497.6 err=None
2026-02-20 01:36:03,926 | INFO | [3681/4500 |  81.8% | 0.08 it/s] model=ollama-llama2-latest task=seds_f3_C2_r20_027 family=family3_forecast rep=2 lat_total_ms=6812.7 err=None
2026-02-20 01:37:20,236 | INFO | [3691/4500 |  82.0% | 0.08 it/s] model=ollama-llama2-latest task=seds_f3_C2_r100_001 family=family3_forecast rep=0 lat_total_ms=15411.4 err=None
2026-02-20 01:39:04,147 | INFO | [3701/4500 |  82.2% | 0.08 it/s] model=ollama-llama2-latest task=seds_f3_C2_r100_004 family=family3_forecast rep=1 lat_total_ms=5249.4 err=None
2026-02-20 01:40:25,530 | INFO | [3711/4500 |  82.5% | 0.08 it/s] model=ollama-llama2-latest task=seds_f3_C2_r100_007 family=family3_forecast rep=2 lat_total_ms=4577.9 err=None
2026-02-20 01:41:52,682 | INFO | [3721/4500 |  82.7% | 0.08 it/s] model=ollama-llama2-latest task=seds_f3_C2_r100_011 family=family3_forecast rep=0 lat_total_ms=16138.4 err=None
2026-02-20 01:43:19,605 | INFO | [3731/4500 |  82.9% | 0.08 it/s] model=ollama-llama2-latest task=seds_f3_C2_r100_014 family=family3_forecast rep=1 lat_total_ms=5065.8 err=None
2026-02-20 01:44:40,025 | INFO | [3741/4500 |  83.1% | 0.08 it/s] model=ollama-llama2-latest task=seds_f3_C2_r100_017 family=family3_forecast rep=2 lat_total_ms=4037.4 err=None
2026-02-20 01:46:10,997 | INFO | [3751/4500 |  83.4% | 0.08 it/s] model=ollama-llama2-latest task=seds_f3_C2_r100_021 family=family3_forecast rep=0 lat_total_ms=15146.8 err=None
2026-02-20 01:47:28,022 | INFO | [3761/4500 |  83.6% | 0.08 it/s] model=ollama-llama2-latest task=seds_f3_C2_r100_024 family=family3_forecast rep=1 lat_total_ms=5204.7 err=None
2026-02-20 01:48:45,554 | INFO | [3771/4500 |  83.8% | 0.08 it/s] model=ollama-llama2-latest task=seds_f3_C2_r100_027 family=family3_forecast rep=2 lat_total_ms=5147.5 err=None
2026-02-20 01:50:24,848 | INFO | [3781/4500 |  84.0% | 0.08 it/s] model=ollama-llama2-latest task=seds_f3_C2_r250_001 family=family3_forecast rep=0 lat_total_ms=18845.7 err=None
2026-02-20 01:53:34,268 | INFO | [3791/4500 |  84.2% | 0.08 it/s] model=ollama-llama2-latest task=seds_f3_C2_r250_004 family=family3_forecast rep=1 lat_total_ms=13997.6 err=None
2026-02-20 01:56:25,327 | INFO | [3801/4500 |  84.5% | 0.08 it/s] model=ollama-llama2-latest task=seds_f3_C2_r250_007 family=family3_forecast rep=2 lat_total_ms=18059.1 err=None
2026-02-20 01:59:15,661 | INFO | [3811/4500 |  84.7% | 0.08 it/s] model=ollama-llama2-latest task=seds_f3_C2_r250_011 family=family3_forecast rep=0 lat_total_ms=14905.4 err=None
2026-02-20 02:02:05,838 | INFO | [3821/4500 |  84.9% | 0.08 it/s] model=ollama-llama2-latest task=seds_f3_C2_r250_014 family=family3_forecast rep=1 lat_total_ms=17910.8 err=None
2026-02-20 02:05:11,851 | INFO | [3831/4500 |  85.1% | 0.08 it/s] model=ollama-llama2-latest task=seds_f3_C2_r250_017 family=family3_forecast rep=2 lat_total_ms=18256.3 err=None
2026-02-20 02:08:12,715 | INFO | [3841/4500 |  85.4% | 0.08 it/s] model=ollama-llama2-latest task=seds_f3_C2_r250_021 family=family3_forecast rep=0 lat_total_ms=15082.0 err=None
2026-02-20 02:10:40,738 | INFO | [3851/4500 |  85.6% | 0.08 it/s] model=ollama-llama2-latest task=seds_f3_C2_r250_024 family=family3_forecast rep=1 lat_total_ms=18056.9 err=None
2026-02-20 02:13:34,099 | INFO | [3861/4500 |  85.8% | 0.08 it/s] model=ollama-llama2-latest task=seds_f3_C2_r250_027 family=family3_forecast rep=2 lat_total_ms=16903.8 err=None
2026-02-20 02:16:32,028 | INFO | [3871/4500 |  86.0% | 0.08 it/s] model=ollama-llama2-latest task=seds_f3_C2_r500_001 family=family3_forecast rep=0 lat_total_ms=17997.7 err=None
2026-02-20 02:19:10,288 | INFO | [3881/4500 |  86.2% | 0.08 it/s] model=ollama-llama2-latest task=seds_f3_C2_r500_004 family=family3_forecast rep=1 lat_total_ms=17536.0 err=None
2026-02-20 02:22:03,524 | INFO | [3891/4500 |  86.5% | 0.08 it/s] model=ollama-llama2-latest task=seds_f3_C2_r500_007 family=family3_forecast rep=2 lat_total_ms=18923.3 err=None
2026-02-20 02:24:56,785 | INFO | [3901/4500 |  86.7% | 0.08 it/s] model=ollama-llama2-latest task=seds_f3_C2_r500_011 family=family3_forecast rep=0 lat_total_ms=13862.4 err=None
2026-02-20 02:27:24,112 | INFO | [3911/4500 |  86.9% | 0.08 it/s] model=ollama-llama2-latest task=seds_f3_C2_r500_014 family=family3_forecast rep=1 lat_total_ms=18571.8 err=None
2026-02-20 02:30:12,202 | INFO | [3921/4500 |  87.1% | 0.08 it/s] model=ollama-llama2-latest task=seds_f3_C2_r500_017 family=family3_forecast rep=2 lat_total_ms=17800.5 err=None
2026-02-20 02:32:56,808 | INFO | [3931/4500 |  87.4% | 0.08 it/s] model=ollama-llama2-latest task=seds_f3_C2_r500_021 family=family3_forecast rep=0 lat_total_ms=13638.3 err=None
2026-02-20 02:35:40,101 | INFO | [3941/4500 |  87.6% | 0.08 it/s] model=ollama-llama2-latest task=seds_f3_C2_r500_024 family=family3_forecast rep=1 lat_total_ms=16714.9 err=None
2026-02-20 02:38:46,040 | INFO | [3951/4500 |  87.8% | 0.08 it/s] model=ollama-llama2-latest task=seds_f3_C2_r500_027 family=family3_forecast rep=2 lat_total_ms=17123.8 err=None
2026-02-20 02:41:36,336 | INFO | [3961/4500 |  88.0% | 0.08 it/s] model=ollama-llama2-latest task=seds_f3_C2_r1000_001 family=family3_forecast rep=0 lat_total_ms=15929.9 err=None
2026-02-20 02:44:10,354 | INFO | [3971/4500 |  88.2% | 0.08 it/s] model=ollama-llama2-latest task=seds_f3_C2_r1000_004 family=family3_forecast rep=1 lat_total_ms=13875.7 err=None
2026-02-20 02:46:54,598 | INFO | [3981/4500 |  88.5% | 0.08 it/s] model=ollama-llama2-latest task=seds_f3_C2_r1000_007 family=family3_forecast rep=2 lat_total_ms=17487.2 err=None
2026-02-20 02:49:47,307 | INFO | [3991/4500 |  88.7% | 0.08 it/s] model=ollama-llama2-latest task=seds_f3_C2_r1000_011 family=family3_forecast rep=0 lat_total_ms=17411.5 err=None
2026-02-20 02:52:41,554 | INFO | [4001/4500 |  88.9% | 0.08 it/s] model=ollama-llama2-latest task=seds_f3_C2_r1000_014 family=family3_forecast rep=1 lat_total_ms=13774.1 err=None
2026-02-20 02:55:23,066 | INFO | [4011/4500 |  89.1% | 0.08 it/s] model=ollama-llama2-latest task=seds_f3_C2_r1000_017 family=family3_forecast rep=2 lat_total_ms=17515.3 err=None
2026-02-20 02:58:18,499 | INFO | [4021/4500 |  89.4% | 0.08 it/s] model=ollama-llama2-latest task=seds_f3_C2_r1000_021 family=family3_forecast rep=0 lat_total_ms=20209.4 err=None
2026-02-20 03:01:28,562 | INFO | [4031/4500 |  89.6% | 0.08 it/s] model=ollama-llama2-latest task=seds_f3_C2_r1000_024 family=family3_forecast rep=1 lat_total_ms=21398.8 err=None
2026-02-20 03:04:51,699 | INFO | [4041/4500 |  89.8% | 0.08 it/s] model=ollama-llama2-latest task=seds_f3_C2_r1000_027 family=family3_forecast rep=2 lat_total_ms=19662.0 err=None
2026-02-20 03:08:06,737 | INFO | [4051/4500 |  90.0% | 0.08 it/s] model=ollama-qwen-latest task=seds_f3_C2_r20_001 family=family3_forecast rep=0 lat_total_ms=3515.6 err=None
2026-02-20 03:08:37,786 | INFO | [4061/4500 |  90.2% | 0.08 it/s] model=ollama-qwen-latest task=seds_f3_C2_r20_004 family=family3_forecast rep=1 lat_total_ms=1167.5 err=None
2026-02-20 03:08:49,040 | INFO | [4071/4500 |  90.5% | 0.08 it/s] model=ollama-qwen-latest task=seds_f3_C2_r20_007 family=family3_forecast rep=2 lat_total_ms=885.5 err=None
2026-02-20 03:09:01,416 | INFO | [4081/4500 |  90.7% | 0.08 it/s] model=ollama-qwen-latest task=seds_f3_C2_r20_011 family=family3_forecast rep=0 lat_total_ms=2798.5 err=None
2026-02-20 03:09:14,959 | INFO | [4091/4500 |  90.9% | 0.08 it/s] model=ollama-qwen-latest task=seds_f3_C2_r20_014 family=family3_forecast rep=1 lat_total_ms=245.8 err=None
2026-02-20 03:09:21,630 | INFO | [4101/4500 |  91.1% | 0.08 it/s] model=ollama-qwen-latest task=seds_f3_C2_r20_017 family=family3_forecast rep=2 lat_total_ms=247.8 err=None
2026-02-20 03:09:30,561 | INFO | [4111/4500 |  91.4% | 0.08 it/s] model=ollama-qwen-latest task=seds_f3_C2_r20_021 family=family3_forecast rep=0 lat_total_ms=1678.0 err=None
2026-02-20 03:09:44,573 | INFO | [4121/4500 |  91.6% | 0.08 it/s] model=ollama-qwen-latest task=seds_f3_C2_r20_024 family=family3_forecast rep=1 lat_total_ms=3906.9 err=None
2026-02-20 03:09:55,017 | INFO | [4131/4500 |  91.8% | 0.08 it/s] model=ollama-qwen-latest task=seds_f3_C2_r20_027 family=family3_forecast rep=2 lat_total_ms=244.5 err=None
2026-02-20 03:10:22,017 | INFO | [4141/4500 |  92.0% | 0.08 it/s] model=ollama-qwen-latest task=seds_f3_C2_r100_001 family=family3_forecast rep=0 lat_total_ms=15290.2 err=None
2026-02-20 03:11:59,367 | INFO | [4151/4500 |  92.2% | 0.08 it/s] model=ollama-qwen-latest task=seds_f3_C2_r100_004 family=family3_forecast rep=1 lat_total_ms=8017.6 err=None
2026-02-20 03:13:27,433 | INFO | [4161/4500 |  92.5% | 0.08 it/s] model=ollama-qwen-latest task=seds_f3_C2_r100_007 family=family3_forecast rep=2 lat_total_ms=5220.9 err=None
2026-02-20 03:15:03,604 | INFO | [4171/4500 |  92.7% | 0.08 it/s] model=ollama-qwen-latest task=seds_f3_C2_r100_011 family=family3_forecast rep=0 lat_total_ms=12760.5 err=None
2026-02-20 03:16:35,932 | INFO | [4181/4500 |  92.9% | 0.08 it/s] model=ollama-qwen-latest task=seds_f3_C2_r100_014 family=family3_forecast rep=1 lat_total_ms=3142.2 err=None
2026-02-20 03:17:54,780 | INFO | [4191/4500 |  93.1% | 0.08 it/s] model=ollama-qwen-latest task=seds_f3_C2_r100_017 family=family3_forecast rep=2 lat_total_ms=6758.2 err=None
2026-02-20 03:19:32,720 | INFO | [4201/4500 |  93.4% | 0.08 it/s] model=ollama-qwen-latest task=seds_f3_C2_r100_021 family=family3_forecast rep=0 lat_total_ms=10767.1 err=None
2026-02-20 03:20:56,415 | INFO | [4211/4500 |  93.6% | 0.08 it/s] model=ollama-qwen-latest task=seds_f3_C2_r100_024 family=family3_forecast rep=1 lat_total_ms=9520.8 err=None
2026-02-20 03:22:08,613 | INFO | [4221/4500 |  93.8% | 0.08 it/s] model=ollama-qwen-latest task=seds_f3_C2_r100_027 family=family3_forecast rep=2 lat_total_ms=5626.7 err=None
2026-02-20 03:23:45,772 | INFO | [4231/4500 |  94.0% | 0.08 it/s] model=ollama-qwen-latest task=seds_f3_C2_r250_001 family=family3_forecast rep=0 lat_total_ms=8206.6 err=None
2026-02-20 03:25:05,836 | INFO | [4241/4500 |  94.2% | 0.08 it/s] model=ollama-qwen-latest task=seds_f3_C2_r250_004 family=family3_forecast rep=1 lat_total_ms=7818.1 err=None
2026-02-20 03:26:31,559 | INFO | [4251/4500 |  94.5% | 0.08 it/s] model=ollama-qwen-latest task=seds_f3_C2_r250_007 family=family3_forecast rep=2 lat_total_ms=8169.0 err=None
2026-02-20 03:28:05,028 | INFO | [4261/4500 |  94.7% | 0.08 it/s] model=ollama-qwen-latest task=seds_f3_C2_r250_011 family=family3_forecast rep=0 lat_total_ms=9527.3 err=None
2026-02-20 03:29:35,252 | INFO | [4271/4500 |  94.9% | 0.08 it/s] model=ollama-qwen-latest task=seds_f3_C2_r250_014 family=family3_forecast rep=1 lat_total_ms=8350.1 err=None
2026-02-20 03:31:00,668 | INFO | [4281/4500 |  95.1% | 0.08 it/s] model=ollama-qwen-latest task=seds_f3_C2_r250_017 family=family3_forecast rep=2 lat_total_ms=8839.2 err=None
2026-02-20 03:32:32,404 | INFO | [4291/4500 |  95.4% | 0.08 it/s] model=ollama-qwen-latest task=seds_f3_C2_r250_021 family=family3_forecast rep=0 lat_total_ms=8784.4 err=None
2026-02-20 03:33:58,175 | INFO | [4301/4500 |  95.6% | 0.08 it/s] model=ollama-qwen-latest task=seds_f3_C2_r250_024 family=family3_forecast rep=1 lat_total_ms=8534.5 err=None
2026-02-20 03:35:22,224 | INFO | [4311/4500 |  95.8% | 0.08 it/s] model=ollama-qwen-latest task=seds_f3_C2_r250_027 family=family3_forecast rep=2 lat_total_ms=8764.1 err=None
2026-02-20 03:36:56,079 | INFO | [4321/4500 |  96.0% | 0.08 it/s] model=ollama-qwen-latest task=seds_f3_C2_r500_001 family=family3_forecast rep=0 lat_total_ms=8401.6 err=None
2026-02-20 03:38:22,285 | INFO | [4331/4500 |  96.2% | 0.08 it/s] model=ollama-qwen-latest task=seds_f3_C2_r500_004 family=family3_forecast rep=1 lat_total_ms=8375.5 err=None
2026-02-20 03:39:45,248 | INFO | [4341/4500 |  96.5% | 0.08 it/s] model=ollama-qwen-latest task=seds_f3_C2_r500_007 family=family3_forecast rep=2 lat_total_ms=8540.7 err=None
2026-02-20 03:41:13,841 | INFO | [4351/4500 |  96.7% | 0.08 it/s] model=ollama-qwen-latest task=seds_f3_C2_r500_011 family=family3_forecast rep=0 lat_total_ms=8588.7 err=None
2026-02-20 03:42:45,088 | INFO | [4361/4500 |  96.9% | 0.08 it/s] model=ollama-qwen-latest task=seds_f3_C2_r500_014 family=family3_forecast rep=1 lat_total_ms=8781.9 err=None
2026-02-20 03:44:10,040 | INFO | [4371/4500 |  97.1% | 0.08 it/s] model=ollama-qwen-latest task=seds_f3_C2_r500_017 family=family3_forecast rep=2 lat_total_ms=8094.5 err=None
2026-02-20 03:45:35,232 | INFO | [4381/4500 |  97.4% | 0.08 it/s] model=ollama-qwen-latest task=seds_f3_C2_r500_021 family=family3_forecast rep=0 lat_total_ms=8899.4 err=None
2026-02-20 03:47:00,509 | INFO | [4391/4500 |  97.6% | 0.08 it/s] model=ollama-qwen-latest task=seds_f3_C2_r500_024 family=family3_forecast rep=1 lat_total_ms=8288.9 err=None
2026-02-20 03:48:23,611 | INFO | [4401/4500 |  97.8% | 0.08 it/s] model=ollama-qwen-latest task=seds_f3_C2_r500_027 family=family3_forecast rep=2 lat_total_ms=8193.2 err=None
2026-02-20 03:49:57,805 | INFO | [4411/4500 |  98.0% | 0.08 it/s] model=ollama-qwen-latest task=seds_f3_C2_r1000_001 family=family3_forecast rep=0 lat_total_ms=8497.6 err=None
2026-02-20 03:51:19,630 | INFO | [4421/4500 |  98.2% | 0.08 it/s] model=ollama-qwen-latest task=seds_f3_C2_r1000_004 family=family3_forecast rep=1 lat_total_ms=8369.2 err=None
2026-02-20 03:52:42,499 | INFO | [4431/4500 |  98.5% | 0.08 it/s] model=ollama-qwen-latest task=seds_f3_C2_r1000_007 family=family3_forecast rep=2 lat_total_ms=8285.7 err=None
2026-02-20 03:54:05,317 | INFO | [4441/4500 |  98.7% | 0.08 it/s] model=ollama-qwen-latest task=seds_f3_C2_r1000_011 family=family3_forecast rep=0 lat_total_ms=8148.4 err=None
2026-02-20 03:55:35,379 | INFO | [4451/4500 |  98.9% | 0.08 it/s] model=ollama-qwen-latest task=seds_f3_C2_r1000_014 family=family3_forecast rep=1 lat_total_ms=8216.5 err=None
2026-02-20 03:56:59,788 | INFO | [4461/4500 |  99.1% | 0.08 it/s] model=ollama-qwen-latest task=seds_f3_C2_r1000_017 family=family3_forecast rep=2 lat_total_ms=8430.0 err=None
2026-02-20 03:58:25,030 | INFO | [4471/4500 |  99.4% | 0.08 it/s] model=ollama-qwen-latest task=seds_f3_C2_r1000_021 family=family3_forecast rep=0 lat_total_ms=8143.2 err=None
2026-02-20 03:59:46,812 | INFO | [4481/4500 |  99.6% | 0.08 it/s] model=ollama-qwen-latest task=seds_f3_C2_r1000_024 family=family3_forecast rep=1 lat_total_ms=8156.0 err=None
2026-02-20 04:01:13,510 | INFO | [4491/4500 |  99.8% | 0.08 it/s] model=ollama-qwen-latest task=seds_f3_C2_r1000_027 family=family3_forecast rep=2 lat_total_ms=8227.2 err=None
2026-02-25 14:43:57,331 | INFO | [1/4500 |   0.0% | 0.07 it/s] model=ollama-qwen2.5-3b-instruct task=seds_f4_C2_r20_001 family=family4_codegen rep=0 lat_total_ms=15025.2 err=None
2026-02-25 14:44:54,203 | INFO | [11/4500 |   0.2% | 0.15 it/s] model=ollama-qwen2.5-3b-instruct task=seds_f4_C2_r20_004 family=family4_codegen rep=1 lat_total_ms=5484.8 err=None
2026-02-25 14:45:51,559 | INFO | [21/4500 |   0.5% | 0.16 it/s] model=ollama-qwen2.5-3b-instruct task=seds_f4_C2_r20_007 family=family4_codegen rep=2 lat_total_ms=5455.8 err=None
2026-02-25 14:46:48,835 | INFO | [31/4500 |   0.7% | 0.17 it/s] model=ollama-qwen2.5-3b-instruct task=seds_f4_C2_r20_011 family=family4_codegen rep=0 lat_total_ms=6124.4 err=None
2026-02-25 14:47:42,637 | INFO | [41/4500 |   0.9% | 0.17 it/s] model=ollama-qwen2.5-3b-instruct task=seds_f4_C2_r20_014 family=family4_codegen rep=1 lat_total_ms=5577.6 err=None
2026-02-25 14:48:38,605 | INFO | [51/4500 |   1.1% | 0.17 it/s] model=ollama-qwen2.5-3b-instruct task=seds_f4_C2_r20_017 family=family4_codegen rep=2 lat_total_ms=5624.1 err=None
2026-02-25 14:49:39,597 | INFO | [61/4500 |   1.4% | 0.17 it/s] model=ollama-qwen2.5-3b-instruct task=seds_f4_C2_r20_021 family=family4_codegen rep=0 lat_total_ms=6460.0 err=None
2026-02-25 14:50:45,136 | INFO | [71/4500 |   1.6% | 0.17 it/s] model=ollama-qwen2.5-3b-instruct task=seds_f4_C2_r20_024 family=family4_codegen rep=1 lat_total_ms=6515.7 err=None
2026-02-25 14:51:51,835 | INFO | [81/4500 |   1.8% | 0.17 it/s] model=ollama-qwen2.5-3b-instruct task=seds_f4_C2_r20_027 family=family4_codegen rep=2 lat_total_ms=6367.0 err=None
2026-02-25 14:52:58,980 | INFO | [91/4500 |   2.0% | 0.16 it/s] model=ollama-qwen2.5-3b-instruct task=seds_f4_C2_r100_001 family=family4_codegen rep=0 lat_total_ms=9088.8 err=None
2026-02-25 14:54:08,535 | INFO | [101/4500 |   2.2% | 0.16 it/s] model=ollama-qwen2.5-3b-instruct task=seds_f4_C2_r100_004 family=family4_codegen rep=1 lat_total_ms=6058.8 err=None
2026-02-25 14:55:17,315 | INFO | [111/4500 |   2.5% | 0.16 it/s] model=ollama-qwen2.5-3b-instruct task=seds_f4_C2_r100_007 family=family4_codegen rep=2 lat_total_ms=6014.9 err=None
2026-02-25 14:56:28,731 | INFO | [121/4500 |   2.7% | 0.16 it/s] model=ollama-qwen2.5-3b-instruct task=seds_f4_C2_r100_011 family=family4_codegen rep=0 lat_total_ms=8837.1 err=None
2026-02-25 14:57:37,401 | INFO | [131/4500 |   2.9% | 0.16 it/s] model=ollama-qwen2.5-3b-instruct task=seds_f4_C2_r100_014 family=family4_codegen rep=1 lat_total_ms=6033.2 err=None
2026-02-25 14:58:46,582 | INFO | [141/4500 |   3.1% | 0.16 it/s] model=ollama-qwen2.5-3b-instruct task=seds_f4_C2_r100_017 family=family4_codegen rep=2 lat_total_ms=6289.5 err=None
2026-02-25 14:59:59,441 | INFO | [151/4500 |   3.4% | 0.15 it/s] model=ollama-qwen2.5-3b-instruct task=seds_f4_C2_r100_021 family=family4_codegen rep=0 lat_total_ms=8905.6 err=None
2026-02-25 15:01:09,522 | INFO | [161/4500 |   3.6% | 0.15 it/s] model=ollama-qwen2.5-3b-instruct task=seds_f4_C2_r100_024 family=family4_codegen rep=1 lat_total_ms=6146.5 err=None
2026-02-25 15:02:20,376 | INFO | [171/4500 |   3.8% | 0.15 it/s] model=ollama-qwen2.5-3b-instruct task=seds_f4_C2_r100_027 family=family4_codegen rep=2 lat_total_ms=6124.1 err=None
2026-02-25 15:03:39,195 | INFO | [181/4500 |   4.0% | 0.15 it/s] model=ollama-qwen2.5-3b-instruct task=seds_f4_C2_r250_001 family=family4_codegen rep=0 lat_total_ms=14279.2 err=None
2026-02-25 15:05:07,393 | INFO | [191/4500 |   4.2% | 0.15 it/s] model=ollama-qwen2.5-3b-instruct task=seds_f4_C2_r250_004 family=family4_codegen rep=1 lat_total_ms=6530.0 err=None
2026-02-25 15:06:35,880 | INFO | [201/4500 |   4.5% | 0.15 it/s] model=ollama-qwen2.5-3b-instruct task=seds_f4_C2_r250_007 family=family4_codegen rep=2 lat_total_ms=6574.1 err=None
2026-02-25 15:08:28,447 | INFO | [211/4500 |   4.7% | 0.14 it/s] model=ollama-qwen2.5-3b-instruct task=seds_f4_C2_r250_011 family=family4_codegen rep=0 lat_total_ms=18473.4 err=None
2026-02-25 15:10:23,317 | INFO | [221/4500 |   4.9% | 0.14 it/s] model=ollama-qwen2.5-3b-instruct task=seds_f4_C2_r250_014 family=family4_codegen rep=1 lat_total_ms=8845.6 err=None
2026-02-25 15:12:23,202 | INFO | [231/4500 |   5.1% | 0.13 it/s] model=ollama-qwen2.5-3b-instruct task=seds_f4_C2_r250_017 family=family4_codegen rep=2 lat_total_ms=10029.1 err=None
2026-02-25 15:14:35,392 | INFO | [241/4500 |   5.4% | 0.13 it/s] model=ollama-qwen2.5-3b-instruct task=seds_f4_C2_r250_021 family=family4_codegen rep=0 lat_total_ms=17514.6 err=None
2026-02-25 15:16:30,192 | INFO | [251/4500 |   5.6% | 0.13 it/s] model=ollama-qwen2.5-3b-instruct task=seds_f4_C2_r250_024 family=family4_codegen rep=1 lat_total_ms=8730.1 err=None
2026-02-25 15:18:25,088 | INFO | [261/4500 |   5.8% | 0.13 it/s] model=ollama-qwen2.5-3b-instruct task=seds_f4_C2_r250_027 family=family4_codegen rep=2 lat_total_ms=8715.5 err=None
2026-02-25 15:20:42,195 | INFO | [271/4500 |   6.0% | 0.12 it/s] model=ollama-qwen2.5-3b-instruct task=seds_f4_C2_r500_001 family=family4_codegen rep=0 lat_total_ms=30399.7 err=None
2026-02-25 15:23:14,282 | INFO | [281/4500 |   6.2% | 0.12 it/s] model=ollama-qwen2.5-3b-instruct task=seds_f4_C2_r500_004 family=family4_codegen rep=1 lat_total_ms=10148.6 err=None
2026-02-25 15:25:57,080 | INFO | [291/4500 |   6.5% | 0.11 it/s] model=ollama-qwen2.5-3b-instruct task=seds_f4_C2_r500_007 family=family4_codegen rep=2 lat_total_ms=10677.9 err=None
2026-02-25 15:28:54,451 | INFO | [301/4500 |   6.7% | 0.11 it/s] model=ollama-qwen2.5-3b-instruct task=seds_f4_C2_r500_011 family=family4_codegen rep=0 lat_total_ms=32049.3 err=None
2026-02-25 15:31:42,833 | INFO | [311/4500 |   6.9% | 0.11 it/s] model=ollama-qwen2.5-3b-instruct task=seds_f4_C2_r500_014 family=family4_codegen rep=1 lat_total_ms=10680.3 err=None
2026-02-25 15:34:25,879 | INFO | [321/4500 |   7.1% | 0.11 it/s] model=ollama-qwen2.5-3b-instruct task=seds_f4_C2_r500_017 family=family4_codegen rep=2 lat_total_ms=10028.2 err=None
2026-02-25 15:37:27,751 | INFO | [331/4500 |   7.4% | 0.10 it/s] model=ollama-qwen2.5-3b-instruct task=seds_f4_C2_r500_021 family=family4_codegen rep=0 lat_total_ms=27248.7 err=None
2026-02-25 15:39:57,440 | INFO | [341/4500 |   7.6% | 0.10 it/s] model=ollama-qwen2.5-3b-instruct task=seds_f4_C2_r500_024 family=family4_codegen rep=1 lat_total_ms=12864.0 err=None
2026-02-25 15:43:19,420 | INFO | [351/4500 |   7.8% | 0.10 it/s] model=ollama-qwen2.5-3b-instruct task=seds_f4_C2_r500_027 family=family4_codegen rep=2 lat_total_ms=12601.2 err=None
2026-02-25 15:47:03,565 | INFO | [361/4500 |   8.0% | 0.09 it/s] model=ollama-qwen2.5-3b-instruct task=seds_f4_C2_r1000_001 family=family4_codegen rep=0 lat_total_ms=64111.2 err=None
2026-02-25 15:51:06,713 | INFO | [371/4500 |   8.2% | 0.09 it/s] model=ollama-qwen2.5-3b-instruct task=seds_f4_C2_r1000_004 family=family4_codegen rep=1 lat_total_ms=12805.5 err=None
2026-02-25 15:55:28,542 | INFO | [381/4500 |   8.5% | 0.09 it/s] model=ollama-qwen2.5-3b-instruct task=seds_f4_C2_r1000_007 family=family4_codegen rep=2 lat_total_ms=12328.1 err=None
2026-02-25 16:00:23,997 | INFO | [391/4500 |   8.7% | 0.08 it/s] model=ollama-qwen2.5-3b-instruct task=seds_f4_C2_r1000_011 family=family4_codegen rep=0 lat_total_ms=58553.0 err=None
2026-02-25 16:04:59,294 | INFO | [401/4500 |   8.9% | 0.08 it/s] model=ollama-qwen2.5-3b-instruct task=seds_f4_C2_r1000_014 family=family4_codegen rep=1 lat_total_ms=13285.6 err=None
2026-02-25 16:09:41,518 | INFO | [411/4500 |   9.1% | 0.08 it/s] model=ollama-qwen2.5-3b-instruct task=seds_f4_C2_r1000_017 family=family4_codegen rep=2 lat_total_ms=13324.0 err=None
2026-02-25 16:14:58,507 | INFO | [421/4500 |   9.4% | 0.08 it/s] model=ollama-qwen2.5-3b-instruct task=seds_f4_C2_r1000_021 family=family4_codegen rep=0 lat_total_ms=61992.2 err=None
2026-02-25 16:19:30,454 | INFO | [431/4500 |   9.6% | 0.07 it/s] model=ollama-qwen2.5-3b-instruct task=seds_f4_C2_r1000_024 family=family4_codegen rep=1 lat_total_ms=13387.1 err=None
2026-02-25 16:24:03,768 | INFO | [441/4500 |   9.8% | 0.07 it/s] model=ollama-qwen2.5-3b-instruct task=seds_f4_C2_r1000_027 family=family4_codegen rep=2 lat_total_ms=13240.0 err=None
2026-02-25 16:28:42,548 | INFO | [451/4500 |  10.0% | 0.07 it/s] model=ollama-qwen2.5-7b-instruct task=seds_f4_C2_r20_001 family=family4_codegen rep=0 lat_total_ms=27495.1 err=None
2026-02-25 16:31:22,163 | INFO | [461/4500 |  10.2% | 0.07 it/s] model=ollama-qwen2.5-7b-instruct task=seds_f4_C2_r20_004 family=family4_codegen rep=1 lat_total_ms=13784.7 err=None
2026-02-25 16:33:57,811 | INFO | [471/4500 |  10.5% | 0.07 it/s] model=ollama-qwen2.5-7b-instruct task=seds_f4_C2_r20_007 family=family4_codegen rep=2 lat_total_ms=14095.2 err=None
2026-02-25 16:36:42,244 | INFO | [481/4500 |  10.7% | 0.07 it/s] model=ollama-qwen2.5-7b-instruct task=seds_f4_C2_r20_011 family=family4_codegen rep=0 lat_total_ms=17583.3 err=None
2026-02-25 16:39:21,910 | INFO | [491/4500 |  10.9% | 0.07 it/s] model=ollama-qwen2.5-7b-instruct task=seds_f4_C2_r20_014 family=family4_codegen rep=1 lat_total_ms=15511.8 err=None
2026-02-25 16:42:00,581 | INFO | [501/4500 |  11.1% | 0.07 it/s] model=ollama-qwen2.5-7b-instruct task=seds_f4_C2_r20_017 family=family4_codegen rep=2 lat_total_ms=15318.7 err=None
2026-02-25 16:44:40,666 | INFO | [511/4500 |  11.4% | 0.07 it/s] model=ollama-qwen2.5-7b-instruct task=seds_f4_C2_r20_021 family=family4_codegen rep=0 lat_total_ms=16911.4 err=None
2026-02-25 16:46:48,102 | INFO | [521/4500 |  11.6% | 0.07 it/s] model=ollama-qwen2.5-7b-instruct task=seds_f4_C2_r20_024 family=family4_codegen rep=1 lat_total_ms=11863.0 err=None
2026-02-25 16:48:52,705 | INFO | [531/4500 |  11.8% | 0.07 it/s] model=ollama-qwen2.5-7b-instruct task=seds_f4_C2_r20_027 family=family4_codegen rep=2 lat_total_ms=12048.0 err=None
2026-02-25 16:51:04,479 | INFO | [541/4500 |  12.0% | 0.07 it/s] model=ollama-qwen2.5-7b-instruct task=seds_f4_C2_r100_001 family=family4_codegen rep=0 lat_total_ms=18891.7 err=None
2026-02-25 16:53:33,161 | INFO | [551/4500 |  12.2% | 0.07 it/s] model=ollama-qwen2.5-7b-instruct task=seds_f4_C2_r100_004 family=family4_codegen rep=1 lat_total_ms=12765.2 err=None
2026-02-25 16:56:00,505 | INFO | [561/4500 |  12.5% | 0.07 it/s] model=ollama-qwen2.5-7b-instruct task=seds_f4_C2_r100_007 family=family4_codegen rep=2 lat_total_ms=12895.9 err=None
2026-02-25 16:58:37,801 | INFO | [571/4500 |  12.7% | 0.07 it/s] model=ollama-qwen2.5-7b-instruct task=seds_f4_C2_r100_011 family=family4_codegen rep=0 lat_total_ms=19734.0 err=None
2026-02-25 17:01:08,627 | INFO | [581/4500 |  12.9% | 0.07 it/s] model=ollama-qwen2.5-7b-instruct task=seds_f4_C2_r100_014 family=family4_codegen rep=1 lat_total_ms=13056.4 err=None
2026-02-25 17:03:36,593 | INFO | [591/4500 |  13.1% | 0.07 it/s] model=ollama-qwen2.5-7b-instruct task=seds_f4_C2_r100_017 family=family4_codegen rep=2 lat_total_ms=12373.9 err=None
2026-02-25 17:06:04,030 | INFO | [601/4500 |  13.4% | 0.07 it/s] model=ollama-qwen2.5-7b-instruct task=seds_f4_C2_r100_021 family=family4_codegen rep=0 lat_total_ms=19096.0 err=None
2026-02-25 17:08:27,211 | INFO | [611/4500 |  13.6% | 0.07 it/s] model=ollama-qwen2.5-7b-instruct task=seds_f4_C2_r100_024 family=family4_codegen rep=1 lat_total_ms=12397.6 err=None
2026-02-25 17:10:52,123 | INFO | [621/4500 |  13.8% | 0.07 it/s] model=ollama-qwen2.5-7b-instruct task=seds_f4_C2_r100_027 family=family4_codegen rep=2 lat_total_ms=12239.5 err=None
2026-02-25 17:13:26,504 | INFO | [631/4500 |  14.0% | 0.07 it/s] model=ollama-qwen2.5-7b-instruct task=seds_f4_C2_r250_001 family=family4_codegen rep=0 lat_total_ms=25560.4 err=None
2026-02-25 17:16:08,194 | INFO | [641/4500 |  14.2% | 0.07 it/s] model=ollama-qwen2.5-7b-instruct task=seds_f4_C2_r250_004 family=family4_codegen rep=1 lat_total_ms=9542.8 err=None
2026-02-25 17:18:53,201 | INFO | [651/4500 |  14.5% | 0.07 it/s] model=ollama-qwen2.5-7b-instruct task=seds_f4_C2_r250_007 family=family4_codegen rep=2 lat_total_ms=10081.2 err=None
2026-02-25 17:21:45,830 | INFO | [661/4500 |  14.7% | 0.07 it/s] model=ollama-qwen2.5-7b-instruct task=seds_f4_C2_r250_011 family=family4_codegen rep=0 lat_total_ms=26723.5 err=None
2026-02-25 17:24:48,340 | INFO | [671/4500 |  14.9% | 0.07 it/s] model=ollama-qwen2.5-7b-instruct task=seds_f4_C2_r250_014 family=family4_codegen rep=1 lat_total_ms=12826.1 err=None
2026-02-25 17:27:48,837 | INFO | [681/4500 |  15.1% | 0.07 it/s] model=ollama-qwen2.5-7b-instruct task=seds_f4_C2_r250_017 family=family4_codegen rep=2 lat_total_ms=15191.1 err=None
2026-02-25 17:30:57,989 | INFO | [691/4500 |  15.4% | 0.07 it/s] model=ollama-qwen2.5-7b-instruct task=seds_f4_C2_r250_021 family=family4_codegen rep=0 lat_total_ms=29625.9 err=None
2026-02-25 17:34:10,624 | INFO | [701/4500 |  15.6% | 0.07 it/s] model=ollama-qwen2.5-7b-instruct task=seds_f4_C2_r250_024 family=family4_codegen rep=1 lat_total_ms=14024.5 err=None
2026-02-25 17:37:04,226 | INFO | [711/4500 |  15.8% | 0.07 it/s] model=ollama-qwen2.5-7b-instruct task=seds_f4_C2_r250_027 family=family4_codegen rep=2 lat_total_ms=13320.6 err=None
2026-02-25 17:40:38,567 | INFO | [721/4500 |  16.0% | 0.07 it/s] model=ollama-qwen2.5-7b-instruct task=seds_f4_C2_r500_001 family=family4_codegen rep=0 lat_total_ms=50716.5 err=None
2026-02-25 17:45:04,267 | INFO | [731/4500 |  16.2% | 0.07 it/s] model=ollama-qwen2.5-7b-instruct task=seds_f4_C2_r500_004 family=family4_codegen rep=1 lat_total_ms=17903.2 err=None
2026-02-25 17:49:46,068 | INFO | [741/4500 |  16.5% | 0.07 it/s] model=ollama-qwen2.5-7b-instruct task=seds_f4_C2_r500_007 family=family4_codegen rep=2 lat_total_ms=14534.5 err=None
2026-02-25 17:54:13,715 | INFO | [751/4500 |  16.7% | 0.07 it/s] model=ollama-qwen2.5-7b-instruct task=seds_f4_C2_r500_011 family=family4_codegen rep=0 lat_total_ms=50158.3 err=None
2026-02-25 17:57:59,300 | INFO | [761/4500 |  16.9% | 0.07 it/s] model=ollama-qwen2.5-7b-instruct task=seds_f4_C2_r500_014 family=family4_codegen rep=1 lat_total_ms=10815.5 err=None
2026-02-25 18:02:06,622 | INFO | [771/4500 |  17.1% | 0.06 it/s] model=ollama-qwen2.5-7b-instruct task=seds_f4_C2_r500_017 family=family4_codegen rep=2 lat_total_ms=14356.5 err=None
2026-02-25 18:06:41,777 | INFO | [781/4500 |  17.4% | 0.06 it/s] model=ollama-qwen2.5-7b-instruct task=seds_f4_C2_r500_021 family=family4_codegen rep=0 lat_total_ms=49955.1 err=None
2026-02-25 18:10:32,906 | INFO | [791/4500 |  17.6% | 0.06 it/s] model=ollama-qwen2.5-7b-instruct task=seds_f4_C2_r500_024 family=family4_codegen rep=1 lat_total_ms=14424.7 err=None
2026-02-25 18:14:34,163 | INFO | [801/4500 |  17.8% | 0.06 it/s] model=ollama-qwen2.5-7b-instruct task=seds_f4_C2_r500_027 family=family4_codegen rep=2 lat_total_ms=14317.6 err=None
2026-02-25 18:20:04,049 | INFO | [811/4500 |  18.0% | 0.06 it/s] model=ollama-qwen2.5-7b-instruct task=seds_f4_C2_r1000_001 family=family4_codegen rep=0 lat_total_ms=101794.9 err=None
2026-02-25 18:27:14,146 | INFO | [821/4500 |  18.2% | 0.06 it/s] model=ollama-qwen2.5-7b-instruct task=seds_f4_C2_r1000_004 family=family4_codegen rep=1 lat_total_ms=17679.4 err=None
2026-02-25 18:34:27,863 | INFO | [831/4500 |  18.5% | 0.06 it/s] model=ollama-qwen2.5-7b-instruct task=seds_f4_C2_r1000_007 family=family4_codegen rep=2 lat_total_ms=14659.5 err=None
2026-02-25 18:44:26,454 | INFO | [841/4500 |  18.7% | 0.06 it/s] model=ollama-qwen2.5-7b-instruct task=seds_f4_C2_r1000_011 family=family4_codegen rep=0 lat_total_ms=135486.1 err=None
2026-02-25 18:54:30,385 | INFO | [851/4500 |  18.9% | 0.06 it/s] model=ollama-qwen2.5-7b-instruct task=seds_f4_C2_r1000_014 family=family4_codegen rep=1 lat_total_ms=24984.2 err=None
2026-02-25 19:04:59,464 | INFO | [861/4500 |  19.1% | 0.05 it/s] model=ollama-qwen2.5-7b-instruct task=seds_f4_C2_r1000_017 family=family4_codegen rep=2 lat_total_ms=23889.6 err=None
2026-02-25 19:16:58,073 | INFO | [871/4500 |  19.4% | 0.05 it/s] model=ollama-qwen2.5-7b-instruct task=seds_f4_C2_r1000_021 family=family4_codegen rep=0 lat_total_ms=142761.1 err=None
2026-02-25 19:27:01,523 | INFO | [881/4500 |  19.6% | 0.05 it/s] model=ollama-qwen2.5-7b-instruct task=seds_f4_C2_r1000_024 family=family4_codegen rep=1 lat_total_ms=23099.2 err=None
2026-02-25 19:37:18,674 | INFO | [891/4500 |  19.8% | 0.05 it/s] model=ollama-qwen2.5-7b-instruct task=seds_f4_C2_r1000_027 family=family4_codegen rep=2 lat_total_ms=25452.7 err=None
2026-02-25 19:45:47,736 | INFO | [901/4500 |  20.0% | 0.05 it/s] model=ollama-mistral-7b-instruct task=seds_f4_C2_r20_001 family=family4_codegen rep=0 lat_total_ms=15015.6 err=None
2026-02-25 19:47:20,919 | INFO | [911/4500 |  20.2% | 0.05 it/s] model=ollama-mistral-7b-instruct task=seds_f4_C2_r20_004 family=family4_codegen rep=1 lat_total_ms=7604.3 err=None
2026-02-25 19:48:49,934 | INFO | [921/4500 |  20.5% | 0.05 it/s] model=ollama-mistral-7b-instruct task=seds_f4_C2_r20_007 family=family4_codegen rep=2 lat_total_ms=8317.3 err=None
2026-02-25 19:50:37,775 | INFO | [931/4500 |  20.7% | 0.05 it/s] model=ollama-mistral-7b-instruct task=seds_f4_C2_r20_011 family=family4_codegen rep=0 lat_total_ms=9888.4 err=None
2026-02-25 19:52:20,595 | INFO | [941/4500 |  20.9% | 0.05 it/s] model=ollama-mistral-7b-instruct task=seds_f4_C2_r20_014 family=family4_codegen rep=1 lat_total_ms=9907.6 err=None
2026-02-25 19:53:55,268 | INFO | [951/4500 |  21.1% | 0.05 it/s] model=ollama-mistral-7b-instruct task=seds_f4_C2_r20_017 family=family4_codegen rep=2 lat_total_ms=7881.5 err=None
2026-02-25 19:55:28,836 | INFO | [961/4500 |  21.4% | 0.05 it/s] model=ollama-mistral-7b-instruct task=seds_f4_C2_r20_021 family=family4_codegen rep=0 lat_total_ms=10001.0 err=None
2026-02-25 19:57:00,965 | INFO | [971/4500 |  21.6% | 0.05 it/s] model=ollama-mistral-7b-instruct task=seds_f4_C2_r20_024 family=family4_codegen rep=1 lat_total_ms=9399.4 err=None
2026-02-25 19:58:28,949 | INFO | [981/4500 |  21.8% | 0.05 it/s] model=ollama-mistral-7b-instruct task=seds_f4_C2_r20_027 family=family4_codegen rep=2 lat_total_ms=7828.1 err=None
2026-02-25 20:00:14,927 | INFO | [991/4500 |  22.0% | 0.05 it/s] model=ollama-mistral-7b-instruct task=seds_f4_C2_r100_001 family=family4_codegen rep=0 lat_total_ms=17887.1 err=None
2026-02-25 20:02:03,247 | INFO | [1001/4500 |  22.2% | 0.05 it/s] model=ollama-mistral-7b-instruct task=seds_f4_C2_r100_004 family=family4_codegen rep=1 lat_total_ms=7640.9 err=None
2026-02-25 20:03:49,848 | INFO | [1011/4500 |  22.5% | 0.05 it/s] model=ollama-mistral-7b-instruct task=seds_f4_C2_r100_007 family=family4_codegen rep=2 lat_total_ms=6692.1 err=None
2026-02-25 20:05:47,538 | INFO | [1021/4500 |  22.7% | 0.05 it/s] model=ollama-mistral-7b-instruct task=seds_f4_C2_r100_011 family=family4_codegen rep=0 lat_total_ms=16509.8 err=None
2026-02-25 20:07:42,007 | INFO | [1031/4500 |  22.9% | 0.05 it/s] model=ollama-mistral-7b-instruct task=seds_f4_C2_r100_014 family=family4_codegen rep=1 lat_total_ms=8484.1 err=None
2026-02-25 20:09:29,715 | INFO | [1041/4500 |  23.1% | 0.05 it/s] model=ollama-mistral-7b-instruct task=seds_f4_C2_r100_017 family=family4_codegen rep=2 lat_total_ms=7528.1 err=None
2026-02-25 20:11:28,627 | INFO | [1051/4500 |  23.4% | 0.05 it/s] model=ollama-mistral-7b-instruct task=seds_f4_C2_r100_021 family=family4_codegen rep=0 lat_total_ms=18059.7 err=None
2026-02-25 20:13:27,448 | INFO | [1061/4500 |  23.6% | 0.05 it/s] model=ollama-mistral-7b-instruct task=seds_f4_C2_r100_024 family=family4_codegen rep=1 lat_total_ms=8663.7 err=None
2026-02-25 20:15:02,369 | INFO | [1071/4500 |  23.8% | 0.05 it/s] model=ollama-mistral-7b-instruct task=seds_f4_C2_r100_027 family=family4_codegen rep=2 lat_total_ms=6293.9 err=None
2026-02-25 20:17:07,041 | INFO | [1081/4500 |  24.0% | 0.05 it/s] model=ollama-mistral-7b-instruct task=seds_f4_C2_r250_001 family=family4_codegen rep=0 lat_total_ms=35562.3 err=None
2026-02-25 20:20:03,741 | INFO | [1091/4500 |  24.2% | 0.05 it/s] model=ollama-mistral-7b-instruct task=seds_f4_C2_r250_004 family=family4_codegen rep=1 lat_total_ms=8454.1 err=None
2026-02-25 20:22:41,317 | INFO | [1101/4500 |  24.5% | 0.05 it/s] model=ollama-mistral-7b-instruct task=seds_f4_C2_r250_007 family=family4_codegen rep=2 lat_total_ms=8321.0 err=None
2026-02-25 20:25:55,700 | INFO | [1111/4500 |  24.7% | 0.05 it/s] model=ollama-mistral-7b-instruct task=seds_f4_C2_r250_011 family=family4_codegen rep=0 lat_total_ms=29699.0 err=None
2026-02-25 20:28:18,902 | INFO | [1121/4500 |  24.9% | 0.05 it/s] model=ollama-mistral-7b-instruct task=seds_f4_C2_r250_014 family=family4_codegen rep=1 lat_total_ms=8948.5 err=None
2026-02-25 20:30:53,399 | INFO | [1131/4500 |  25.1% | 0.05 it/s] model=ollama-mistral-7b-instruct task=seds_f4_C2_r250_017 family=family4_codegen rep=2 lat_total_ms=10097.7 err=None
2026-02-25 20:34:21,172 | INFO | [1141/4500 |  25.4% | 0.05 it/s] model=ollama-mistral-7b-instruct task=seds_f4_C2_r250_021 family=family4_codegen rep=0 lat_total_ms=33190.5 err=None
2026-02-25 20:37:35,889 | INFO | [1151/4500 |  25.6% | 0.05 it/s] model=ollama-mistral-7b-instruct task=seds_f4_C2_r250_024 family=family4_codegen rep=1 lat_total_ms=13903.7 err=None
2026-02-25 20:40:38,518 | INFO | [1161/4500 |  25.8% | 0.05 it/s] model=ollama-mistral-7b-instruct task=seds_f4_C2_r250_027 family=family4_codegen rep=2 lat_total_ms=11334.3 err=None
2026-02-25 20:45:14,923 | INFO | [1171/4500 |  26.0% | 0.05 it/s] model=ollama-mistral-7b-instruct task=seds_f4_C2_r500_001 family=family4_codegen rep=0 lat_total_ms=72945.7 err=None
2026-02-25 20:50:14,102 | INFO | [1181/4500 |  26.2% | 0.05 it/s] model=ollama-mistral-7b-instruct task=seds_f4_C2_r500_004 family=family4_codegen rep=1 lat_total_ms=14852.6 err=None
2026-02-25 20:55:38,635 | INFO | [1191/4500 |  26.5% | 0.05 it/s] model=ollama-mistral-7b-instruct task=seds_f4_C2_r500_007 family=family4_codegen rep=2 lat_total_ms=12693.4 err=None
2026-02-25 21:02:21,990 | INFO | [1201/4500 |  26.7% | 0.05 it/s] model=ollama-mistral-7b-instruct task=seds_f4_C2_r500_011 family=family4_codegen rep=0 lat_total_ms=72471.6 err=None
2026-02-25 21:07:44,857 | INFO | [1211/4500 |  26.9% | 0.05 it/s] model=ollama-mistral-7b-instruct task=seds_f4_C2_r500_014 family=family4_codegen rep=1 lat_total_ms=14558.2 err=None
2026-02-25 21:12:53,329 | INFO | [1221/4500 |  27.1% | 0.05 it/s] model=ollama-mistral-7b-instruct task=seds_f4_C2_r500_017 family=family4_codegen rep=2 lat_total_ms=12705.5 err=None
2026-02-25 21:19:06,353 | INFO | [1231/4500 |  27.4% | 0.05 it/s] model=ollama-mistral-7b-instruct task=seds_f4_C2_r500_021 family=family4_codegen rep=0 lat_total_ms=73313.2 err=None
2026-02-25 21:24:55,258 | INFO | [1241/4500 |  27.6% | 0.05 it/s] model=ollama-mistral-7b-instruct task=seds_f4_C2_r500_024 family=family4_codegen rep=1 lat_total_ms=14490.2 err=None
2026-02-25 21:30:38,627 | INFO | [1251/4500 |  27.8% | 0.05 it/s] model=ollama-mistral-7b-instruct task=seds_f4_C2_r500_027 family=family4_codegen rep=2 lat_total_ms=15980.1 err=None
2026-02-25 21:39:28,792 | INFO | [1261/4500 |  28.0% | 0.05 it/s] model=ollama-mistral-7b-instruct task=seds_f4_C2_r1000_001 family=family4_codegen rep=0 lat_total_ms=177520.4 err=None
2026-02-25 21:48:35,876 | INFO | [1271/4500 |  28.2% | 0.05 it/s] model=ollama-mistral-7b-instruct task=seds_f4_C2_r1000_004 family=family4_codegen rep=1 lat_total_ms=15334.5 err=None
2026-02-25 21:58:13,328 | INFO | [1281/4500 |  28.5% | 0.05 it/s] model=ollama-mistral-7b-instruct task=seds_f4_C2_r1000_007 family=family4_codegen rep=2 lat_total_ms=13947.8 err=None
2026-02-25 22:10:27,616 | INFO | [1291/4500 |  28.7% | 0.05 it/s] model=ollama-mistral-7b-instruct task=seds_f4_C2_r1000_011 family=family4_codegen rep=0 lat_total_ms=165274.0 err=None
2026-02-25 22:21:42,929 | INFO | [1301/4500 |  28.9% | 0.05 it/s] model=ollama-mistral-7b-instruct task=seds_f4_C2_r1000_014 family=family4_codegen rep=1 lat_total_ms=15753.1 err=None
2026-02-25 22:32:43,785 | INFO | [1311/4500 |  29.1% | 0.05 it/s] model=ollama-mistral-7b-instruct task=seds_f4_C2_r1000_017 family=family4_codegen rep=2 lat_total_ms=19349.0 err=None
2026-02-25 22:46:02,507 | INFO | [1321/4500 |  29.4% | 0.05 it/s] model=ollama-mistral-7b-instruct task=seds_f4_C2_r1000_021 family=family4_codegen rep=0 lat_total_ms=180003.1 err=ReadTimeout(ReadTimeoutError("HTTPConnectionPool(host='localhost', port=11434): Read timed out. (read timeout=180.0)"))
2026-02-25 22:57:39,308 | INFO | [1331/4500 |  29.6% | 0.04 it/s] model=ollama-mistral-7b-instruct task=seds_f4_C2_r1000_024 family=family4_codegen rep=1 lat_total_ms=19252.7 err=None
2026-02-25 23:09:16,047 | INFO | [1341/4500 |  29.8% | 0.04 it/s] model=ollama-mistral-7b-instruct task=seds_f4_C2_r1000_027 family=family4_codegen rep=2 lat_total_ms=18850.9 err=None
2026-02-25 23:20:12,187 | INFO | [1351/4500 |  30.0% | 0.04 it/s] model=ollama-llama3-latest task=seds_f4_C2_r20_001 family=family4_codegen rep=0 lat_total_ms=19416.1 err=None
2026-02-25 23:22:34,259 | INFO | [1361/4500 |  30.2% | 0.04 it/s] model=ollama-llama3-latest task=seds_f4_C2_r20_004 family=family4_codegen rep=1 lat_total_ms=12307.3 err=None
2026-02-25 23:25:04,523 | INFO | [1371/4500 |  30.5% | 0.04 it/s] model=ollama-llama3-latest task=seds_f4_C2_r20_007 family=family4_codegen rep=2 lat_total_ms=14742.2 err=None
2026-02-25 23:27:27,970 | INFO | [1381/4500 |  30.7% | 0.04 it/s] model=ollama-llama3-latest task=seds_f4_C2_r20_011 family=family4_codegen rep=0 lat_total_ms=13677.8 err=None
2026-02-25 23:29:51,753 | INFO | [1391/4500 |  30.9% | 0.04 it/s] model=ollama-llama3-latest task=seds_f4_C2_r20_014 family=family4_codegen rep=1 lat_total_ms=14563.7 err=None
2026-02-25 23:32:22,077 | INFO | [1401/4500 |  31.1% | 0.04 it/s] model=ollama-llama3-latest task=seds_f4_C2_r20_017 family=family4_codegen rep=2 lat_total_ms=14536.3 err=None
2026-02-25 23:34:48,249 | INFO | [1411/4500 |  31.4% | 0.04 it/s] model=ollama-llama3-latest task=seds_f4_C2_r20_021 family=family4_codegen rep=0 lat_total_ms=15518.3 err=None
2026-02-25 23:37:14,025 | INFO | [1421/4500 |  31.6% | 0.04 it/s] model=ollama-llama3-latest task=seds_f4_C2_r20_024 family=family4_codegen rep=1 lat_total_ms=14727.3 err=None
2026-02-25 23:39:29,199 | INFO | [1431/4500 |  31.8% | 0.04 it/s] model=ollama-llama3-latest task=seds_f4_C2_r20_027 family=family4_codegen rep=2 lat_total_ms=11383.9 err=None
2026-02-25 23:41:20,989 | INFO | [1441/4500 |  32.0% | 0.04 it/s] model=ollama-llama3-latest task=seds_f4_C2_r100_001 family=family4_codegen rep=0 lat_total_ms=17476.3 err=None
2026-02-25 23:43:20,845 | INFO | [1451/4500 |  32.2% | 0.04 it/s] model=ollama-llama3-latest task=seds_f4_C2_r100_004 family=family4_codegen rep=1 lat_total_ms=5955.2 err=None
2026-02-25 23:44:52,809 | INFO | [1461/4500 |  32.5% | 0.04 it/s] model=ollama-llama3-latest task=seds_f4_C2_r100_007 family=family4_codegen rep=2 lat_total_ms=11523.2 err=None
2026-02-25 23:46:48,542 | INFO | [1471/4500 |  32.7% | 0.05 it/s] model=ollama-llama3-latest task=seds_f4_C2_r100_011 family=family4_codegen rep=0 lat_total_ms=13153.6 err=None
2026-02-25 23:48:23,985 | INFO | [1481/4500 |  32.9% | 0.05 it/s] model=ollama-llama3-latest task=seds_f4_C2_r100_014 family=family4_codegen rep=1 lat_total_ms=5410.7 err=None
2026-02-25 23:50:30,484 | INFO | [1491/4500 |  33.1% | 0.05 it/s] model=ollama-llama3-latest task=seds_f4_C2_r100_017 family=family4_codegen rep=2 lat_total_ms=11559.0 err=None
2026-02-25 23:52:13,369 | INFO | [1501/4500 |  33.4% | 0.05 it/s] model=ollama-llama3-latest task=seds_f4_C2_r100_021 family=family4_codegen rep=0 lat_total_ms=16977.8 err=None
2026-02-25 23:53:51,893 | INFO | [1511/4500 |  33.6% | 0.05 it/s] model=ollama-llama3-latest task=seds_f4_C2_r100_024 family=family4_codegen rep=1 lat_total_ms=5411.2 err=None
2026-02-25 23:55:42,047 | INFO | [1521/4500 |  33.8% | 0.05 it/s] model=ollama-llama3-latest task=seds_f4_C2_r100_027 family=family4_codegen rep=2 lat_total_ms=11522.9 err=None
2026-02-25 23:57:34,978 | INFO | [1531/4500 |  34.0% | 0.05 it/s] model=ollama-llama3-latest task=seds_f4_C2_r250_001 family=family4_codegen rep=0 lat_total_ms=20173.8 err=None
2026-02-25 23:59:22,815 | INFO | [1541/4500 |  34.2% | 0.05 it/s] model=ollama-llama3-latest task=seds_f4_C2_r250_004 family=family4_codegen rep=1 lat_total_ms=6151.4 err=None
2026-02-26 00:01:33,332 | INFO | [1551/4500 |  34.5% | 0.05 it/s] model=ollama-llama3-latest task=seds_f4_C2_r250_007 family=family4_codegen rep=2 lat_total_ms=12008.8 err=None
2026-02-26 00:04:03,406 | INFO | [1561/4500 |  34.7% | 0.05 it/s] model=ollama-llama3-latest task=seds_f4_C2_r250_011 family=family4_codegen rep=0 lat_total_ms=23755.8 err=None
2026-02-26 00:06:22,856 | INFO | [1571/4500 |  34.9% | 0.05 it/s] model=ollama-llama3-latest task=seds_f4_C2_r250_014 family=family4_codegen rep=1 lat_total_ms=9004.0 err=None
2026-02-26 00:08:30,267 | INFO | [1581/4500 |  35.1% | 0.05 it/s] model=ollama-llama3-latest task=seds_f4_C2_r250_017 family=family4_codegen rep=2 lat_total_ms=6784.8 err=None
2026-02-26 00:10:52,528 | INFO | [1591/4500 |  35.4% | 0.05 it/s] model=ollama-llama3-latest task=seds_f4_C2_r250_021 family=family4_codegen rep=0 lat_total_ms=26435.4 err=None
2026-02-26 00:13:05,119 | INFO | [1601/4500 |  35.6% | 0.05 it/s] model=ollama-llama3-latest task=seds_f4_C2_r250_024 family=family4_codegen rep=1 lat_total_ms=10942.7 err=None
2026-02-26 00:15:21,972 | INFO | [1611/4500 |  35.8% | 0.05 it/s] model=ollama-llama3-latest task=seds_f4_C2_r250_027 family=family4_codegen rep=2 lat_total_ms=10197.3 err=None
2026-02-26 00:18:03,964 | INFO | [1621/4500 |  36.0% | 0.05 it/s] model=ollama-llama3-latest task=seds_f4_C2_r500_001 family=family4_codegen rep=0 lat_total_ms=35862.1 err=None
2026-02-26 00:24:27,614 | INFO | [1631/4500 |  36.2% | 0.05 it/s] model=ollama-llama3-latest task=seds_f4_C2_r500_004 family=family4_codegen rep=1 lat_total_ms=40316.6 err=None
2026-02-26 00:30:52,304 | INFO | [1641/4500 |  36.5% | 0.05 it/s] model=ollama-llama3-latest task=seds_f4_C2_r500_007 family=family4_codegen rep=2 lat_total_ms=37353.2 err=None
2026-02-26 00:37:11,588 | INFO | [1651/4500 |  36.7% | 0.05 it/s] model=ollama-llama3-latest task=seds_f4_C2_r500_011 family=family4_codegen rep=0 lat_total_ms=35191.3 err=None
2026-02-26 00:43:25,413 | INFO | [1661/4500 |  36.9% | 0.05 it/s] model=ollama-llama3-latest task=seds_f4_C2_r500_014 family=family4_codegen rep=1 lat_total_ms=36927.8 err=None
2026-02-26 00:49:36,465 | INFO | [1671/4500 |  37.1% | 0.05 it/s] model=ollama-llama3-latest task=seds_f4_C2_r500_017 family=family4_codegen rep=2 lat_total_ms=37534.6 err=None
2026-02-26 00:55:53,833 | INFO | [1681/4500 |  37.4% | 0.05 it/s] model=ollama-llama3-latest task=seds_f4_C2_r500_021 family=family4_codegen rep=0 lat_total_ms=40585.4 err=None
2026-02-26 01:02:01,124 | INFO | [1691/4500 |  37.6% | 0.05 it/s] model=ollama-llama3-latest task=seds_f4_C2_r500_024 family=family4_codegen rep=1 lat_total_ms=31509.1 err=None
2026-02-26 01:07:22,993 | INFO | [1701/4500 |  37.8% | 0.05 it/s] model=ollama-llama3-latest task=seds_f4_C2_r500_027 family=family4_codegen rep=2 lat_total_ms=31788.8 err=None
2026-02-26 01:12:58,282 | INFO | [1711/4500 |  38.0% | 0.05 it/s] model=ollama-llama3-latest task=seds_f4_C2_r1000_001 family=family4_codegen rep=0 lat_total_ms=35769.8 err=None
2026-02-26 01:18:37,494 | INFO | [1721/4500 |  38.2% | 0.05 it/s] model=ollama-llama3-latest task=seds_f4_C2_r1000_004 family=family4_codegen rep=1 lat_total_ms=34252.2 err=None
2026-02-26 01:24:09,510 | INFO | [1731/4500 |  38.5% | 0.05 it/s] model=ollama-llama3-latest task=seds_f4_C2_r1000_007 family=family4_codegen rep=2 lat_total_ms=32754.4 err=None
2026-02-26 01:29:35,453 | INFO | [1741/4500 |  38.7% | 0.04 it/s] model=ollama-llama3-latest task=seds_f4_C2_r1000_011 family=family4_codegen rep=0 lat_total_ms=34522.3 err=None
2026-02-26 01:35:17,008 | INFO | [1751/4500 |  38.9% | 0.04 it/s] model=ollama-llama3-latest task=seds_f4_C2_r1000_014 family=family4_codegen rep=1 lat_total_ms=34795.8 err=None
2026-02-26 01:41:03,633 | INFO | [1761/4500 |  39.1% | 0.04 it/s] model=ollama-llama3-latest task=seds_f4_C2_r1000_017 family=family4_codegen rep=2 lat_total_ms=42230.1 err=None
2026-02-26 01:47:32,809 | INFO | [1771/4500 |  39.4% | 0.04 it/s] model=ollama-llama3-latest task=seds_f4_C2_r1000_021 family=family4_codegen rep=0 lat_total_ms=39379.5 err=None
2026-02-26 01:53:50,959 | INFO | [1781/4500 |  39.6% | 0.04 it/s] model=ollama-llama3-latest task=seds_f4_C2_r1000_024 family=family4_codegen rep=1 lat_total_ms=38033.1 err=None
2026-02-26 02:00:17,253 | INFO | [1791/4500 |  39.8% | 0.04 it/s] model=ollama-llama3-latest task=seds_f4_C2_r1000_027 family=family4_codegen rep=2 lat_total_ms=43659.8 err=None
2026-02-26 02:06:15,356 | INFO | [1801/4500 |  40.0% | 0.04 it/s] model=ollama-mistral-latest task=seds_f4_C2_r20_001 family=family4_codegen rep=0 lat_total_ms=16672.9 err=None
2026-02-26 02:08:04,053 | INFO | [1811/4500 |  40.2% | 0.04 it/s] model=ollama-mistral-latest task=seds_f4_C2_r20_004 family=family4_codegen rep=1 lat_total_ms=9052.4 err=None
2026-02-26 02:09:50,003 | INFO | [1821/4500 |  40.5% | 0.04 it/s] model=ollama-mistral-latest task=seds_f4_C2_r20_007 family=family4_codegen rep=2 lat_total_ms=10005.9 err=None
2026-02-26 02:11:51,248 | INFO | [1831/4500 |  40.7% | 0.04 it/s] model=ollama-mistral-latest task=seds_f4_C2_r20_011 family=family4_codegen rep=0 lat_total_ms=10593.2 err=None
2026-02-26 02:13:45,562 | INFO | [1841/4500 |  40.9% | 0.04 it/s] model=ollama-mistral-latest task=seds_f4_C2_r20_014 family=family4_codegen rep=1 lat_total_ms=11734.0 err=None
2026-02-26 02:15:44,060 | INFO | [1851/4500 |  41.1% | 0.04 it/s] model=ollama-mistral-latest task=seds_f4_C2_r20_017 family=family4_codegen rep=2 lat_total_ms=9902.4 err=None
2026-02-26 02:17:35,711 | INFO | [1861/4500 |  41.4% | 0.04 it/s] model=ollama-mistral-latest task=seds_f4_C2_r20_021 family=family4_codegen rep=0 lat_total_ms=11603.7 err=None
2026-02-26 02:19:24,403 | INFO | [1871/4500 |  41.6% | 0.04 it/s] model=ollama-mistral-latest task=seds_f4_C2_r20_024 family=family4_codegen rep=1 lat_total_ms=10178.7 err=None
2026-02-26 02:21:03,896 | INFO | [1881/4500 |  41.8% | 0.04 it/s] model=ollama-mistral-latest task=seds_f4_C2_r20_027 family=family4_codegen rep=2 lat_total_ms=9050.9 err=None
2026-02-26 02:23:06,330 | INFO | [1891/4500 |  42.0% | 0.05 it/s] model=ollama-mistral-latest task=seds_f4_C2_r100_001 family=family4_codegen rep=0 lat_total_ms=20642.8 err=None
2026-02-26 02:25:05,263 | INFO | [1901/4500 |  42.2% | 0.05 it/s] model=ollama-mistral-latest task=seds_f4_C2_r100_004 family=family4_codegen rep=1 lat_total_ms=7741.5 err=None
2026-02-26 02:27:09,286 | INFO | [1911/4500 |  42.5% | 0.05 it/s] model=ollama-mistral-latest task=seds_f4_C2_r100_007 family=family4_codegen rep=2 lat_total_ms=8791.5 err=None
2026-02-26 02:29:22,164 | INFO | [1921/4500 |  42.7% | 0.05 it/s] model=ollama-mistral-latest task=seds_f4_C2_r100_011 family=family4_codegen rep=0 lat_total_ms=18002.6 err=None
2026-02-26 02:31:33,970 | INFO | [1931/4500 |  42.9% | 0.05 it/s] model=ollama-mistral-latest task=seds_f4_C2_r100_014 family=family4_codegen rep=1 lat_total_ms=10455.9 err=None
2026-02-26 02:33:41,985 | INFO | [1941/4500 |  43.1% | 0.05 it/s] model=ollama-mistral-latest task=seds_f4_C2_r100_017 family=family4_codegen rep=2 lat_total_ms=9136.4 err=None
2026-02-26 02:35:59,749 | INFO | [1951/4500 |  43.4% | 0.05 it/s] model=ollama-mistral-latest task=seds_f4_C2_r100_021 family=family4_codegen rep=0 lat_total_ms=21559.2 err=None
2026-02-26 02:38:30,348 | INFO | [1961/4500 |  43.6% | 0.05 it/s] model=ollama-mistral-latest task=seds_f4_C2_r100_024 family=family4_codegen rep=1 lat_total_ms=10716.7 err=None
2026-02-26 02:40:25,997 | INFO | [1971/4500 |  43.8% | 0.05 it/s] model=ollama-mistral-latest task=seds_f4_C2_r100_027 family=family4_codegen rep=2 lat_total_ms=6458.7 err=None
2026-02-26 02:42:34,878 | INFO | [1981/4500 |  44.0% | 0.05 it/s] model=ollama-mistral-latest task=seds_f4_C2_r250_001 family=family4_codegen rep=0 lat_total_ms=36411.0 err=None
2026-02-26 02:45:34,634 | INFO | [1991/4500 |  44.2% | 0.05 it/s] model=ollama-mistral-latest task=seds_f4_C2_r250_004 family=family4_codegen rep=1 lat_total_ms=8687.5 err=None
2026-02-26 02:48:12,660 | INFO | [2001/4500 |  44.5% | 0.05 it/s] model=ollama-mistral-latest task=seds_f4_C2_r250_007 family=family4_codegen rep=2 lat_total_ms=8410.0 err=None
2026-02-26 02:51:28,774 | INFO | [2011/4500 |  44.7% | 0.05 it/s] model=ollama-mistral-latest task=seds_f4_C2_r250_011 family=family4_codegen rep=0 lat_total_ms=29719.6 err=None
2026-02-26 02:53:54,891 | INFO | [2021/4500 |  44.9% | 0.05 it/s] model=ollama-mistral-latest task=seds_f4_C2_r250_014 family=family4_codegen rep=1 lat_total_ms=9072.2 err=None
2026-02-26 02:56:33,322 | INFO | [2031/4500 |  45.1% | 0.05 it/s] model=ollama-mistral-latest task=seds_f4_C2_r250_017 family=family4_codegen rep=2 lat_total_ms=10295.5 err=None
2026-02-26 03:00:04,345 | INFO | [2041/4500 |  45.4% | 0.05 it/s] model=ollama-mistral-latest task=seds_f4_C2_r250_021 family=family4_codegen rep=0 lat_total_ms=33750.7 err=None
2026-02-26 03:03:17,925 | INFO | [2051/4500 |  45.6% | 0.05 it/s] model=ollama-mistral-latest task=seds_f4_C2_r250_024 family=family4_codegen rep=1 lat_total_ms=14657.8 err=None
2026-02-26 03:06:03,843 | INFO | [2061/4500 |  45.8% | 0.05 it/s] model=ollama-mistral-latest task=seds_f4_C2_r250_027 family=family4_codegen rep=2 lat_total_ms=9398.9 err=None
2026-02-26 03:09:52,419 | INFO | [2071/4500 |  46.0% | 0.05 it/s] model=ollama-mistral-latest task=seds_f4_C2_r500_001 family=family4_codegen rep=0 lat_total_ms=60144.2 err=None
2026-02-26 03:14:04,876 | INFO | [2081/4500 |  46.2% | 0.05 it/s] model=ollama-mistral-latest task=seds_f4_C2_r500_004 family=family4_codegen rep=1 lat_total_ms=12187.1 err=None
2026-02-26 03:18:29,010 | INFO | [2091/4500 |  46.5% | 0.05 it/s] model=ollama-mistral-latest task=seds_f4_C2_r500_007 family=family4_codegen rep=2 lat_total_ms=10024.3 err=None
2026-02-26 03:23:59,545 | INFO | [2101/4500 |  46.7% | 0.05 it/s] model=ollama-mistral-latest task=seds_f4_C2_r500_011 family=family4_codegen rep=0 lat_total_ms=61619.6 err=None
2026-02-26 03:28:18,342 | INFO | [2111/4500 |  46.9% | 0.05 it/s] model=ollama-mistral-latest task=seds_f4_C2_r500_014 family=family4_codegen rep=1 lat_total_ms=11473.2 err=None
2026-02-26 03:32:27,583 | INFO | [2121/4500 |  47.1% | 0.05 it/s] model=ollama-mistral-latest task=seds_f4_C2_r500_017 family=family4_codegen rep=2 lat_total_ms=9899.2 err=None
2026-02-26 03:38:07,880 | INFO | [2131/4500 |  47.4% | 0.05 it/s] model=ollama-mistral-latest task=seds_f4_C2_r500_021 family=family4_codegen rep=0 lat_total_ms=68709.5 err=None
2026-02-26 03:43:24,472 | INFO | [2141/4500 |  47.6% | 0.05 it/s] model=ollama-mistral-latest task=seds_f4_C2_r500_024 family=family4_codegen rep=1 lat_total_ms=14217.5 err=None
2026-02-26 03:48:34,326 | INFO | [2151/4500 |  47.8% | 0.05 it/s] model=ollama-mistral-latest task=seds_f4_C2_r500_027 family=family4_codegen rep=2 lat_total_ms=13153.3 err=None
2026-02-26 03:56:28,674 | INFO | [2161/4500 |  48.0% | 0.05 it/s] model=ollama-mistral-latest task=seds_f4_C2_r1000_001 family=family4_codegen rep=0 lat_total_ms=165000.7 err=None
2026-02-26 04:06:44,297 | INFO | [2171/4500 |  48.2% | 0.05 it/s] model=ollama-mistral-latest task=seds_f4_C2_r1000_004 family=family4_codegen rep=1 lat_total_ms=18230.0 err=None
2026-02-26 04:17:05,705 | INFO | [2181/4500 |  48.5% | 0.04 it/s] model=ollama-mistral-latest task=seds_f4_C2_r1000_007 family=family4_codegen rep=2 lat_total_ms=17288.1 err=None
2026-02-26 04:29:07,438 | INFO | [2191/4500 |  48.7% | 0.04 it/s] model=ollama-mistral-latest task=seds_f4_C2_r1000_011 family=family4_codegen rep=0 lat_total_ms=157735.8 err=None
2026-02-26 04:38:46,509 | INFO | [2201/4500 |  48.9% | 0.04 it/s] model=ollama-mistral-latest task=seds_f4_C2_r1000_014 family=family4_codegen rep=1 lat_total_ms=13319.9 err=None
2026-02-26 04:48:47,195 | INFO | [2211/4500 |  49.1% | 0.04 it/s] model=ollama-mistral-latest task=seds_f4_C2_r1000_017 family=family4_codegen rep=2 lat_total_ms=15511.9 err=None
2026-02-26 05:01:40,076 | INFO | [2221/4500 |  49.4% | 0.04 it/s] model=ollama-mistral-latest task=seds_f4_C2_r1000_021 family=family4_codegen rep=0 lat_total_ms=174348.2 err=None
2026-02-26 05:12:35,644 | INFO | [2231/4500 |  49.6% | 0.04 it/s] model=ollama-mistral-latest task=seds_f4_C2_r1000_024 family=family4_codegen rep=1 lat_total_ms=19696.3 err=None
2026-02-26 05:24:02,551 | INFO | [2241/4500 |  49.8% | 0.04 it/s] model=ollama-mistral-latest task=seds_f4_C2_r1000_027 family=family4_codegen rep=2 lat_total_ms=18595.7 err=None
2026-02-26 05:34:27,029 | INFO | [2251/4500 |  50.0% | 0.04 it/s] model=ollama-gemma-latest task=seds_f4_C2_r20_001 family=family4_codegen rep=0 lat_total_ms=9454.0 err=None
2026-02-26 05:35:11,999 | INFO | [2261/4500 |  50.2% | 0.04 it/s] model=ollama-gemma-latest task=seds_f4_C2_r20_004 family=family4_codegen rep=1 lat_total_ms=3987.2 err=None
2026-02-26 05:36:15,833 | INFO | [2271/4500 |  50.5% | 0.04 it/s] model=ollama-gemma-latest task=seds_f4_C2_r20_007 family=family4_codegen rep=2 lat_total_ms=9901.3 err=None
2026-02-26 05:37:33,824 | INFO | [2281/4500 |  50.7% | 0.04 it/s] model=ollama-gemma-latest task=seds_f4_C2_r20_011 family=family4_codegen rep=0 lat_total_ms=6156.0 err=None
2026-02-26 05:38:17,451 | INFO | [2291/4500 |  50.9% | 0.04 it/s] model=ollama-gemma-latest task=seds_f4_C2_r20_014 family=family4_codegen rep=1 lat_total_ms=3651.2 err=None
2026-02-26 05:39:13,193 | INFO | [2301/4500 |  51.1% | 0.04 it/s] model=ollama-gemma-latest task=seds_f4_C2_r20_017 family=family4_codegen rep=2 lat_total_ms=3467.3 err=None
2026-02-26 05:39:55,921 | INFO | [2311/4500 |  51.4% | 0.04 it/s] model=ollama-gemma-latest task=seds_f4_C2_r20_021 family=family4_codegen rep=0 lat_total_ms=6114.1 err=None
2026-02-26 05:40:46,804 | INFO | [2321/4500 |  51.6% | 0.04 it/s] model=ollama-gemma-latest task=seds_f4_C2_r20_024 family=family4_codegen rep=1 lat_total_ms=6327.6 err=None
2026-02-26 05:41:55,663 | INFO | [2331/4500 |  51.8% | 0.04 it/s] model=ollama-gemma-latest task=seds_f4_C2_r20_027 family=family4_codegen rep=2 lat_total_ms=7738.2 err=None
2026-02-26 05:42:38,503 | INFO | [2341/4500 |  52.0% | 0.04 it/s] model=ollama-gemma-latest task=seds_f4_C2_r100_001 family=family4_codegen rep=0 lat_total_ms=11386.6 err=None
2026-02-26 05:43:34,319 | INFO | [2351/4500 |  52.2% | 0.04 it/s] model=ollama-gemma-latest task=seds_f4_C2_r100_004 family=family4_codegen rep=1 lat_total_ms=2946.4 err=None
2026-02-26 05:44:29,708 | INFO | [2361/4500 |  52.5% | 0.04 it/s] model=ollama-gemma-latest task=seds_f4_C2_r100_007 family=family4_codegen rep=2 lat_total_ms=3215.5 err=None
2026-02-26 05:45:35,125 | INFO | [2371/4500 |  52.7% | 0.04 it/s] model=ollama-gemma-latest task=seds_f4_C2_r100_011 family=family4_codegen rep=0 lat_total_ms=11351.7 err=None
2026-02-26 05:46:33,306 | INFO | [2381/4500 |  52.9% | 0.04 it/s] model=ollama-gemma-latest task=seds_f4_C2_r100_014 family=family4_codegen rep=1 lat_total_ms=3722.7 err=None
2026-02-26 05:47:30,119 | INFO | [2391/4500 |  53.1% | 0.04 it/s] model=ollama-gemma-latest task=seds_f4_C2_r100_017 family=family4_codegen rep=2 lat_total_ms=3274.0 err=None
2026-02-26 05:48:35,920 | INFO | [2401/4500 |  53.4% | 0.04 it/s] model=ollama-gemma-latest task=seds_f4_C2_r100_021 family=family4_codegen rep=0 lat_total_ms=11043.0 err=None
2026-02-26 05:49:33,169 | INFO | [2411/4500 |  53.6% | 0.04 it/s] model=ollama-gemma-latest task=seds_f4_C2_r100_024 family=family4_codegen rep=1 lat_total_ms=3277.5 err=None
2026-02-26 05:50:28,976 | INFO | [2421/4500 |  53.8% | 0.04 it/s] model=ollama-gemma-latest task=seds_f4_C2_r100_027 family=family4_codegen rep=2 lat_total_ms=2579.4 err=None
2026-02-26 05:51:44,884 | INFO | [2431/4500 |  54.0% | 0.04 it/s] model=ollama-gemma-latest task=seds_f4_C2_r250_001 family=family4_codegen rep=0 lat_total_ms=22586.9 err=None
2026-02-26 05:53:15,291 | INFO | [2441/4500 |  54.2% | 0.04 it/s] model=ollama-gemma-latest task=seds_f4_C2_r250_004 family=family4_codegen rep=1 lat_total_ms=6782.7 err=None
2026-02-26 05:54:46,984 | INFO | [2451/4500 |  54.5% | 0.04 it/s] model=ollama-gemma-latest task=seds_f4_C2_r250_007 family=family4_codegen rep=2 lat_total_ms=2938.4 err=None
2026-02-26 05:56:34,953 | INFO | [2461/4500 |  54.7% | 0.04 it/s] model=ollama-gemma-latest task=seds_f4_C2_r250_011 family=family4_codegen rep=0 lat_total_ms=22853.6 err=None
2026-02-26 05:58:04,758 | INFO | [2471/4500 |  54.9% | 0.05 it/s] model=ollama-gemma-latest task=seds_f4_C2_r250_014 family=family4_codegen rep=1 lat_total_ms=2918.8 err=None
2026-02-26 05:59:32,347 | INFO | [2481/4500 |  55.1% | 0.05 it/s] model=ollama-gemma-latest task=seds_f4_C2_r250_017 family=family4_codegen rep=2 lat_total_ms=2906.6 err=None
2026-02-26 06:01:20,453 | INFO | [2491/4500 |  55.4% | 0.05 it/s] model=ollama-gemma-latest task=seds_f4_C2_r250_021 family=family4_codegen rep=0 lat_total_ms=22950.9 err=None
2026-02-26 06:02:47,981 | INFO | [2501/4500 |  55.6% | 0.05 it/s] model=ollama-gemma-latest task=seds_f4_C2_r250_024 family=family4_codegen rep=1 lat_total_ms=2977.1 err=None
2026-02-26 06:04:10,487 | INFO | [2511/4500 |  55.8% | 0.05 it/s] model=ollama-gemma-latest task=seds_f4_C2_r250_027 family=family4_codegen rep=2 lat_total_ms=1204.4 err=None
2026-02-26 06:06:00,212 | INFO | [2521/4500 |  56.0% | 0.05 it/s] model=ollama-gemma-latest task=seds_f4_C2_r500_001 family=family4_codegen rep=0 lat_total_ms=28318.7 err=None
2026-02-26 06:10:45,602 | INFO | [2531/4500 |  56.2% | 0.05 it/s] model=ollama-gemma-latest task=seds_f4_C2_r500_004 family=family4_codegen rep=1 lat_total_ms=28782.6 err=None
2026-02-26 06:15:31,157 | INFO | [2541/4500 |  56.5% | 0.05 it/s] model=ollama-gemma-latest task=seds_f4_C2_r500_007 family=family4_codegen rep=2 lat_total_ms=28794.9 err=None
2026-02-26 06:20:17,563 | INFO | [2551/4500 |  56.7% | 0.05 it/s] model=ollama-gemma-latest task=seds_f4_C2_r500_011 family=family4_codegen rep=0 lat_total_ms=28517.3 err=None
2026-02-26 06:25:03,618 | INFO | [2561/4500 |  56.9% | 0.05 it/s] model=ollama-gemma-latest task=seds_f4_C2_r500_014 family=family4_codegen rep=1 lat_total_ms=28373.0 err=None
2026-02-26 06:29:48,836 | INFO | [2571/4500 |  57.1% | 0.05 it/s] model=ollama-gemma-latest task=seds_f4_C2_r500_017 family=family4_codegen rep=2 lat_total_ms=28357.6 err=None
2026-02-26 06:34:34,552 | INFO | [2581/4500 |  57.4% | 0.05 it/s] model=ollama-gemma-latest task=seds_f4_C2_r500_021 family=family4_codegen rep=0 lat_total_ms=29784.6 err=None
2026-02-26 06:39:29,015 | INFO | [2591/4500 |  57.6% | 0.05 it/s] model=ollama-gemma-latest task=seds_f4_C2_r500_024 family=family4_codegen rep=1 lat_total_ms=29410.8 err=None
2026-02-26 06:44:53,185 | INFO | [2601/4500 |  57.8% | 0.05 it/s] model=ollama-gemma-latest task=seds_f4_C2_r500_027 family=family4_codegen rep=2 lat_total_ms=33776.8 err=None
2026-02-26 06:50:30,303 | INFO | [2611/4500 |  58.0% | 0.05 it/s] model=ollama-gemma-latest task=seds_f4_C2_r1000_001 family=family4_codegen rep=0 lat_total_ms=33258.0 err=None
2026-02-26 06:56:04,377 | INFO | [2621/4500 |  58.2% | 0.04 it/s] model=ollama-gemma-latest task=seds_f4_C2_r1000_004 family=family4_codegen rep=1 lat_total_ms=33286.4 err=None
2026-02-26 07:01:44,879 | INFO | [2631/4500 |  58.5% | 0.04 it/s] model=ollama-gemma-latest task=seds_f4_C2_r1000_007 family=family4_codegen rep=2 lat_total_ms=35652.8 err=None
2026-02-26 07:07:25,432 | INFO | [2641/4500 |  58.7% | 0.04 it/s] model=ollama-gemma-latest task=seds_f4_C2_r1000_011 family=family4_codegen rep=0 lat_total_ms=33963.7 err=None
2026-02-26 07:13:10,632 | INFO | [2651/4500 |  58.9% | 0.04 it/s] model=ollama-gemma-latest task=seds_f4_C2_r1000_014 family=family4_codegen rep=1 lat_total_ms=33908.3 err=None
2026-02-26 07:18:54,925 | INFO | [2661/4500 |  59.1% | 0.04 it/s] model=ollama-gemma-latest task=seds_f4_C2_r1000_017 family=family4_codegen rep=2 lat_total_ms=34271.4 err=None
2026-02-26 07:24:40,050 | INFO | [2671/4500 |  59.4% | 0.04 it/s] model=ollama-gemma-latest task=seds_f4_C2_r1000_021 family=family4_codegen rep=0 lat_total_ms=34119.3 err=None
2026-02-26 07:30:23,493 | INFO | [2681/4500 |  59.6% | 0.04 it/s] model=ollama-gemma-latest task=seds_f4_C2_r1000_024 family=family4_codegen rep=1 lat_total_ms=34637.8 err=None
2026-02-26 07:36:11,254 | INFO | [2691/4500 |  59.8% | 0.04 it/s] model=ollama-gemma-latest task=seds_f4_C2_r1000_027 family=family4_codegen rep=2 lat_total_ms=35061.0 err=None
2026-02-26 07:41:09,776 | INFO | [2701/4500 |  60.0% | 0.04 it/s] model=ollama-deepseek-coder-latest task=seds_f4_C2_r20_001 family=family4_codegen rep=0 lat_total_ms=4383.5 err=None
2026-02-26 07:41:42,586 | INFO | [2711/4500 |  60.2% | 0.04 it/s] model=ollama-deepseek-coder-latest task=seds_f4_C2_r20_004 family=family4_codegen rep=1 lat_total_ms=3094.4 err=None
2026-02-26 07:42:15,021 | INFO | [2721/4500 |  60.5% | 0.04 it/s] model=ollama-deepseek-coder-latest task=seds_f4_C2_r20_007 family=family4_codegen rep=2 lat_total_ms=3116.2 err=None
2026-02-26 07:42:47,678 | INFO | [2731/4500 |  60.7% | 0.04 it/s] model=ollama-deepseek-coder-latest task=seds_f4_C2_r20_011 family=family4_codegen rep=0 lat_total_ms=3496.6 err=None
2026-02-26 07:43:18,163 | INFO | [2741/4500 |  60.9% | 0.04 it/s] model=ollama-deepseek-coder-latest task=seds_f4_C2_r20_014 family=family4_codegen rep=1 lat_total_ms=2299.2 err=None
2026-02-26 07:43:44,976 | INFO | [2751/4500 |  61.1% | 0.04 it/s] model=ollama-deepseek-coder-latest task=seds_f4_C2_r20_017 family=family4_codegen rep=2 lat_total_ms=1661.4 err=None
2026-02-26 07:44:14,543 | INFO | [2761/4500 |  61.4% | 0.05 it/s] model=ollama-deepseek-coder-latest task=seds_f4_C2_r20_021 family=family4_codegen rep=0 lat_total_ms=2850.3 err=None
2026-02-26 07:44:45,181 | INFO | [2771/4500 |  61.6% | 0.05 it/s] model=ollama-deepseek-coder-latest task=seds_f4_C2_r20_024 family=family4_codegen rep=1 lat_total_ms=3055.2 err=None
2026-02-26 07:45:15,665 | INFO | [2781/4500 |  61.8% | 0.05 it/s] model=ollama-deepseek-coder-latest task=seds_f4_C2_r20_027 family=family4_codegen rep=2 lat_total_ms=2620.1 err=None
2026-02-26 07:45:50,496 | INFO | [2791/4500 |  62.0% | 0.05 it/s] model=ollama-deepseek-coder-latest task=seds_f4_C2_r100_001 family=family4_codegen rep=0 lat_total_ms=6112.6 err=None
2026-02-26 07:46:30,050 | INFO | [2801/4500 |  62.2% | 0.05 it/s] model=ollama-deepseek-coder-latest task=seds_f4_C2_r100_004 family=family4_codegen rep=1 lat_total_ms=3398.7 err=None
2026-02-26 07:47:08,481 | INFO | [2811/4500 |  62.5% | 0.05 it/s] model=ollama-deepseek-coder-latest task=seds_f4_C2_r100_007 family=family4_codegen rep=2 lat_total_ms=3321.2 err=None
2026-02-26 07:47:54,579 | INFO | [2821/4500 |  62.7% | 0.05 it/s] model=ollama-deepseek-coder-latest task=seds_f4_C2_r100_011 family=family4_codegen rep=0 lat_total_ms=5678.6 err=None
2026-02-26 07:48:41,095 | INFO | [2831/4500 |  62.9% | 0.05 it/s] model=ollama-deepseek-coder-latest task=seds_f4_C2_r100_014 family=family4_codegen rep=1 lat_total_ms=4126.9 err=None
2026-02-26 07:49:27,227 | INFO | [2841/4500 |  63.1% | 0.05 it/s] model=ollama-deepseek-coder-latest task=seds_f4_C2_r100_017 family=family4_codegen rep=2 lat_total_ms=4150.7 err=None
2026-02-26 07:50:13,419 | INFO | [2851/4500 |  63.4% | 0.05 it/s] model=ollama-deepseek-coder-latest task=seds_f4_C2_r100_021 family=family4_codegen rep=0 lat_total_ms=5032.2 err=None
2026-02-26 07:50:55,342 | INFO | [2861/4500 |  63.6% | 0.05 it/s] model=ollama-deepseek-coder-latest task=seds_f4_C2_r100_024 family=family4_codegen rep=1 lat_total_ms=4143.7 err=None
2026-02-26 07:51:39,973 | INFO | [2871/4500 |  63.8% | 0.05 it/s] model=ollama-deepseek-coder-latest task=seds_f4_C2_r100_027 family=family4_codegen rep=2 lat_total_ms=3238.5 err=None
2026-02-26 07:52:26,067 | INFO | [2881/4500 |  64.0% | 0.05 it/s] model=ollama-deepseek-coder-latest task=seds_f4_C2_r250_001 family=family4_codegen rep=0 lat_total_ms=6649.5 err=None
2026-02-26 07:53:10,403 | INFO | [2891/4500 |  64.2% | 0.05 it/s] model=ollama-deepseek-coder-latest task=seds_f4_C2_r250_004 family=family4_codegen rep=1 lat_total_ms=1626.5 err=None
2026-02-26 07:53:53,815 | INFO | [2901/4500 |  64.5% | 0.05 it/s] model=ollama-deepseek-coder-latest task=seds_f4_C2_r250_007 family=family4_codegen rep=2 lat_total_ms=1564.6 err=None
2026-02-26 07:54:41,272 | INFO | [2911/4500 |  64.7% | 0.05 it/s] model=ollama-deepseek-coder-latest task=seds_f4_C2_r250_011 family=family4_codegen rep=0 lat_total_ms=11660.6 err=None
2026-02-26 07:55:19,993 | INFO | [2921/4500 |  64.9% | 0.05 it/s] model=ollama-deepseek-coder-latest task=seds_f4_C2_r250_014 family=family4_codegen rep=1 lat_total_ms=1212.9 err=None
2026-02-26 07:55:48,402 | INFO | [2931/4500 |  65.1% | 0.05 it/s] model=ollama-deepseek-coder-latest task=seds_f4_C2_r250_017 family=family4_codegen rep=2 lat_total_ms=1207.6 err=None
2026-02-26 07:56:25,354 | INFO | [2941/4500 |  65.4% | 0.05 it/s] model=ollama-deepseek-coder-latest task=seds_f4_C2_r250_021 family=family4_codegen rep=0 lat_total_ms=7877.4 err=None
2026-02-26 07:57:06,730 | INFO | [2951/4500 |  65.6% | 0.05 it/s] model=ollama-deepseek-coder-latest task=seds_f4_C2_r250_024 family=family4_codegen rep=1 lat_total_ms=5359.3 err=None
2026-02-26 07:58:01,563 | INFO | [2961/4500 |  65.8% | 0.05 it/s] model=ollama-deepseek-coder-latest task=seds_f4_C2_r250_027 family=family4_codegen rep=2 lat_total_ms=4799.7 err=None
2026-02-26 07:58:56,594 | INFO | [2971/4500 |  66.0% | 0.05 it/s] model=ollama-deepseek-coder-latest task=seds_f4_C2_r500_001 family=family4_codegen rep=0 lat_total_ms=22160.2 err=None
2026-02-26 08:02:01,189 | INFO | [2981/4500 |  66.2% | 0.05 it/s] model=ollama-deepseek-coder-latest task=seds_f4_C2_r500_004 family=family4_codegen rep=1 lat_total_ms=22255.3 err=None
2026-02-26 08:04:32,943 | INFO | [2991/4500 |  66.5% | 0.05 it/s] model=ollama-deepseek-coder-latest task=seds_f4_C2_r500_007 family=family4_codegen rep=2 lat_total_ms=22158.4 err=None
2026-02-26 08:06:02,344 | INFO | [3001/4500 |  66.7% | 0.05 it/s] model=ollama-deepseek-coder-latest task=seds_f4_C2_r500_011 family=family4_codegen rep=0 lat_total_ms=20058.8 err=None
2026-02-26 08:09:09,541 | INFO | [3011/4500 |  66.9% | 0.05 it/s] model=ollama-deepseek-coder-latest task=seds_f4_C2_r500_014 family=family4_codegen rep=1 lat_total_ms=20903.4 err=None
2026-02-26 08:10:43,207 | INFO | [3021/4500 |  67.1% | 0.05 it/s] model=ollama-deepseek-coder-latest task=seds_f4_C2_r500_017 family=family4_codegen rep=2 lat_total_ms=4835.8 err=None
2026-02-26 08:13:01,951 | INFO | [3031/4500 |  67.4% | 0.05 it/s] model=ollama-deepseek-coder-latest task=seds_f4_C2_r500_021 family=family4_codegen rep=0 lat_total_ms=26341.8 err=None
2026-02-26 08:16:17,236 | INFO | [3041/4500 |  67.6% | 0.05 it/s] model=ollama-deepseek-coder-latest task=seds_f4_C2_r500_024 family=family4_codegen rep=1 lat_total_ms=2398.2 err=None
2026-02-26 08:19:41,287 | INFO | [3051/4500 |  67.8% | 0.05 it/s] model=ollama-deepseek-coder-latest task=seds_f4_C2_r500_027 family=family4_codegen rep=2 lat_total_ms=22207.9 err=None
2026-02-26 08:23:15,741 | INFO | [3061/4500 |  68.0% | 0.05 it/s] model=ollama-deepseek-coder-latest task=seds_f4_C2_r1000_001 family=family4_codegen rep=0 lat_total_ms=15566.9 err=None
2026-02-26 08:25:51,719 | INFO | [3071/4500 |  68.2% | 0.05 it/s] model=ollama-deepseek-coder-latest task=seds_f4_C2_r1000_004 family=family4_codegen rep=1 lat_total_ms=15844.8 err=None
2026-02-26 08:28:30,765 | INFO | [3081/4500 |  68.5% | 0.05 it/s] model=ollama-deepseek-coder-latest task=seds_f4_C2_r1000_007 family=family4_codegen rep=2 lat_total_ms=15921.3 err=None
2026-02-26 08:31:08,475 | INFO | [3091/4500 |  68.7% | 0.05 it/s] model=ollama-deepseek-coder-latest task=seds_f4_C2_r1000_011 family=family4_codegen rep=0 lat_total_ms=15748.2 err=None
2026-02-26 08:34:02,485 | INFO | [3101/4500 |  68.9% | 0.05 it/s] model=ollama-deepseek-coder-latest task=seds_f4_C2_r1000_014 family=family4_codegen rep=1 lat_total_ms=15638.0 err=None
2026-02-26 08:36:46,277 | INFO | [3111/4500 |  69.1% | 0.05 it/s] model=ollama-deepseek-coder-latest task=seds_f4_C2_r1000_017 family=family4_codegen rep=2 lat_total_ms=16380.4 err=None
2026-02-26 08:39:25,836 | INFO | [3121/4500 |  69.4% | 0.05 it/s] model=ollama-deepseek-coder-latest task=seds_f4_C2_r1000_021 family=family4_codegen rep=0 lat_total_ms=15852.2 err=None
2026-02-26 08:42:03,928 | INFO | [3131/4500 |  69.6% | 0.05 it/s] model=ollama-deepseek-coder-latest task=seds_f4_C2_r1000_024 family=family4_codegen rep=1 lat_total_ms=16001.1 err=None
2026-02-26 08:44:42,592 | INFO | [3141/4500 |  69.8% | 0.05 it/s] model=ollama-deepseek-coder-latest task=seds_f4_C2_r1000_027 family=family4_codegen rep=2 lat_total_ms=16035.2 err=None
2026-02-26 08:47:19,984 | INFO | [3151/4500 |  70.0% | 0.05 it/s] model=ollama-codellama-latest task=seds_f4_C2_r20_001 family=family4_codegen rep=0 lat_total_ms=15130.8 err=None
2026-02-26 08:48:28,936 | INFO | [3161/4500 |  70.2% | 0.05 it/s] model=ollama-codellama-latest task=seds_f4_C2_r20_004 family=family4_codegen rep=1 lat_total_ms=4917.3 err=None
2026-02-26 08:49:24,280 | INFO | [3171/4500 |  70.5% | 0.05 it/s] model=ollama-codellama-latest task=seds_f4_C2_r20_007 family=family4_codegen rep=2 lat_total_ms=4845.4 err=None
2026-02-26 08:50:27,000 | INFO | [3181/4500 |  70.7% | 0.05 it/s] model=ollama-codellama-latest task=seds_f4_C2_r20_011 family=family4_codegen rep=0 lat_total_ms=7538.5 err=None
2026-02-26 08:51:30,580 | INFO | [3191/4500 |  70.9% | 0.05 it/s] model=ollama-codellama-latest task=seds_f4_C2_r20_014 family=family4_codegen rep=1 lat_total_ms=7463.3 err=None
2026-02-26 08:52:31,583 | INFO | [3201/4500 |  71.1% | 0.05 it/s] model=ollama-codellama-latest task=seds_f4_C2_r20_017 family=family4_codegen rep=2 lat_total_ms=4845.7 err=None
2026-02-26 08:53:42,604 | INFO | [3211/4500 |  71.4% | 0.05 it/s] model=ollama-codellama-latest task=seds_f4_C2_r20_021 family=family4_codegen rep=0 lat_total_ms=6962.5 err=None
2026-02-26 08:54:38,440 | INFO | [3221/4500 |  71.6% | 0.05 it/s] model=ollama-codellama-latest task=seds_f4_C2_r20_024 family=family4_codegen rep=1 lat_total_ms=4866.7 err=None
2026-02-26 08:55:36,233 | INFO | [3231/4500 |  71.8% | 0.05 it/s] model=ollama-codellama-latest task=seds_f4_C2_r20_027 family=family4_codegen rep=2 lat_total_ms=4345.7 err=None
2026-02-26 08:56:46,568 | INFO | [3241/4500 |  72.0% | 0.05 it/s] model=ollama-codellama-latest task=seds_f4_C2_r100_001 family=family4_codegen rep=0 lat_total_ms=13896.1 err=None
2026-02-26 08:58:16,403 | INFO | [3251/4500 |  72.2% | 0.05 it/s] model=ollama-codellama-latest task=seds_f4_C2_r100_004 family=family4_codegen rep=1 lat_total_ms=6847.1 err=None
2026-02-26 08:59:48,340 | INFO | [3261/4500 |  72.5% | 0.05 it/s] model=ollama-codellama-latest task=seds_f4_C2_r100_007 family=family4_codegen rep=2 lat_total_ms=6844.4 err=None
2026-02-26 09:01:33,219 | INFO | [3271/4500 |  72.7% | 0.05 it/s] model=ollama-codellama-latest task=seds_f4_C2_r100_011 family=family4_codegen rep=0 lat_total_ms=14442.1 err=None
2026-02-26 09:03:05,784 | INFO | [3281/4500 |  72.9% | 0.05 it/s] model=ollama-codellama-latest task=seds_f4_C2_r100_014 family=family4_codegen rep=1 lat_total_ms=7371.0 err=None
2026-02-26 09:04:45,886 | INFO | [3291/4500 |  73.1% | 0.05 it/s] model=ollama-codellama-latest task=seds_f4_C2_r100_017 family=family4_codegen rep=2 lat_total_ms=6881.3 err=None
2026-02-26 09:06:27,738 | INFO | [3301/4500 |  73.4% | 0.05 it/s] model=ollama-codellama-latest task=seds_f4_C2_r100_021 family=family4_codegen rep=0 lat_total_ms=15175.9 err=None
2026-02-26 09:08:00,496 | INFO | [3311/4500 |  73.6% | 0.05 it/s] model=ollama-codellama-latest task=seds_f4_C2_r100_024 family=family4_codegen rep=1 lat_total_ms=6839.2 err=None
2026-02-26 09:09:38,757 | INFO | [3321/4500 |  73.8% | 0.05 it/s] model=ollama-codellama-latest task=seds_f4_C2_r100_027 family=family4_codegen rep=2 lat_total_ms=6764.4 err=None
2026-02-26 09:11:46,619 | INFO | [3331/4500 |  74.0% | 0.05 it/s] model=ollama-codellama-latest task=seds_f4_C2_r250_001 family=family4_codegen rep=0 lat_total_ms=36147.1 err=None
2026-02-26 09:14:51,411 | INFO | [3341/4500 |  74.2% | 0.05 it/s] model=ollama-codellama-latest task=seds_f4_C2_r250_004 family=family4_codegen rep=1 lat_total_ms=9205.1 err=None
2026-02-26 09:17:48,096 | INFO | [3351/4500 |  74.5% | 0.05 it/s] model=ollama-codellama-latest task=seds_f4_C2_r250_007 family=family4_codegen rep=2 lat_total_ms=12300.8 err=None
2026-02-26 09:21:03,605 | INFO | [3361/4500 |  74.7% | 0.05 it/s] model=ollama-codellama-latest task=seds_f4_C2_r250_011 family=family4_codegen rep=0 lat_total_ms=34065.4 err=None
2026-02-26 09:24:11,294 | INFO | [3371/4500 |  74.9% | 0.05 it/s] model=ollama-codellama-latest task=seds_f4_C2_r250_014 family=family4_codegen rep=1 lat_total_ms=11319.4 err=None
2026-02-26 09:27:05,334 | INFO | [3381/4500 |  75.1% | 0.05 it/s] model=ollama-codellama-latest task=seds_f4_C2_r250_017 family=family4_codegen rep=2 lat_total_ms=12018.1 err=None
2026-02-26 09:30:34,966 | INFO | [3391/4500 |  75.4% | 0.05 it/s] model=ollama-codellama-latest task=seds_f4_C2_r250_021 family=family4_codegen rep=0 lat_total_ms=30141.4 err=None
2026-02-26 09:33:27,563 | INFO | [3401/4500 |  75.6% | 0.05 it/s] model=ollama-codellama-latest task=seds_f4_C2_r250_024 family=family4_codegen rep=1 lat_total_ms=11669.5 err=None
2026-02-26 09:36:39,059 | INFO | [3411/4500 |  75.8% | 0.05 it/s] model=ollama-codellama-latest task=seds_f4_C2_r250_027 family=family4_codegen rep=2 lat_total_ms=12230.7 err=None
2026-02-26 09:40:27,431 | INFO | [3421/4500 |  76.0% | 0.05 it/s] model=ollama-codellama-latest task=seds_f4_C2_r500_001 family=family4_codegen rep=0 lat_total_ms=56593.8 err=None
2026-02-26 09:45:03,715 | INFO | [3431/4500 |  76.2% | 0.05 it/s] model=ollama-codellama-latest task=seds_f4_C2_r500_004 family=family4_codegen rep=1 lat_total_ms=15192.9 err=None
2026-02-26 09:49:31,820 | INFO | [3441/4500 |  76.5% | 0.05 it/s] model=ollama-codellama-latest task=seds_f4_C2_r500_007 family=family4_codegen rep=2 lat_total_ms=13228.2 err=None
2026-02-26 09:55:25,091 | INFO | [3451/4500 |  76.7% | 0.05 it/s] model=ollama-codellama-latest task=seds_f4_C2_r500_011 family=family4_codegen rep=0 lat_total_ms=53566.7 err=None
2026-02-26 10:00:12,697 | INFO | [3461/4500 |  76.9% | 0.05 it/s] model=ollama-codellama-latest task=seds_f4_C2_r500_014 family=family4_codegen rep=1 lat_total_ms=16076.4 err=None
2026-02-26 10:05:14,254 | INFO | [3471/4500 |  77.1% | 0.05 it/s] model=ollama-codellama-latest task=seds_f4_C2_r500_017 family=family4_codegen rep=2 lat_total_ms=13068.1 err=None
2026-02-26 10:10:48,971 | INFO | [3481/4500 |  77.4% | 0.05 it/s] model=ollama-codellama-latest task=seds_f4_C2_r500_021 family=family4_codegen rep=0 lat_total_ms=64454.2 err=None
2026-02-26 10:15:54,575 | INFO | [3491/4500 |  77.6% | 0.05 it/s] model=ollama-codellama-latest task=seds_f4_C2_r500_024 family=family4_codegen rep=1 lat_total_ms=16250.9 err=None
2026-02-26 10:21:00,994 | INFO | [3501/4500 |  77.8% | 0.05 it/s] model=ollama-codellama-latest task=seds_f4_C2_r500_027 family=family4_codegen rep=2 lat_total_ms=17163.1 err=None
2026-02-26 10:27:08,160 | INFO | [3511/4500 |  78.0% | 0.05 it/s] model=ollama-codellama-latest task=seds_f4_C2_r1000_001 family=family4_codegen rep=0 lat_total_ms=79693.1 err=None
2026-02-26 10:40:38,273 | INFO | [3521/4500 |  78.2% | 0.05 it/s] model=ollama-codellama-latest task=seds_f4_C2_r1000_004 family=family4_codegen rep=1 lat_total_ms=79645.4 err=None
2026-02-26 10:53:05,375 | INFO | [3531/4500 |  78.5% | 0.05 it/s] model=ollama-codellama-latest task=seds_f4_C2_r1000_007 family=family4_codegen rep=2 lat_total_ms=74928.6 err=None
2026-02-26 11:05:36,357 | INFO | [3541/4500 |  78.7% | 0.05 it/s] model=ollama-codellama-latest task=seds_f4_C2_r1000_011 family=family4_codegen rep=0 lat_total_ms=72848.7 err=None
2026-02-26 11:18:06,240 | INFO | [3551/4500 |  78.9% | 0.05 it/s] model=ollama-codellama-latest task=seds_f4_C2_r1000_014 family=family4_codegen rep=1 lat_total_ms=75922.7 err=None
2026-02-26 11:30:21,959 | INFO | [3561/4500 |  79.1% | 0.05 it/s] model=ollama-codellama-latest task=seds_f4_C2_r1000_017 family=family4_codegen rep=2 lat_total_ms=71624.0 err=None
2026-02-26 11:43:29,750 | INFO | [3571/4500 |  79.4% | 0.05 it/s] model=ollama-codellama-latest task=seds_f4_C2_r1000_021 family=family4_codegen rep=0 lat_total_ms=81159.2 err=None
2026-02-26 11:56:12,393 | INFO | [3581/4500 |  79.6% | 0.05 it/s] model=ollama-codellama-latest task=seds_f4_C2_r1000_024 family=family4_codegen rep=1 lat_total_ms=75710.2 err=None
2026-02-26 12:08:54,265 | INFO | [3591/4500 |  79.8% | 0.05 it/s] model=ollama-codellama-latest task=seds_f4_C2_r1000_027 family=family4_codegen rep=2 lat_total_ms=75742.4 err=None
2026-02-26 12:20:16,829 | INFO | [3601/4500 |  80.0% | 0.05 it/s] model=ollama-llama2-latest task=seds_f4_C2_r20_001 family=family4_codegen rep=0 lat_total_ms=9678.5 err=None
2026-02-26 12:21:23,465 | INFO | [3611/4500 |  80.2% | 0.05 it/s] model=ollama-llama2-latest task=seds_f4_C2_r20_004 family=family4_codegen rep=1 lat_total_ms=9535.8 err=None
2026-02-26 12:22:28,740 | INFO | [3621/4500 |  80.5% | 0.05 it/s] model=ollama-llama2-latest task=seds_f4_C2_r20_007 family=family4_codegen rep=2 lat_total_ms=5889.3 err=None
2026-02-26 12:23:48,663 | INFO | [3631/4500 |  80.7% | 0.05 it/s] model=ollama-llama2-latest task=seds_f4_C2_r20_011 family=family4_codegen rep=0 lat_total_ms=7599.9 err=None
2026-02-26 12:25:02,075 | INFO | [3641/4500 |  80.9% | 0.05 it/s] model=ollama-llama2-latest task=seds_f4_C2_r20_014 family=family4_codegen rep=1 lat_total_ms=5830.2 err=None
2026-02-26 12:26:06,113 | INFO | [3651/4500 |  81.1% | 0.05 it/s] model=ollama-llama2-latest task=seds_f4_C2_r20_017 family=family4_codegen rep=2 lat_total_ms=5957.1 err=None
2026-02-26 12:27:05,516 | INFO | [3661/4500 |  81.4% | 0.05 it/s] model=ollama-llama2-latest task=seds_f4_C2_r20_021 family=family4_codegen rep=0 lat_total_ms=7504.5 err=None
2026-02-26 12:28:02,069 | INFO | [3671/4500 |  81.6% | 0.05 it/s] model=ollama-llama2-latest task=seds_f4_C2_r20_024 family=family4_codegen rep=1 lat_total_ms=5633.1 err=None
2026-02-26 12:28:59,331 | INFO | [3681/4500 |  81.8% | 0.05 it/s] model=ollama-llama2-latest task=seds_f4_C2_r20_027 family=family4_codegen rep=2 lat_total_ms=5463.0 err=None
2026-02-26 12:30:21,273 | INFO | [3691/4500 |  82.0% | 0.05 it/s] model=ollama-llama2-latest task=seds_f4_C2_r100_001 family=family4_codegen rep=0 lat_total_ms=14348.6 err=None
2026-02-26 12:31:46,613 | INFO | [3701/4500 |  82.2% | 0.05 it/s] model=ollama-llama2-latest task=seds_f4_C2_r100_004 family=family4_codegen rep=1 lat_total_ms=5105.9 err=None
2026-02-26 12:32:56,317 | INFO | [3711/4500 |  82.5% | 0.05 it/s] model=ollama-llama2-latest task=seds_f4_C2_r100_007 family=family4_codegen rep=2 lat_total_ms=4856.8 err=None
2026-02-26 12:34:19,863 | INFO | [3721/4500 |  82.7% | 0.05 it/s] model=ollama-llama2-latest task=seds_f4_C2_r100_011 family=family4_codegen rep=0 lat_total_ms=12792.8 err=None
2026-02-26 12:35:32,534 | INFO | [3731/4500 |  82.9% | 0.05 it/s] model=ollama-llama2-latest task=seds_f4_C2_r100_014 family=family4_codegen rep=1 lat_total_ms=4316.6 err=None
2026-02-26 12:36:46,507 | INFO | [3741/4500 |  83.1% | 0.05 it/s] model=ollama-llama2-latest task=seds_f4_C2_r100_017 family=family4_codegen rep=2 lat_total_ms=4900.5 err=None
2026-02-26 12:38:09,620 | INFO | [3751/4500 |  83.4% | 0.05 it/s] model=ollama-llama2-latest task=seds_f4_C2_r100_021 family=family4_codegen rep=0 lat_total_ms=12851.7 err=None
2026-02-26 12:39:22,672 | INFO | [3761/4500 |  83.6% | 0.05 it/s] model=ollama-llama2-latest task=seds_f4_C2_r100_024 family=family4_codegen rep=1 lat_total_ms=5286.2 err=None
2026-02-26 12:40:36,300 | INFO | [3771/4500 |  83.8% | 0.05 it/s] model=ollama-llama2-latest task=seds_f4_C2_r100_027 family=family4_codegen rep=2 lat_total_ms=5090.5 err=None
2026-02-26 12:41:52,748 | INFO | [3781/4500 |  84.0% | 0.05 it/s] model=ollama-llama2-latest task=seds_f4_C2_r250_001 family=family4_codegen rep=0 lat_total_ms=14491.4 err=None
2026-02-26 12:44:09,333 | INFO | [3791/4500 |  84.2% | 0.05 it/s] model=ollama-llama2-latest task=seds_f4_C2_r250_004 family=family4_codegen rep=1 lat_total_ms=15000.4 err=None
2026-02-26 12:46:29,637 | INFO | [3801/4500 |  84.5% | 0.05 it/s] model=ollama-llama2-latest task=seds_f4_C2_r250_007 family=family4_codegen rep=2 lat_total_ms=14867.9 err=None
2026-02-26 12:48:51,271 | INFO | [3811/4500 |  84.7% | 0.05 it/s] model=ollama-llama2-latest task=seds_f4_C2_r250_011 family=family4_codegen rep=0 lat_total_ms=14970.4 err=None
2026-02-26 12:51:16,745 | INFO | [3821/4500 |  84.9% | 0.05 it/s] model=ollama-llama2-latest task=seds_f4_C2_r250_014 family=family4_codegen rep=1 lat_total_ms=11573.5 err=None
2026-02-26 12:53:24,494 | INFO | [3831/4500 |  85.1% | 0.05 it/s] model=ollama-llama2-latest task=seds_f4_C2_r250_017 family=family4_codegen rep=2 lat_total_ms=15744.1 err=None
2026-02-26 12:56:18,113 | INFO | [3841/4500 |  85.4% | 0.05 it/s] model=ollama-llama2-latest task=seds_f4_C2_r250_021 family=family4_codegen rep=0 lat_total_ms=14787.7 err=None
2026-02-26 12:59:14,373 | INFO | [3851/4500 |  85.6% | 0.05 it/s] model=ollama-llama2-latest task=seds_f4_C2_r250_024 family=family4_codegen rep=1 lat_total_ms=22369.2 err=None
2026-02-26 13:01:50,959 | INFO | [3861/4500 |  85.8% | 0.05 it/s] model=ollama-llama2-latest task=seds_f4_C2_r250_027 family=family4_codegen rep=2 lat_total_ms=15136.1 err=None
2026-02-26 13:04:28,121 | INFO | [3871/4500 |  86.0% | 0.05 it/s] model=ollama-llama2-latest task=seds_f4_C2_r500_001 family=family4_codegen rep=0 lat_total_ms=15773.0 err=None
2026-02-26 13:06:46,735 | INFO | [3881/4500 |  86.2% | 0.05 it/s] model=ollama-llama2-latest task=seds_f4_C2_r500_004 family=family4_codegen rep=1 lat_total_ms=11653.0 err=None
2026-02-26 13:09:03,798 | INFO | [3891/4500 |  86.5% | 0.05 it/s] model=ollama-llama2-latest task=seds_f4_C2_r500_007 family=family4_codegen rep=2 lat_total_ms=18893.3 err=None
2026-02-26 13:11:21,800 | INFO | [3901/4500 |  86.7% | 0.05 it/s] model=ollama-llama2-latest task=seds_f4_C2_r500_011 family=family4_codegen rep=0 lat_total_ms=12473.3 err=None
2026-02-26 13:13:31,917 | INFO | [3911/4500 |  86.9% | 0.05 it/s] model=ollama-llama2-latest task=seds_f4_C2_r500_014 family=family4_codegen rep=1 lat_total_ms=11739.4 err=None
2026-02-26 13:15:42,491 | INFO | [3921/4500 |  87.1% | 0.05 it/s] model=ollama-llama2-latest task=seds_f4_C2_r500_017 family=family4_codegen rep=2 lat_total_ms=11784.2 err=None
2026-02-26 13:18:11,807 | INFO | [3931/4500 |  87.4% | 0.05 it/s] model=ollama-llama2-latest task=seds_f4_C2_r500_021 family=family4_codegen rep=0 lat_total_ms=15045.0 err=None
2026-02-26 13:20:32,040 | INFO | [3941/4500 |  87.6% | 0.05 it/s] model=ollama-llama2-latest task=seds_f4_C2_r500_024 family=family4_codegen rep=1 lat_total_ms=14945.0 err=None
2026-02-26 13:22:53,854 | INFO | [3951/4500 |  87.8% | 0.05 it/s] model=ollama-llama2-latest task=seds_f4_C2_r500_027 family=family4_codegen rep=2 lat_total_ms=15089.8 err=None
2026-02-26 13:25:21,924 | INFO | [3961/4500 |  88.0% | 0.05 it/s] model=ollama-llama2-latest task=seds_f4_C2_r1000_001 family=family4_codegen rep=0 lat_total_ms=14768.7 err=None
2026-02-26 13:27:48,874 | INFO | [3971/4500 |  88.2% | 0.05 it/s] model=ollama-llama2-latest task=seds_f4_C2_r1000_004 family=family4_codegen rep=1 lat_total_ms=14140.8 err=None
2026-02-26 13:29:57,663 | INFO | [3981/4500 |  88.5% | 0.05 it/s] model=ollama-llama2-latest task=seds_f4_C2_r1000_007 family=family4_codegen rep=2 lat_total_ms=17038.1 err=None
2026-02-26 13:32:15,152 | INFO | [3991/4500 |  88.7% | 0.05 it/s] model=ollama-llama2-latest task=seds_f4_C2_r1000_011 family=family4_codegen rep=0 lat_total_ms=12043.0 err=None
2026-02-26 13:34:34,570 | INFO | [4001/4500 |  88.9% | 0.05 it/s] model=ollama-llama2-latest task=seds_f4_C2_r1000_014 family=family4_codegen rep=1 lat_total_ms=11786.3 err=None
2026-02-26 13:36:58,443 | INFO | [4011/4500 |  89.1% | 0.05 it/s] model=ollama-llama2-latest task=seds_f4_C2_r1000_017 family=family4_codegen rep=2 lat_total_ms=17587.7 err=None
2026-02-26 13:39:37,536 | INFO | [4021/4500 |  89.4% | 0.05 it/s] model=ollama-llama2-latest task=seds_f4_C2_r1000_021 family=family4_codegen rep=0 lat_total_ms=22171.2 err=None
2026-02-26 13:42:12,492 | INFO | [4031/4500 |  89.6% | 0.05 it/s] model=ollama-llama2-latest task=seds_f4_C2_r1000_024 family=family4_codegen rep=1 lat_total_ms=15236.4 err=None
2026-02-26 13:44:36,818 | INFO | [4041/4500 |  89.8% | 0.05 it/s] model=ollama-llama2-latest task=seds_f4_C2_r1000_027 family=family4_codegen rep=2 lat_total_ms=15669.1 err=None
2026-02-26 13:46:40,673 | INFO | [4051/4500 |  90.0% | 0.05 it/s] model=ollama-qwen-latest task=seds_f4_C2_r20_001 family=family4_codegen rep=0 lat_total_ms=6618.9 err=None
2026-02-26 13:47:00,000 | INFO | [4061/4500 |  90.2% | 0.05 it/s] model=ollama-qwen-latest task=seds_f4_C2_r20_004 family=family4_codegen rep=1 lat_total_ms=1097.7 err=None
2026-02-26 13:47:31,302 | INFO | [4071/4500 |  90.5% | 0.05 it/s] model=ollama-qwen-latest task=seds_f4_C2_r20_007 family=family4_codegen rep=2 lat_total_ms=1187.0 err=None
2026-02-26 13:47:51,641 | INFO | [4081/4500 |  90.7% | 0.05 it/s] model=ollama-qwen-latest task=seds_f4_C2_r20_011 family=family4_codegen rep=0 lat_total_ms=2668.7 err=None
2026-02-26 13:48:11,421 | INFO | [4091/4500 |  90.9% | 0.05 it/s] model=ollama-qwen-latest task=seds_f4_C2_r20_014 family=family4_codegen rep=1 lat_total_ms=2011.2 err=None
2026-02-26 13:48:27,077 | INFO | [4101/4500 |  91.1% | 0.05 it/s] model=ollama-qwen-latest task=seds_f4_C2_r20_017 family=family4_codegen rep=2 lat_total_ms=437.1 err=None
2026-02-26 13:48:57,249 | INFO | [4111/4500 |  91.4% | 0.05 it/s] model=ollama-qwen-latest task=seds_f4_C2_r20_021 family=family4_codegen rep=0 lat_total_ms=3152.8 err=None
2026-02-26 13:49:19,423 | INFO | [4121/4500 |  91.6% | 0.05 it/s] model=ollama-qwen-latest task=seds_f4_C2_r20_024 family=family4_codegen rep=1 lat_total_ms=1784.2 err=None
2026-02-26 13:49:42,748 | INFO | [4131/4500 |  91.8% | 0.05 it/s] model=ollama-qwen-latest task=seds_f4_C2_r20_027 family=family4_codegen rep=2 lat_total_ms=3672.1 err=None
2026-02-26 13:50:12,256 | INFO | [4141/4500 |  92.0% | 0.05 it/s] model=ollama-qwen-latest task=seds_f4_C2_r100_001 family=family4_codegen rep=0 lat_total_ms=12930.6 err=None
2026-02-26 13:51:44,862 | INFO | [4151/4500 |  92.2% | 0.05 it/s] model=ollama-qwen-latest task=seds_f4_C2_r100_004 family=family4_codegen rep=1 lat_total_ms=8761.4 err=None
2026-02-26 13:53:17,831 | INFO | [4161/4500 |  92.5% | 0.05 it/s] model=ollama-qwen-latest task=seds_f4_C2_r100_007 family=family4_codegen rep=2 lat_total_ms=8772.6 err=None
2026-02-26 13:54:58,392 | INFO | [4171/4500 |  92.7% | 0.05 it/s] model=ollama-qwen-latest task=seds_f4_C2_r100_011 family=family4_codegen rep=0 lat_total_ms=12137.8 err=None
2026-02-26 13:56:31,358 | INFO | [4181/4500 |  92.9% | 0.05 it/s] model=ollama-qwen-latest task=seds_f4_C2_r100_014 family=family4_codegen rep=1 lat_total_ms=8750.7 err=None
2026-02-26 13:58:00,798 | INFO | [4191/4500 |  93.1% | 0.05 it/s] model=ollama-qwen-latest task=seds_f4_C2_r100_017 family=family4_codegen rep=2 lat_total_ms=6757.9 err=None
2026-02-26 13:59:46,381 | INFO | [4201/4500 |  93.4% | 0.05 it/s] model=ollama-qwen-latest task=seds_f4_C2_r100_021 family=family4_codegen rep=0 lat_total_ms=13084.2 err=None
2026-02-26 14:01:24,366 | INFO | [4211/4500 |  93.6% | 0.05 it/s] model=ollama-qwen-latest task=seds_f4_C2_r100_024 family=family4_codegen rep=1 lat_total_ms=8826.7 err=None
2026-02-26 14:02:58,665 | INFO | [4221/4500 |  93.8% | 0.05 it/s] model=ollama-qwen-latest task=seds_f4_C2_r100_027 family=family4_codegen rep=2 lat_total_ms=8922.3 err=None
2026-02-26 14:05:01,105 | INFO | [4231/4500 |  94.0% | 0.05 it/s] model=ollama-qwen-latest task=seds_f4_C2_r250_001 family=family4_codegen rep=0 lat_total_ms=25903.9 err=None
2026-02-26 14:07:24,487 | INFO | [4241/4500 |  94.2% | 0.05 it/s] model=ollama-qwen-latest task=seds_f4_C2_r250_004 family=family4_codegen rep=1 lat_total_ms=13435.2 err=None
2026-02-26 14:10:12,368 | INFO | [4251/4500 |  94.5% | 0.05 it/s] model=ollama-qwen-latest task=seds_f4_C2_r250_007 family=family4_codegen rep=2 lat_total_ms=12554.9 err=None
2026-02-26 14:12:31,699 | INFO | [4261/4500 |  94.7% | 0.05 it/s] model=ollama-qwen-latest task=seds_f4_C2_r250_011 family=family4_codegen rep=0 lat_total_ms=24002.7 err=None
2026-02-26 14:15:14,031 | INFO | [4271/4500 |  94.9% | 0.05 it/s] model=ollama-qwen-latest task=seds_f4_C2_r250_014 family=family4_codegen rep=1 lat_total_ms=12844.8 err=None
2026-02-26 14:18:00,280 | INFO | [4281/4500 |  95.1% | 0.05 it/s] model=ollama-qwen-latest task=seds_f4_C2_r250_017 family=family4_codegen rep=2 lat_total_ms=12742.3 err=None
2026-02-26 14:20:54,826 | INFO | [4291/4500 |  95.4% | 0.05 it/s] model=ollama-qwen-latest task=seds_f4_C2_r250_021 family=family4_codegen rep=0 lat_total_ms=24624.9 err=None
2026-02-26 14:23:39,294 | INFO | [4301/4500 |  95.6% | 0.05 it/s] model=ollama-qwen-latest task=seds_f4_C2_r250_024 family=family4_codegen rep=1 lat_total_ms=12710.8 err=None
2026-02-26 14:26:23,005 | INFO | [4311/4500 |  95.8% | 0.05 it/s] model=ollama-qwen-latest task=seds_f4_C2_r250_027 family=family4_codegen rep=2 lat_total_ms=12698.5 err=None
2026-02-26 14:29:21,756 | INFO | [4321/4500 |  96.0% | 0.05 it/s] model=ollama-qwen-latest task=seds_f4_C2_r500_001 family=family4_codegen rep=0 lat_total_ms=30262.4 err=None
2026-02-26 14:31:17,383 | INFO | [4331/4500 |  96.2% | 0.05 it/s] model=ollama-qwen-latest task=seds_f4_C2_r500_004 family=family4_codegen rep=1 lat_total_ms=1427.0 err=None
2026-02-26 14:33:12,455 | INFO | [4341/4500 |  96.5% | 0.05 it/s] model=ollama-qwen-latest task=seds_f4_C2_r500_007 family=family4_codegen rep=2 lat_total_ms=2943.9 err=None
2026-02-26 14:35:53,200 | INFO | [4351/4500 |  96.7% | 0.05 it/s] model=ollama-qwen-latest task=seds_f4_C2_r500_011 family=family4_codegen rep=0 lat_total_ms=34128.9 err=None
2026-02-26 14:37:52,839 | INFO | [4361/4500 |  96.9% | 0.05 it/s] model=ollama-qwen-latest task=seds_f4_C2_r500_014 family=family4_codegen rep=1 lat_total_ms=1275.9 err=None
2026-02-26 14:39:51,752 | INFO | [4371/4500 |  97.1% | 0.05 it/s] model=ollama-qwen-latest task=seds_f4_C2_r500_017 family=family4_codegen rep=2 lat_total_ms=3977.6 err=None
2026-02-26 14:42:25,786 | INFO | [4381/4500 |  97.4% | 0.05 it/s] model=ollama-qwen-latest task=seds_f4_C2_r500_021 family=family4_codegen rep=0 lat_total_ms=33915.8 err=None
2026-02-26 14:44:29,962 | INFO | [4391/4500 |  97.6% | 0.05 it/s] model=ollama-qwen-latest task=seds_f4_C2_r500_024 family=family4_codegen rep=1 lat_total_ms=8212.8 err=None
2026-02-26 14:46:37,943 | INFO | [4401/4500 |  97.8% | 0.05 it/s] model=ollama-qwen-latest task=seds_f4_C2_r500_027 family=family4_codegen rep=2 lat_total_ms=3616.6 err=None
2026-02-26 14:50:37,119 | INFO | [4411/4500 |  98.0% | 0.05 it/s] model=ollama-qwen-latest task=seds_f4_C2_r1000_001 family=family4_codegen rep=0 lat_total_ms=126603.4 err=None
2026-02-26 14:56:52,680 | INFO | [4421/4500 |  98.2% | 0.05 it/s] model=ollama-qwen-latest task=seds_f4_C2_r1000_004 family=family4_codegen rep=1 lat_total_ms=2942.2 err=None
2026-02-26 15:02:34,079 | INFO | [4431/4500 |  98.5% | 0.05 it/s] model=ollama-qwen-latest task=seds_f4_C2_r1000_007 family=family4_codegen rep=2 lat_total_ms=2899.8 err=None
2026-02-26 15:09:01,743 | INFO | [4441/4500 |  98.7% | 0.05 it/s] model=ollama-qwen-latest task=seds_f4_C2_r1000_011 family=family4_codegen rep=0 lat_total_ms=90216.4 err=None
2026-02-26 15:13:59,205 | INFO | [4451/4500 |  98.9% | 0.05 it/s] model=ollama-qwen-latest task=seds_f4_C2_r1000_014 family=family4_codegen rep=1 lat_total_ms=2639.6 err=None
2026-02-26 15:18:51,981 | INFO | [4461/4500 |  99.1% | 0.05 it/s] model=ollama-qwen-latest task=seds_f4_C2_r1000_017 family=family4_codegen rep=2 lat_total_ms=2623.9 err=None
2026-02-26 15:25:12,484 | INFO | [4471/4500 |  99.4% | 0.05 it/s] model=ollama-qwen-latest task=seds_f4_C2_r1000_021 family=family4_codegen rep=0 lat_total_ms=89655.3 err=None
2026-02-26 15:30:06,328 | INFO | [4481/4500 |  99.6% | 0.05 it/s] model=ollama-qwen-latest task=seds_f4_C2_r1000_024 family=family4_codegen rep=1 lat_total_ms=2668.6 err=None
2026-02-26 15:34:56,390 | INFO | [4491/4500 |  99.8% | 0.05 it/s] model=ollama-qwen-latest task=seds_f4_C2_r1000_027 family=family4_codegen rep=2 lat_total_ms=2769.6 err=None
